# Blender v3.3.1 OBJ File: 'box-with-sticker-001.blend'
# www.blender.org
mtllib box-with-sticker-001.mtl
o box
v -0.073560 0.152262 0.073000
v -0.073560 0.152262 -0.073000
v -0.073560 0.150262 0.073000
v -0.073560 0.150262 -0.073000
v 0.070833 0.000000 -0.073000
v 0.071833 0.001000 -0.073000
v 0.071833 0.001000 0.073000
v 0.070833 -0.000000 0.073000
v 0.070415 0.002414 0.073000
v 0.069419 0.001414 0.073000
v 0.070415 0.002414 -0.073000
v 0.069419 0.001414 -0.073000
v -0.075419 0.152262 0.074859
v -0.075560 0.152062 0.075000
v -0.075560 0.152062 -0.075000
v -0.075419 0.152262 -0.074859
v -0.075560 0.150462 0.075000
v -0.075419 0.150262 0.074859
v -0.075419 0.150262 -0.074859
v -0.075560 0.150462 -0.075000
v 0.070692 0.000141 -0.075000
v 0.070833 0.000000 -0.074800
v 0.071833 0.001000 -0.074800
v 0.071692 0.001141 -0.075000
v 0.071692 0.001141 0.075000
v 0.071833 0.001000 0.074800
v 0.070833 -0.000000 0.074800
v 0.070692 0.000141 0.075000
v 0.070415 0.002414 0.074800
v 0.070557 0.002273 0.075000
v 0.069560 0.001273 0.075000
v 0.069419 0.001414 0.074800
v 0.070557 0.002273 -0.075000
v 0.070415 0.002414 -0.074800
v 0.069560 0.001273 -0.075000
v 0.069419 0.001414 -0.074800
v 0.071822 0.001011 -0.074877
v 0.071792 0.001041 -0.074941
v 0.071746 0.001087 -0.074985
v 0.070502 0.002327 -0.074985
v 0.070457 0.002373 -0.074941
v 0.070426 0.002403 -0.074877
v 0.070502 0.002327 0.074985
v 0.070457 0.002373 0.074941
v 0.070426 0.002403 0.074877
v 0.071822 0.001011 0.074877
v 0.071792 0.001041 0.074941
v 0.071746 0.001087 0.074985
v 0.070746 0.000087 0.074985
v 0.070792 0.000041 0.074941
v 0.070822 0.000011 0.074877
v 0.069430 0.001403 0.074877
v 0.069460 0.001373 0.074941
v 0.069506 0.001327 0.074985
v -0.075550 0.152139 0.074989
v -0.075519 0.152204 0.074959
v -0.075473 0.152247 0.074913
v -0.075473 0.150277 0.074913
v -0.075519 0.150321 0.074959
v -0.075550 0.150386 0.074989
v -0.075550 0.152139 -0.074989
v -0.075519 0.152204 -0.074959
v -0.075473 0.152247 -0.074913
v -0.075473 0.150277 -0.074913
v -0.075519 0.150321 -0.074959
v -0.075550 0.150386 -0.074989
v 0.070746 0.000087 -0.074985
v 0.070792 0.000041 -0.074941
v 0.070822 0.000011 -0.074877
v 0.069430 0.001403 -0.074877
v 0.069460 0.001373 -0.074941
v 0.069506 0.001327 -0.074985
v 0.070126 0.000707 0.075000
v 0.071124 0.001707 0.075000
v 0.071124 0.001707 -0.075000
v 0.070126 0.000707 -0.075000
v -0.075560 0.151262 0.075000
v -0.075560 0.151262 -0.075000
v -0.077167 -0.000000 0.046233
v -0.077167 -0.000000 0.023117
v -0.077167 0.000000 0.000000
v -0.077167 0.000000 -0.023117
v -0.077167 0.000000 -0.046233
v 0.070420 0.147990 -0.046233
v 0.070420 0.147990 -0.023117
v 0.070420 0.147990 0.000000
v 0.070420 0.147990 0.023117
v 0.070420 0.147990 0.046233
v 0.072412 0.147990 0.046233
v 0.072412 0.147990 0.023117
v 0.072412 0.147990 0.000000
v 0.072412 0.147990 -0.023117
v 0.072412 0.147990 -0.046233
v 0.070140 0.152262 -0.046233
v 0.070140 0.152262 -0.023117
v 0.070140 0.152262 0.000000
v 0.070140 0.152262 0.023117
v 0.070140 0.152262 0.046233
v 0.070140 0.150262 0.046233
v 0.070140 0.150262 0.023117
v 0.070140 0.150262 0.000000
v 0.070140 0.150262 -0.023117
v 0.070140 0.150262 -0.046233
v -0.069860 0.152262 -0.046233
v -0.078463 0.077499 0.069350
v -0.078364 0.053241 0.069350
v -0.078266 0.028983 0.069350
v -0.078266 0.028983 -0.069350
v -0.078364 0.053241 -0.069350
v -0.078463 0.077499 -0.069350
v -0.078562 0.101757 -0.069350
v -0.078661 0.126014 -0.069350
v -0.076762 0.126244 -0.069350
v -0.076756 0.102216 -0.069350
v -0.076751 0.078188 -0.069350
v -0.076745 0.054160 -0.069350
v -0.076740 0.030132 -0.069350
v -0.077711 0.126129 -0.075000
v -0.077659 0.101986 -0.075000
v -0.077607 0.077843 -0.075000
v -0.077555 0.053700 -0.075000
v -0.077503 0.029557 -0.075000
v -0.077503 0.029557 0.075000
v -0.077555 0.053700 0.075000
v -0.077607 0.077843 0.075000
v -0.077659 0.101986 0.075000
v -0.077711 0.126129 0.075000
v -0.078113 0.029098 -0.075000
v -0.078203 0.053333 -0.075000
v -0.078292 0.077567 -0.075000
v -0.078381 0.101802 -0.075000
v -0.078471 0.126037 -0.075000
v -0.078171 0.029054 -0.074985
v -0.078264 0.053297 -0.074985
v -0.078357 0.077541 -0.074985
v -0.078450 0.101785 -0.074985
v -0.078543 0.126029 -0.074985
v -0.078221 0.029016 -0.074941
v -0.078317 0.053268 -0.074941
v -0.078413 0.077519 -0.074941
v -0.078509 0.101770 -0.074941
v -0.078605 0.126021 -0.074941
v -0.078254 0.028992 -0.074877
v -0.078352 0.053248 -0.074877
v -0.078450 0.077504 -0.074877
v -0.078548 0.101760 -0.074877
v -0.078646 0.126016 -0.074877
v -0.078661 0.126014 0.074800
v -0.078562 0.101756 0.074800
v -0.078463 0.077499 0.074800
v -0.078364 0.053241 0.074800
v -0.078266 0.028983 0.074800
v -0.078266 0.028983 0.073000
v -0.078364 0.053241 0.073000
v -0.078463 0.077499 0.073000
v -0.078562 0.101756 0.073000
v -0.078661 0.126014 0.073000
v -0.078661 0.126014 -0.073000
v -0.078562 0.101757 -0.073000
v -0.078463 0.077499 -0.073000
v -0.078364 0.053241 -0.073000
v -0.072123 0.001414 -0.046233
v -0.072123 0.001414 -0.023117
v -0.072123 0.001414 -0.000000
v -0.072123 0.001414 0.023117
v -0.072123 0.001414 0.046233
v -0.073467 -0.000000 0.046233
v -0.073467 -0.000000 0.023117
v -0.073467 0.000000 0.000000
v -0.073467 0.000000 -0.023117
v -0.073467 0.000000 -0.046233
v 0.068624 0.153543 0.047500
v 0.068624 0.153543 0.023750
v 0.068624 0.153543 0.000000
v 0.068624 0.153543 -0.023750
v 0.068624 0.153543 -0.047500
v 0.068618 0.152743 0.047500
v 0.068618 0.152743 0.023750
v 0.068618 0.152743 0.000000
v 0.068618 0.152743 -0.023750
v 0.068618 0.152743 -0.047500
v 0.068607 0.152666 0.047493
v 0.068607 0.152666 0.023747
v 0.068607 0.152666 0.000000
v 0.068607 0.152666 -0.023747
v 0.068607 0.152666 -0.047493
v 0.068576 0.152602 0.047474
v 0.068576 0.152602 0.023737
v 0.068576 0.152602 0.000000
v 0.068576 0.152602 -0.023737
v 0.068576 0.152602 -0.047474
v 0.068530 0.152559 0.047445
v 0.068530 0.152559 0.023722
v 0.068530 0.152559 0.000000
v 0.068530 0.152559 -0.023722
v 0.068530 0.152559 -0.047445
v 0.068629 0.154343 -0.047500
v -0.048567 0.003414 -0.069170
v -0.048567 0.003414 0.070800
v -0.025867 0.003414 0.070800
v -0.003167 0.003414 0.070800
v 0.019534 0.003414 0.070800
v 0.042234 0.003414 0.070800
v 0.042234 0.003414 -0.070800
v 0.019534 0.003414 -0.070800
v -0.003167 0.003414 -0.070800
v -0.025867 0.003414 -0.070800
v -0.048567 0.003414 -0.070800
v 0.042234 0.007079 0.072800
v 0.019534 0.007079 0.072800
v -0.003167 0.007079 0.072800
v -0.025867 0.007079 0.072800
v -0.048567 0.007079 0.072800
v -0.048567 0.007079 -0.072800
v -0.025867 0.007079 -0.072800
v -0.003167 0.007079 -0.072800
v 0.019534 0.007079 -0.072800
v 0.042234 0.007079 -0.072800
v 0.043433 0.149700 -0.074800
v 0.020133 0.149700 -0.074800
v -0.003167 0.149700 -0.074800
v -0.026467 0.149700 -0.074800
v -0.049767 0.149700 -0.074800
v 0.042234 0.003414 -0.023057
v 0.019534 0.003414 -0.023057
v -0.003167 0.003414 -0.023057
v -0.025867 0.003414 -0.023057
v -0.048567 0.003414 -0.023057
v -0.049767 0.149700 0.074800
v -0.026467 0.149700 0.074800
v -0.003167 0.149700 0.074800
v 0.020133 0.149700 0.074800
v 0.043433 0.149700 0.074800
v 0.042234 0.003414 0.023057
v 0.019534 0.003414 0.023057
v -0.003167 0.003414 0.023057
v -0.025867 0.003414 0.023057
v -0.048567 0.003414 0.023057
v 0.042234 0.003414 -0.046113
v 0.019534 0.003414 -0.046113
v -0.003167 0.003414 -0.046113
v -0.025867 0.003414 -0.046113
v -0.048567 0.003414 -0.046113
v 0.042368 0.150000 -0.073023
v 0.019600 0.150000 -0.073023
v -0.003167 0.150000 -0.073023
v -0.025934 0.150000 -0.073023
v -0.048701 0.150000 -0.073023
v 0.042834 0.150000 -0.073800
v 0.019834 0.150000 -0.073800
v -0.003167 0.150000 -0.073800
v -0.026167 0.150000 -0.073800
v -0.049167 0.150000 -0.073800
v -0.049634 0.150000 -0.074577
v -0.026400 0.150000 -0.074577
v -0.003167 0.150000 -0.074577
v 0.020067 0.150000 -0.074577
v 0.045117 0.152262 -0.069350
v 0.022122 0.152262 -0.069350
v -0.000874 0.152262 -0.069350
v -0.023869 0.152262 -0.069350
v -0.046865 0.152262 -0.069350
v 0.045117 0.150262 -0.073000
v 0.022122 0.150262 -0.073000
v -0.000874 0.150262 -0.073000
v -0.023869 0.150262 -0.073000
v -0.046865 0.150262 -0.073000
v 0.045117 0.152262 0.073000
v 0.022122 0.152262 0.073000
v -0.000874 0.152262 0.073000
v -0.023869 0.152262 0.073000
v -0.046865 0.152262 0.073000
v 0.045117 0.150262 0.069350
v 0.022122 0.150262 0.069350
v -0.000874 0.150262 0.069350
v -0.023869 0.150262 0.069350
v -0.046865 0.150262 0.069350
v -0.046865 0.150262 -0.046233
v -0.023869 0.150262 -0.046233
v -0.000874 0.150262 -0.046233
v 0.022122 0.150262 -0.046233
v 0.045117 0.150262 -0.046233
v -0.048375 0.152262 0.074848
v -0.025077 0.152262 0.074839
v -0.001780 0.152262 0.074830
v 0.021518 0.152262 0.074821
v 0.044815 0.152262 0.074812
v -0.048481 0.152139 -0.074988
v -0.025162 0.152139 -0.074988
v -0.001844 0.152139 -0.074987
v 0.021475 0.152139 -0.074986
v 0.044794 0.152139 -0.074986
v -0.048456 0.152204 -0.074955
v -0.025142 0.152204 -0.074953
v -0.001829 0.152204 -0.074950
v 0.021485 0.152204 -0.074947
v 0.044799 0.152204 -0.074945
v -0.048419 0.152247 -0.074906
v -0.025113 0.152247 -0.074901
v -0.001806 0.152247 -0.074895
v 0.021500 0.152247 -0.074889
v 0.044806 0.152247 -0.074884
v -0.048375 0.150262 -0.074848
v -0.025077 0.150262 -0.074839
v -0.001780 0.150262 -0.074830
v 0.021518 0.150262 -0.074821
v 0.044815 0.150262 -0.074811
v -0.048419 0.150277 -0.074906
v -0.025113 0.150277 -0.074901
v -0.001806 0.150277 -0.074895
v 0.021500 0.150277 -0.074889
v 0.044806 0.150277 -0.074884
v -0.048456 0.150321 -0.074955
v -0.025142 0.150321 -0.074953
v -0.001829 0.150321 -0.074950
v 0.021485 0.150321 -0.074947
v 0.044799 0.150321 -0.074945
v -0.048481 0.150386 -0.074988
v -0.025162 0.150386 -0.074988
v -0.001844 0.150386 -0.074987
v 0.021475 0.150386 -0.074986
v 0.044794 0.150386 -0.074986
v -0.048490 0.150462 -0.075000
v -0.025169 0.150462 -0.075000
v -0.001849 0.150462 -0.075000
v 0.021472 0.150462 -0.075000
v 0.044792 0.150462 -0.075000
v -0.048490 0.151262 -0.075000
v -0.025169 0.151262 -0.075000
v -0.001849 0.151262 -0.075000
v 0.021472 0.151262 -0.075000
v 0.044792 0.151262 -0.075000
v -0.048490 0.152062 0.075000
v -0.025169 0.152062 0.075000
v -0.001849 0.152062 0.075000
v -0.078266 0.028983 -0.073000
v -0.078266 0.028983 -0.074800
v -0.078364 0.053241 -0.074800
v -0.078463 0.077499 -0.074800
v -0.078562 0.101757 -0.074800
v -0.078661 0.126014 -0.074800
v -0.076762 0.126244 -0.074800
v -0.076756 0.102216 -0.074800
v -0.076751 0.078188 -0.074800
v -0.076745 0.054160 -0.074800
v -0.076740 0.030132 -0.074800
v -0.076740 0.030132 -0.073000
v -0.076745 0.054160 -0.073000
v -0.076751 0.078188 -0.073000
v -0.076756 0.102216 -0.073000
v -0.076762 0.126244 -0.073000
v -0.076762 0.126244 0.073000
v -0.076756 0.102216 0.073000
v 0.065790 0.001414 0.073000
v 0.065790 0.001414 0.074800
v 0.065790 0.001414 -0.074800
v 0.065790 0.001414 -0.073000
v 0.067133 0.000000 -0.073000
v 0.067133 0.000000 -0.074800
v 0.067133 -0.000000 0.074800
v 0.067133 -0.000000 0.073000
v 0.066999 0.000141 0.075000
v 0.067050 0.000087 0.074985
v 0.067094 0.000041 0.074941
v 0.067123 0.000011 0.074877
v 0.065800 0.001403 0.074877
v 0.065829 0.001373 0.074941
v 0.065873 0.001327 0.074985
v 0.065924 0.001273 0.075000
v 0.067050 0.000087 -0.074985
v 0.066999 0.000141 -0.075000
v 0.067094 0.000041 -0.074941
v 0.067123 0.000011 -0.074877
v 0.065800 0.001403 -0.074877
v 0.065829 0.001373 -0.074941
v 0.065873 0.001327 -0.074985
v 0.065924 0.001273 -0.075000
v 0.066461 0.000707 -0.075000
v 0.066461 0.000707 0.075000
v -0.076751 0.078188 0.073000
v -0.076745 0.054160 0.073000
v -0.076740 0.030132 0.073000
v -0.076740 0.030132 0.074800
v -0.076745 0.054160 0.074800
v -0.076751 0.078188 0.074800
v 0.070979 0.006104 0.073000
v 0.070979 0.006104 0.074800
v 0.070979 0.006104 -0.074800
v 0.070979 0.006104 -0.073000
v 0.072412 0.004725 -0.073000
v 0.072412 0.004725 -0.074800
v 0.072412 0.004725 0.074800
v 0.072412 0.004725 0.073000
v 0.072401 0.004735 -0.074877
v 0.072370 0.004765 -0.074941
v 0.072324 0.004810 -0.074985
v 0.072269 0.004863 -0.075000
v 0.071122 0.005966 -0.075000
v 0.071068 0.006019 -0.074985
v 0.071021 0.006064 -0.074941
v 0.070990 0.006093 -0.074877
v 0.071068 0.006019 0.074985
v 0.071122 0.005966 0.075000
v 0.071021 0.006064 0.074941
v 0.070990 0.006093 0.074877
v 0.072401 0.004735 0.074877
v 0.072370 0.004765 0.074941
v 0.072324 0.004810 0.074985
v 0.072269 0.004863 0.075000
v 0.071696 0.005414 0.075000
v 0.071696 0.005414 -0.075000
v -0.076756 0.102216 0.074800
v -0.076762 0.126244 0.074800
v -0.078266 0.028983 0.023117
v -0.078364 0.053241 0.023117
v -0.078463 0.077499 0.023117
v -0.078562 0.101756 0.023117
v 0.070833 0.000000 -0.069350
v 0.071833 0.001000 -0.069350
v 0.070415 0.002414 -0.069350
v 0.069419 0.001414 -0.069350
v -0.075419 0.150262 -0.071116
v -0.073560 0.150262 -0.069350
v -0.073560 0.152262 -0.069350
v -0.075419 0.152262 -0.071116
v -0.075473 0.152247 -0.071167
v -0.075519 0.152204 -0.071211
v -0.075550 0.152139 -0.071240
v -0.075560 0.152062 -0.071250
v -0.075473 0.150277 -0.071167
v -0.075519 0.150321 -0.071211
v -0.075550 0.150386 -0.071240
v -0.075560 0.150462 -0.071250
v -0.075560 0.151262 -0.071250
v -0.069860 0.152262 -0.023117
v -0.069860 0.152262 0.000000
v 0.043300 0.150000 -0.074577
v 0.042234 0.003414 -0.000000
v 0.019534 0.003414 -0.000000
v -0.003167 0.003414 -0.000000
v -0.025867 0.003414 -0.000000
v -0.048567 0.003414 -0.000000
v 0.021472 0.152062 0.075000
v 0.044792 0.152062 0.075000
v -0.046865 0.152262 -0.073000
v -0.023869 0.152262 -0.073000
v -0.000874 0.152262 -0.073000
v 0.022122 0.152262 -0.073000
v 0.067133 0.000000 -0.069350
v 0.065790 0.001414 -0.069350
v 0.070979 0.006104 -0.069350
v 0.072412 0.004725 -0.069350
v 0.071833 0.001000 0.069350
v 0.070833 -0.000000 0.069350
v 0.069419 0.001414 0.069350
v 0.070415 0.002414 0.069350
v -0.073560 0.150262 0.069350
v -0.075419 0.150262 0.071116
v -0.075419 0.152262 0.071116
v -0.073560 0.152262 0.069350
v -0.075473 0.152247 0.071167
v -0.075519 0.152204 0.071211
v -0.075550 0.152139 0.071240
v -0.075560 0.152062 0.071250
v -0.075473 0.150277 0.071167
v -0.075519 0.150321 0.071211
v -0.075550 0.150386 0.071240
v -0.075560 0.150462 0.071250
v -0.075560 0.151262 0.071250
v -0.069860 0.152262 0.023117
v -0.069860 0.152262 0.046233
v -0.048701 0.150000 0.073023
v -0.025934 0.150000 0.073023
v -0.003167 0.150000 0.073023
v 0.019600 0.150000 0.073023
v 0.042368 0.150000 0.073023
v -0.049167 0.150000 0.073800
v 0.045117 0.152262 -0.073000
v -0.046865 0.150262 -0.069350
v -0.023869 0.150262 -0.069350
v -0.000874 0.150262 -0.069350
v 0.022122 0.150262 -0.069350
v 0.045117 0.150262 -0.069350
v 0.067133 -0.000000 0.069350
v 0.065790 0.001414 0.069350
v 0.070979 0.006104 0.069350
v 0.072412 0.004725 0.069350
v -0.069860 0.150262 0.073000
v -0.071672 0.150262 0.074857
v -0.071672 0.150262 -0.074857
v -0.069860 0.150262 -0.073000
v -0.071672 0.152262 0.074857
v -0.069860 0.152262 0.073000
v -0.069860 0.152262 -0.073000
v -0.071672 0.152262 -0.074857
v -0.071810 0.152062 0.075000
v -0.071800 0.152139 0.074989
v -0.071770 0.152204 0.074958
v -0.071725 0.152247 0.074912
v -0.071725 0.150277 0.074912
v -0.071770 0.150321 0.074958
v -0.071800 0.150386 0.074989
v -0.071810 0.150462 0.075000
v -0.071800 0.152139 -0.074989
v -0.071810 0.152062 -0.075000
v -0.071770 0.152204 -0.074958
v -0.071725 0.152247 -0.074912
v -0.071725 0.150277 -0.074912
v -0.071770 0.150321 -0.074958
v -0.071800 0.150386 -0.074989
v -0.071810 0.150462 -0.075000
v -0.071810 0.151262 -0.075000
v -0.071810 0.151262 0.075000
v -0.078661 0.126014 0.023117
v -0.078266 0.028983 -0.046233
v -0.078364 0.053241 -0.046233
v -0.078463 0.077499 -0.046233
v -0.078562 0.101757 -0.046233
v -0.078661 0.126014 -0.046233
v -0.069860 0.152262 -0.069350
v -0.069860 0.150262 -0.069350
v -0.069860 0.152262 0.069350
v -0.069860 0.150262 0.069350
v -0.069860 0.150262 0.046233
v -0.069860 0.150262 0.023117
v -0.069860 0.150262 0.000000
v -0.069860 0.150262 -0.023117
v -0.069860 0.150262 -0.046233
v 0.072412 0.004725 -0.046233
v 0.072412 0.004725 -0.023117
v 0.072412 0.004725 -0.000000
v 0.072412 0.004725 0.023117
v 0.072412 0.004725 0.046233
v 0.070979 0.006104 0.046233
v 0.070979 0.006104 0.023117
v 0.070979 0.006104 0.000000
v 0.070979 0.006104 -0.023117
v 0.070979 0.006104 -0.046233
v 0.065790 0.001414 0.046233
v 0.065790 0.001414 0.023117
v 0.065790 0.001414 0.000000
v 0.065790 0.001414 -0.023117
v 0.065790 0.001414 -0.046233
v 0.067133 0.000000 -0.046233
v 0.067133 0.000000 -0.023117
v 0.067133 0.000000 -0.000000
v 0.067133 -0.000000 0.023117
v 0.067133 -0.000000 0.046233
v -0.046865 0.152262 0.069350
v -0.078266 0.028983 0.046233
v -0.078364 0.053241 0.046233
v -0.078463 0.077499 0.046233
v -0.078562 0.101756 0.046233
v -0.078661 0.126014 0.046233
v -0.076834 0.030061 -0.074985
v -0.023869 0.152262 0.069350
v -0.000874 0.152262 0.069350
v 0.022122 0.152262 0.069350
v 0.045117 0.152262 0.069350
v 0.066631 0.154557 0.073000
v 0.066631 0.154557 -0.073000
v 0.066617 0.152557 0.073000
v 0.066617 0.152557 -0.073000
v -0.077167 0.000000 -0.073000
v -0.078167 0.001000 -0.073000
v -0.078167 0.001000 0.073000
v -0.077167 -0.000000 0.073000
v -0.076749 0.002414 0.073000
v -0.075753 0.001414 0.073000
v -0.076749 0.002414 -0.073000
v -0.075753 0.001414 -0.073000
v 0.068489 0.154544 0.074859
v 0.068629 0.154343 0.075000
v 0.068629 0.154343 -0.075000
v 0.068489 0.154544 -0.074859
v 0.068618 0.152743 0.075000
v 0.068475 0.152544 0.074859
v 0.068475 0.152544 -0.074859
v 0.068618 0.152743 -0.075000
v -0.077025 0.000141 -0.075000
v -0.077167 0.000000 -0.074800
v -0.078167 0.001000 -0.074800
v -0.078025 0.001141 -0.075000
v -0.078025 0.001141 0.075000
v -0.078167 0.001000 0.074800
v -0.077167 -0.000000 0.074800
v -0.077025 0.000141 0.075000
v -0.076749 0.002414 0.074800
v -0.076890 0.002273 0.075000
v -0.075894 0.001273 0.075000
v -0.075753 0.001414 0.074800
v -0.076890 0.002273 -0.075000
v -0.076749 0.002414 -0.074800
v -0.075894 0.001273 -0.075000
v -0.075753 0.001414 -0.074800
v -0.078156 0.001011 -0.074877
v -0.078125 0.001041 -0.074941
v -0.078079 0.001087 -0.074985
v -0.076836 0.002327 -0.074985
v -0.076790 0.002373 -0.074941
v -0.076759 0.002403 -0.074877
v -0.076836 0.002327 0.074985
v -0.076790 0.002373 0.074941
v -0.076759 0.002403 0.074877
v -0.078156 0.001011 0.074877
v -0.078125 0.001041 0.074941
v -0.078079 0.001087 0.074985
v -0.077079 0.000087 0.074985
v -0.077125 0.000041 0.074941
v -0.077156 0.000011 0.074877
v -0.075763 0.001403 0.074877
v -0.075794 0.001373 0.074941
v -0.075840 0.001327 0.074985
v 0.068619 0.154419 0.074989
v 0.068589 0.154484 0.074959
v 0.068543 0.154528 0.074913
v 0.068530 0.152558 0.074913
v 0.068576 0.152602 0.074959
v 0.068607 0.152666 0.074989
v 0.068619 0.154419 -0.074989
v 0.068589 0.154484 -0.074959
v 0.068543 0.154528 -0.074913
v 0.068530 0.152559 -0.074913
v 0.068576 0.152602 -0.074959
v 0.068607 0.152666 -0.074989
v -0.077079 0.000087 -0.074985
v -0.077125 0.000041 -0.074941
v -0.077156 0.000011 -0.074877
v -0.075763 0.001403 -0.074877
v -0.075794 0.001373 -0.074941
v -0.075840 0.001327 -0.074985
v -0.076460 0.000707 0.075000
v -0.077458 0.001707 0.075000
v -0.077458 0.001707 -0.075000
v -0.076460 0.000707 -0.075000
v 0.068624 0.153543 0.075000
v 0.068624 0.153543 -0.075000
v -0.046865 0.150262 0.073000
v -0.023869 0.150262 0.073000
v -0.000874 0.150262 0.073000
v 0.022122 0.150262 0.073000
v 0.045117 0.150262 0.073000
v -0.046865 0.150262 0.000000
v -0.023869 0.150262 0.000000
v -0.000874 0.150262 0.000000
v 0.022122 0.150262 0.000000
v 0.045117 0.150262 0.000000
v -0.046865 0.150262 0.046233
v -0.023869 0.150262 0.046233
v -0.000874 0.150262 0.046233
v 0.022122 0.150262 0.046233
v 0.045117 0.150262 0.046233
v -0.046865 0.150262 -0.023117
v -0.023869 0.150262 -0.023117
v -0.000874 0.150262 -0.023117
v 0.022122 0.150262 -0.023117
v 0.045117 0.150262 -0.023117
v -0.046865 0.150262 0.023117
v -0.023869 0.150262 0.023117
v -0.000874 0.150262 0.023117
v 0.022122 0.150262 0.023117
v 0.045117 0.150262 0.023117
v -0.075560 0.151262 -0.047500
v -0.076845 0.054103 -0.074985
v -0.076856 0.078146 -0.074985
v -0.076868 0.102188 -0.074985
v -0.076879 0.126230 -0.074985
v -0.076952 0.126221 -0.075000
v -0.076937 0.102170 -0.075000
v -0.076922 0.078119 -0.075000
v -0.076907 0.054068 -0.075000
v -0.076892 0.030017 -0.075000
v -0.076784 0.030098 -0.074941
v -0.076793 0.054133 -0.074941
v -0.076801 0.078168 -0.074941
v -0.076809 0.102203 -0.074941
v -0.076817 0.126237 -0.074941
v -0.076751 0.030123 -0.074877
v -0.076757 0.054153 -0.074877
v -0.076764 0.078183 -0.074877
v -0.076770 0.102213 -0.074877
v -0.076776 0.126242 -0.074877
v -0.076892 0.030017 0.075000
v -0.076907 0.054068 0.075000
v -0.076922 0.078119 0.075000
v -0.076937 0.102170 0.075000
v -0.076952 0.126221 0.075000
v -0.076879 0.126230 0.074985
v -0.076868 0.102188 0.074985
v -0.076856 0.078146 0.074985
v -0.076845 0.054103 0.074985
v -0.076834 0.030061 0.074985
v -0.076817 0.126237 0.074941
v -0.076809 0.102203 0.074941
v -0.076801 0.078168 0.074941
v -0.076793 0.054133 0.074941
v -0.076784 0.030098 0.074941
v -0.076776 0.126242 0.074877
v -0.076770 0.102213 0.074877
v -0.076764 0.078183 0.074877
v -0.076757 0.054153 0.074877
v -0.076751 0.030123 0.074877
v -0.078646 0.126016 0.074877
v -0.078548 0.101760 0.074877
v -0.078450 0.077504 0.074877
v -0.078352 0.053248 0.074877
v -0.078254 0.028992 0.074877
v -0.078605 0.126021 0.074941
v -0.078509 0.101770 0.074941
v -0.078413 0.077519 0.074941
v -0.078317 0.053268 0.074941
v -0.078221 0.029016 0.074941
v -0.078543 0.126029 0.074985
v -0.078450 0.101785 0.074985
v -0.078357 0.077541 0.074985
v -0.078264 0.053297 0.074985
v -0.078171 0.029054 0.074985
v -0.078471 0.126037 0.075000
v -0.078381 0.101802 0.075000
v -0.078292 0.077567 0.075000
v -0.072123 0.001414 0.073000
v -0.072123 0.001414 0.074800
v -0.072123 0.001414 -0.074800
v -0.072123 0.001414 -0.073000
v -0.073467 0.000000 -0.073000
v -0.073467 0.000000 -0.074800
v -0.073467 -0.000000 0.074800
v -0.073467 -0.000000 0.073000
v -0.073332 0.000141 0.075000
v -0.073384 0.000087 0.074985
v -0.073427 0.000041 0.074941
v -0.073457 0.000011 0.074877
v -0.072134 0.001403 0.074877
v -0.072163 0.001373 0.074941
v -0.072206 0.001327 0.074985
v -0.072258 0.001273 0.075000
v -0.073384 0.000087 -0.074985
v -0.073332 0.000141 -0.075000
v -0.073427 0.000041 -0.074941
v -0.073457 0.000011 -0.074877
v -0.072134 0.001403 -0.074877
v -0.072163 0.001373 -0.074941
v -0.072206 0.001327 -0.074985
v -0.072258 0.001273 -0.075000
v -0.072795 0.000707 -0.075000
v -0.072795 0.000707 0.075000
v -0.078203 0.053333 0.075000
v -0.078113 0.029098 0.075000
v -0.078266 0.028983 0.000000
v -0.078364 0.053241 0.000000
v -0.078463 0.077499 0.000000
v -0.078562 0.101757 0.000000
v -0.076734 0.006104 0.073000
v -0.076734 0.006104 0.074800
v -0.076734 0.006104 -0.074800
v -0.076734 0.006104 -0.073000
v -0.078167 0.004725 -0.073000
v -0.078167 0.004725 -0.074800
v -0.078167 0.004725 0.074800
v -0.078167 0.004725 0.073000
v -0.078156 0.004735 -0.074877
v -0.078125 0.004765 -0.074941
v -0.078078 0.004810 -0.074985
v -0.078024 0.004863 -0.075000
v -0.076877 0.005966 -0.075000
v -0.076822 0.006019 -0.074985
v -0.076776 0.006064 -0.074941
v -0.076745 0.006093 -0.074877
v -0.076822 0.006019 0.074985
v -0.076877 0.005966 0.075000
v -0.076776 0.006064 0.074941
v -0.076745 0.006093 0.074877
v -0.078156 0.004735 0.074877
v -0.078125 0.004765 0.074941
v -0.078078 0.004810 0.074985
v -0.078024 0.004863 0.075000
v -0.077450 0.005414 0.075000
v -0.077450 0.005414 -0.075000
v -0.078661 0.126014 0.000000
v -0.078266 0.028983 -0.023117
v -0.078364 0.053241 -0.023117
v -0.078463 0.077499 -0.023117
v -0.078562 0.101757 -0.023117
v -0.078661 0.126014 -0.023117
v -0.077167 0.000000 -0.069350
v -0.078167 0.001000 -0.069350
v -0.076749 0.002414 -0.069350
v -0.075753 0.001414 -0.069350
v 0.068475 0.152544 -0.071116
v 0.066617 0.152557 -0.069350
v 0.066631 0.154557 -0.069350
v 0.068489 0.154544 -0.071116
v 0.068543 0.154528 -0.071167
v 0.068589 0.154484 -0.071211
v 0.068619 0.154419 -0.071240
v 0.068629 0.154343 -0.071250
v 0.068530 0.152559 -0.071167
v 0.068576 0.152602 -0.071211
v 0.068607 0.152666 -0.071240
v 0.068618 0.152743 -0.071250
v 0.068624 0.153543 -0.071250
v -0.075560 0.151262 -0.023750
v -0.075560 0.151262 0.000000
v -0.073467 0.000000 -0.069350
v -0.072123 0.001414 -0.069350
v -0.076734 0.006104 -0.069350
v -0.078167 0.004725 -0.069350
v -0.078167 0.001000 0.069350
v -0.077167 -0.000000 0.069350
v -0.075753 0.001414 0.069350
v -0.076749 0.002414 0.069350
v 0.066617 0.152557 0.069350
v 0.068475 0.152544 0.071116
v 0.068489 0.154544 0.071116
v 0.066631 0.154557 0.069350
v 0.068543 0.154528 0.071167
v 0.068589 0.154484 0.071211
v 0.068619 0.154419 0.071240
v 0.068629 0.154343 0.071250
v 0.068530 0.152558 0.071167
v 0.068576 0.152602 0.071211
v 0.068607 0.152666 0.071240
v 0.068618 0.152743 0.071250
v 0.068624 0.153543 0.071250
v -0.075560 0.151262 0.023750
v -0.075560 0.151262 0.047500
v -0.073467 -0.000000 0.069350
v -0.072123 0.001414 0.069350
v -0.076734 0.006104 0.069350
v -0.078167 0.004725 0.069350
v 0.062917 0.152582 0.073000
v 0.064729 0.152570 0.074857
v 0.064729 0.152570 -0.074857
v 0.062917 0.152582 -0.073000
v 0.064743 0.154570 0.074857
v 0.062931 0.154582 0.073000
v 0.062931 0.154582 -0.073000
v 0.064743 0.154570 -0.074857
v 0.064880 0.154369 0.075000
v 0.064870 0.154445 0.074989
v 0.064840 0.154510 0.074958
v 0.064796 0.154554 0.074912
v 0.064782 0.152585 0.074912
v 0.064827 0.152628 0.074958
v 0.064857 0.152692 0.074989
v 0.064868 0.152769 0.075000
v 0.064870 0.154445 -0.074989
v 0.064880 0.154369 -0.075000
v 0.064840 0.154510 -0.074958
v 0.064796 0.154554 -0.074912
v 0.064782 0.152585 -0.074912
v 0.064827 0.152628 -0.074958
v 0.064857 0.152692 -0.074989
v 0.064868 0.152769 -0.075000
v 0.064874 0.153569 -0.075000
v 0.064874 0.153569 0.075000
v -0.075490 0.154593 -0.046233
v -0.075490 0.154593 -0.023117
v -0.075490 0.154593 0.000000
v -0.075490 0.154593 0.023117
v -0.075490 0.154593 0.046233
v -0.075490 0.152593 0.046233
v 0.062931 0.154582 -0.069350
v 0.062917 0.152582 -0.069350
v 0.062931 0.154582 0.069350
v 0.062917 0.152582 0.069350
v 0.070140 0.152262 -0.073000
v 0.072412 0.147990 -0.073000
v 0.072412 0.147990 0.073000
v 0.070140 0.152262 0.073000
v 0.070140 0.150262 0.073000
v 0.070420 0.147990 0.073000
v 0.070420 0.147990 -0.073000
v 0.070140 0.150262 -0.073000
v 0.072213 0.147990 -0.075000
v 0.070140 0.152062 -0.075000
v 0.072412 0.147990 -0.074800
v 0.070140 0.152262 -0.074801
v 0.070140 0.152262 0.074801
v 0.072412 0.147990 0.074800
v 0.070140 0.152062 0.075000
v 0.072213 0.147990 0.075000
v 0.070619 0.147990 0.075000
v 0.070140 0.150462 0.075000
v 0.070420 0.147990 0.074800
v 0.070140 0.150262 0.074801
v 0.070140 0.150462 -0.075000
v 0.070619 0.147990 -0.075000
v 0.070140 0.150262 -0.074801
v 0.070420 0.147990 -0.074800
v 0.072397 0.147990 -0.074877
v 0.070140 0.152247 -0.074877
v 0.072354 0.147990 -0.074941
v 0.070140 0.152204 -0.074942
v 0.072289 0.147990 -0.074985
v 0.070140 0.152139 -0.074985
v 0.070543 0.147990 -0.074985
v 0.070140 0.150386 -0.074985
v 0.070478 0.147990 -0.074941
v 0.070140 0.150321 -0.074942
v 0.070435 0.147990 -0.074877
v 0.070140 0.150277 -0.074877
v 0.070140 0.150386 0.074985
v 0.070543 0.147990 0.074985
v 0.070140 0.150321 0.074942
v 0.070478 0.147990 0.074941
v 0.070140 0.150277 0.074877
v 0.070435 0.147990 0.074877
v 0.070140 0.152247 0.074877
v 0.072397 0.147990 0.074877
v 0.070140 0.152204 0.074942
v 0.072354 0.147990 0.074941
v 0.070140 0.152139 0.074985
v 0.072289 0.147990 0.074985
v 0.070140 0.151262 -0.075000
v 0.071416 0.147990 -0.075000
v 0.071416 0.147990 0.075000
v 0.070140 0.151262 0.075000
v -0.075490 0.152593 0.023117
v -0.075490 0.152593 0.000000
v -0.075490 0.152593 -0.023117
v -0.075490 0.152593 -0.046233
v -0.074490 0.152593 0.046233
v -0.074490 0.152593 0.023117
v -0.074490 0.152593 0.000000
v -0.074490 0.152593 -0.023117
v -0.074490 0.152593 -0.046233
v -0.074490 0.154593 -0.046233
v -0.074490 0.154593 -0.023117
v -0.074490 0.154593 0.000000
v 0.070140 0.150262 -0.069350
v 0.070420 0.147990 -0.069350
v 0.072412 0.147990 -0.069350
v 0.070140 0.152262 -0.069350
v 0.070420 0.147990 0.069350
v 0.070140 0.150262 0.069350
v 0.070140 0.152262 0.069350
v 0.072412 0.147990 0.069350
v -0.078759 0.150272 -0.073000
v -0.078759 0.150272 0.073000
v -0.076767 0.150272 0.073000
v -0.076767 0.150272 -0.073000
v -0.078560 0.150272 -0.075000
v -0.078759 0.150272 -0.074800
v -0.078759 0.150272 0.074800
v -0.078560 0.150272 0.075000
v -0.076966 0.150272 0.075000
v -0.076767 0.150272 0.074800
v -0.076966 0.150272 -0.075000
v -0.076767 0.150272 -0.074800
v -0.078744 0.150272 -0.074877
v -0.078701 0.150272 -0.074941
v -0.078636 0.150272 -0.074985
v -0.076890 0.150272 -0.074985
v -0.076826 0.150272 -0.074941
v -0.076782 0.150272 -0.074877
v -0.076890 0.150272 0.074985
v -0.076826 0.150272 0.074941
v -0.076782 0.150272 0.074877
v -0.078744 0.150272 0.074877
v -0.078701 0.150272 0.074941
v -0.078636 0.150272 0.074985
v -0.077763 0.150272 -0.075000
v -0.077763 0.150272 0.075000
v -0.074490 0.154593 0.023117
v -0.074490 0.154593 0.046233
v -0.078096 0.153927 -0.046233
v -0.078096 0.153927 -0.023117
v -0.078096 0.153927 0.000000
v -0.078096 0.153927 0.023117
v -0.076767 0.150272 -0.069350
v -0.078759 0.150272 -0.069350
v -0.076767 0.150272 0.069350
v -0.078759 0.150272 0.069350
v 0.070333 0.150183 0.073000
v 0.070333 0.150183 0.074800
v 0.070414 0.149990 0.073000
v 0.070414 0.149990 0.074800
v 0.070416 0.148990 0.073000
v 0.070416 0.148990 0.074800
v 0.070416 0.148990 -0.073000
v 0.070416 0.148990 -0.074800
v 0.070414 0.149990 -0.073000
v 0.070414 0.149990 -0.074800
v 0.070333 0.150183 -0.073000
v 0.070333 0.150183 -0.074800
v 0.071746 0.151597 -0.073000
v 0.071746 0.151597 -0.074800
v 0.072412 0.149990 -0.073000
v 0.072412 0.149990 -0.074800
v 0.072412 0.148990 -0.073000
v 0.072412 0.148990 -0.074800
v 0.071746 0.151597 0.074800
v 0.071746 0.151597 0.073000
v 0.072412 0.149990 0.074800
v 0.072412 0.149990 0.073000
v 0.072412 0.148990 0.074800
v 0.072412 0.148990 0.073000
v 0.072397 0.148990 -0.074877
v 0.072397 0.149990 -0.074877
v 0.071736 0.151586 -0.074877
v 0.072353 0.148990 -0.074941
v 0.072353 0.149990 -0.074941
v 0.071705 0.151555 -0.074942
v 0.072289 0.148990 -0.074985
v 0.072289 0.149990 -0.074985
v 0.071659 0.151509 -0.074985
v 0.072212 0.148990 -0.075000
v 0.072212 0.149990 -0.075000
v 0.071605 0.151455 -0.075000
v 0.070540 0.148990 -0.074985
v 0.070616 0.148990 -0.075000
v 0.070537 0.149990 -0.074985
v 0.070614 0.149990 -0.075000
v 0.070420 0.150270 -0.074985
v 0.070474 0.150324 -0.075000
v 0.070475 0.148990 -0.074941
v 0.070472 0.149990 -0.074941
v 0.070374 0.150224 -0.074942
v 0.070432 0.148990 -0.074877
v 0.070429 0.149990 -0.074877
v 0.070343 0.150194 -0.074877
v 0.070616 0.148990 0.075000
v 0.070540 0.148990 0.074985
v 0.070614 0.149990 0.075000
v 0.070537 0.149990 0.074985
v 0.070474 0.150324 0.075000
v 0.070420 0.150270 0.074985
v 0.070475 0.148990 0.074941
v 0.070472 0.149990 0.074942
v 0.070374 0.150224 0.074942
v 0.070432 0.148990 0.074877
v 0.070429 0.149990 0.074877
v 0.070343 0.150194 0.074877
v 0.072397 0.148990 0.074877
v 0.072397 0.149990 0.074877
v 0.071736 0.151586 0.074877
v 0.072353 0.148990 0.074941
v 0.072353 0.149990 0.074942
v 0.071705 0.151555 0.074942
v 0.072289 0.148990 0.074985
v 0.072289 0.149990 0.074985
v 0.071659 0.151509 0.074985
v 0.072212 0.148990 0.075000
v 0.072212 0.149990 0.075000
v 0.071605 0.151455 0.075000
v 0.071039 0.150890 0.075000
v 0.071413 0.149990 0.075000
v 0.071414 0.148990 0.075000
v 0.071039 0.150890 -0.075000
v 0.071413 0.149990 -0.075000
v 0.071414 0.148990 -0.075000
v -0.078096 0.153927 0.046233
v -0.078762 0.152320 -0.046233
v -0.078762 0.152320 -0.023117
v -0.078762 0.152320 0.000000
v -0.078762 0.152320 0.023117
v -0.078762 0.152320 0.046233
v -0.076682 0.152513 0.046233
v -0.076682 0.152513 0.023117
v -0.076682 0.152513 0.000000
v -0.076682 0.152513 -0.023117
v -0.076682 0.152513 -0.046233
v -0.076764 0.152320 0.046233
v -0.076764 0.152320 0.023117
v -0.076764 0.152320 0.000000
v -0.076764 0.152320 -0.023117
v -0.076764 0.152320 -0.046233
v -0.076490 0.154593 0.046233
v -0.076490 0.154593 0.023117
v 0.070416 0.148990 -0.069350
v 0.070414 0.149990 -0.069350
v 0.070333 0.150183 -0.069350
v 0.072412 0.148990 -0.069350
v 0.072412 0.149990 -0.069350
v 0.071746 0.151597 -0.069350
v 0.070416 0.148990 0.069350
v 0.070414 0.149990 0.069350
v 0.070333 0.150183 0.069350
v 0.072412 0.148990 0.069350
v 0.072412 0.149990 0.069350
v 0.071746 0.151597 0.069350
v -0.076764 0.151272 0.073000
v -0.076764 0.151272 0.074800
v -0.076764 0.151272 -0.074800
v -0.076764 0.151272 -0.073000
v -0.078759 0.151272 -0.073000
v -0.078759 0.151272 -0.074800
v -0.078759 0.151272 0.074800
v -0.078759 0.151272 0.073000
v -0.078744 0.151272 -0.074877
v -0.078701 0.151272 -0.074941
v -0.078636 0.151272 -0.074985
v -0.078560 0.151272 -0.075000
v -0.076963 0.151272 -0.075000
v -0.076887 0.151272 -0.074985
v -0.076822 0.151272 -0.074941
v -0.076779 0.151272 -0.074877
v -0.076887 0.151272 0.074985
v -0.076963 0.151272 0.075000
v -0.076822 0.151272 0.074941
v -0.076779 0.151272 0.074877
v -0.078744 0.151272 0.074877
v -0.078701 0.151272 0.074941
v -0.078636 0.151272 0.074985
v -0.078560 0.151272 0.075000
v -0.077762 0.151272 0.075000
v -0.077762 0.151272 -0.075000
v -0.076490 0.154593 0.000000
v -0.076490 0.154593 -0.023117
v -0.076490 0.154593 -0.046233
v -0.076490 0.152593 -0.046233
v -0.076490 0.152593 -0.023117
v -0.076490 0.152593 0.000000
v -0.076764 0.151272 -0.069350
v -0.078759 0.151272 -0.069350
v -0.076764 0.151272 0.069350
v -0.078759 0.151272 0.069350
v 0.070415 0.002414 0.074800
v 0.069419 0.001414 0.074800
v -0.026167 0.150000 0.073800
v 0.070397 0.149815 0.000000
v 0.070397 0.149815 -0.023652
v -0.003167 0.150000 0.073800
v 0.019834 0.150000 0.073800
v 0.042834 0.150000 0.073800
v -0.076749 0.002414 0.074800
v -0.075753 0.001414 0.074800
v 0.043300 0.150000 0.074577
v 0.070397 0.149815 -0.047303
v -0.076611 0.149977 -0.047231
v 0.020067 0.150000 0.074577
v -0.003167 0.150000 0.074577
v -0.026400 0.150000 0.074577
v -0.049634 0.150000 0.074577
v -0.076611 0.149977 -0.023615
v -0.076611 0.149977 0.000000
v 0.042234 0.003414 0.046113
v 0.019534 0.003414 0.046113
v -0.076611 0.149977 0.023615
v -0.076611 0.149977 0.047231
v -0.003167 0.003414 0.046113
v 0.070415 0.002414 -0.074800
v 0.069419 0.001414 -0.074800
v -0.025867 0.003414 0.046113
v -0.076683 0.149912 -0.047274
v -0.076683 0.149912 -0.023637
v -0.048567 0.003414 0.046113
v -0.048567 0.149700 -0.072800
v -0.025867 0.149700 -0.072800
v -0.076749 0.002414 -0.074800
v -0.075753 0.001414 -0.074800
v -0.003167 0.149700 -0.072800
v -0.076683 0.149912 0.000000
v -0.076683 0.149912 0.023637
v 0.019534 0.149700 -0.072800
v 0.042234 0.149700 -0.072800
v 0.042234 0.149700 0.072800
v 0.019534 0.149700 0.072800
v 0.066734 0.002414 -0.074800
v 0.065790 0.001414 -0.074800
v 0.066734 0.002414 0.074800
v -0.076683 0.149912 0.047274
v -0.076731 0.149815 -0.047303
v 0.065790 0.001414 0.074800
v -0.076731 0.149815 -0.023652
v 0.070415 0.002414 -0.070970
v -0.075753 0.001414 -0.070970
v -0.076749 0.002414 -0.070970
v -0.003167 0.149700 0.072800
v -0.025867 0.149700 0.072800
v -0.048567 0.149700 0.072800
v 0.069419 0.001414 -0.070970
v 0.065790 0.001414 -0.070970
v -0.075753 0.001414 0.070970
v 0.043425 0.006104 -0.074800
v 0.020129 0.006104 -0.074800
v -0.076749 0.002414 0.070970
v -0.003167 0.006104 -0.074800
v 0.070415 0.002414 0.070970
v 0.069419 0.001414 0.070970
v 0.065790 0.001414 0.070970
v -0.072123 0.001414 -0.074800
v -0.073068 0.002414 -0.074800
v -0.073068 0.002414 0.074800
v -0.076731 0.149815 0.000000
v -0.076731 0.149815 0.023652
v -0.072123 0.001414 0.074800
v -0.076731 0.149815 0.047303
v -0.072123 0.001414 -0.070970
v -0.072123 0.001414 0.070970
v -0.026462 0.006104 -0.074800
v -0.049758 0.006104 -0.074800
v -0.049758 0.006104 0.074800
v 0.064934 0.003414 -0.046113
v 0.064934 0.003414 -0.023057
v 0.064934 0.003414 -0.000000
v 0.064934 0.003414 0.023057
v -0.026462 0.006104 0.074800
v -0.003167 0.006104 0.074800
v 0.020129 0.006104 0.074800
v 0.064934 0.003414 0.046113
v -0.071268 0.003414 -0.046113
v 0.066720 0.006104 0.074800
v 0.070401 0.006104 0.074800
v 0.066720 0.006104 -0.074800
v 0.070401 0.006104 -0.074800
v 0.070401 0.006104 -0.070970
v -0.076734 0.006104 -0.070970
v -0.076734 0.006104 -0.074800
v 0.070401 0.006104 0.070970
v -0.076734 0.006104 0.074800
v -0.076734 0.006104 0.070970
v -0.073054 0.006104 0.074800
v -0.073054 0.006104 -0.074800
v -0.071268 0.003414 -0.023057
v -0.071268 0.003414 -0.000000
v -0.071268 0.003414 0.023057
v 0.043425 0.006104 0.074800
v 0.042804 0.001414 0.070970
v 0.019819 0.001414 0.070970
v -0.071268 0.003414 0.046113
v -0.072749 0.003414 -0.046113
v -0.072749 0.003414 -0.023057
v -0.003167 0.001414 0.070970
v -0.026152 0.001414 0.070970
v -0.049138 0.001414 0.070970
v 0.065834 0.150000 0.073800
v 0.069415 0.150000 0.073800
v 0.069415 0.150000 -0.073800
v 0.065834 0.150000 -0.073800
v 0.069415 0.150000 -0.070070
v -0.075749 0.150000 -0.073800
v -0.075749 0.150000 -0.070070
v 0.069415 0.150000 0.070070
v -0.075749 0.150000 0.070070
v -0.075749 0.150000 0.073800
v -0.072168 0.150000 -0.073800
v -0.072168 0.150000 0.073800
v -0.072749 0.003414 -0.000000
v -0.072749 0.003414 0.023057
v -0.072749 0.003414 0.046113
v -0.049138 0.001414 -0.070970
v -0.026152 0.001414 -0.070970
v -0.003167 0.001414 -0.070970
v 0.066415 0.003414 0.046113
v 0.066415 0.003414 0.023057
v 0.066415 0.003414 0.000000
v 0.019819 0.001414 -0.070970
v 0.042804 0.001414 -0.070970
v -0.049767 0.002414 0.074800
v 0.068415 0.007079 -0.072800
v 0.064934 0.007079 -0.072800
v 0.064934 0.007079 0.072800
v 0.068415 0.007079 0.072800
v 0.068415 0.007079 -0.069170
v -0.074749 0.007079 -0.072800
v -0.074749 0.007079 -0.069170
v 0.068415 0.007079 0.069170
v -0.074749 0.007079 0.069170
v -0.074749 0.007079 0.072800
v -0.071268 0.007079 -0.072800
v -0.071268 0.007079 0.072800
v 0.066415 0.003414 0.070800
v 0.066415 0.003414 -0.023057
v -0.072749 0.003414 0.070800
v 0.066415 0.003414 -0.046113
v -0.026467 0.002414 0.074800
v -0.003167 0.002414 0.074800
v 0.020134 0.002414 0.074800
v 0.068415 0.007079 -0.046113
v 0.068415 0.007079 -0.023057
v 0.066415 0.003414 -0.070800
v 0.068415 0.007079 -0.000000
v -0.072749 0.003414 -0.070800
v 0.068415 0.007079 0.023057
v 0.043434 0.002414 0.074800
v 0.042804 0.001414 0.074800
v 0.019819 0.001414 0.074800
v 0.064934 0.003414 -0.070800
v 0.064934 0.003414 0.070800
v 0.066415 0.003414 -0.069170
v -0.072749 0.003414 -0.069170
v 0.066415 0.003414 0.069170
v -0.072749 0.003414 0.069170
v -0.071268 0.003414 -0.070800
v -0.071268 0.003414 0.070800
v -0.071268 0.003414 -0.069170
v -0.003167 0.001414 0.074800
v -0.026152 0.001414 0.074800
v -0.049138 0.001414 0.074800
v 0.064934 0.003414 -0.069170
v 0.068415 0.007079 0.046113
v -0.049138 0.001414 -0.074800
v -0.026152 0.001414 -0.074800
v -0.003167 0.001414 -0.074800
v -0.074749 0.007079 0.046113
v -0.074749 0.007079 0.023057
v 0.019819 0.001414 -0.074800
v 0.042804 0.001414 -0.074800
v 0.043434 0.002414 -0.074800
v -0.074749 0.007079 0.000000
v -0.074749 0.007079 -0.023057
v 0.020134 0.002414 -0.074800
v -0.003167 0.002414 -0.074800
v -0.026467 0.002414 -0.074800
v -0.074749 0.007079 -0.046113
v -0.071268 0.003414 0.069170
v -0.049767 0.002414 -0.074800
v -0.074749 0.004414 0.046113
v -0.074749 0.004414 0.023057
v 0.064934 0.003414 0.069170
v 0.070414 0.149700 0.074800
v 0.070203 0.150000 0.074588
v -0.076747 0.149700 -0.047313
v -0.076747 0.149700 -0.023657
v -0.076747 0.149700 0.074800
v -0.076536 0.150000 0.074588
v -0.076747 0.149700 0.000000
v -0.076747 0.149700 0.023657
v -0.074749 0.004414 0.000000
v -0.074749 0.004414 -0.023057
v -0.074749 0.004414 -0.046113
v -0.074673 0.004032 0.046113
v -0.074673 0.004032 0.023057
v -0.074673 0.004032 0.000000
v -0.076747 0.149700 0.047313
v 0.070414 0.149700 0.047313
v 0.070414 0.149700 0.023657
v 0.070414 0.149700 0.000000
v 0.070203 0.150000 -0.074588
v 0.070414 0.149700 -0.074800
v 0.070414 0.149700 -0.023657
v 0.070414 0.149700 -0.047313
v -0.076536 0.150000 -0.074588
v -0.076747 0.149700 -0.074800
v 0.068638 0.150000 0.046247
v 0.068638 0.150000 0.023124
v -0.074673 0.004032 -0.023057
v -0.074673 0.004032 -0.046113
v -0.074456 0.003707 0.046113
v -0.074456 0.003707 0.023057
v -0.074456 0.003707 0.000000
v -0.074456 0.003707 -0.023057
v 0.068627 0.150000 0.073012
v 0.068415 0.149700 0.072800
v 0.068638 0.150000 0.000000
v 0.068638 0.150000 -0.023124
v -0.074961 0.150000 0.073012
v -0.074749 0.149700 0.072800
v 0.068638 0.150000 -0.046247
v 0.069415 0.150000 0.046713
v -0.074456 0.003707 -0.046113
v -0.074131 0.003490 0.046113
v -0.074131 0.003490 0.023057
v -0.074131 0.003490 0.000000
v -0.074131 0.003490 -0.023057
v -0.074131 0.003490 -0.046113
v 0.069415 0.150000 0.023357
v 0.069415 0.150000 0.000000
v 0.069415 0.150000 -0.023357
v 0.069415 0.150000 -0.046713
v 0.068415 0.149700 -0.072800
v 0.068627 0.150000 -0.073012
v 0.070192 0.150000 -0.047180
v 0.070192 0.150000 -0.023590
v -0.074749 0.149700 -0.072800
v -0.074961 0.150000 -0.073012
v 0.070192 0.150000 0.000000
v 0.070192 0.150000 0.023590
v -0.073749 0.003414 -0.046113
v -0.073749 0.003414 -0.023057
v -0.073749 0.003414 -0.000000
v -0.073749 0.003414 0.023057
v -0.073749 0.003414 0.046113
v 0.068415 0.004414 -0.046113
v 0.066733 0.149700 0.074800
v 0.066533 0.150000 0.074577
v 0.066533 0.150000 -0.074577
v 0.066733 0.149700 -0.074800
v 0.065135 0.150000 0.073023
v 0.064934 0.149700 0.072800
v 0.065135 0.150000 -0.073023
v 0.064934 0.149700 -0.072800
v -0.076747 0.149700 -0.070970
v -0.076526 0.150000 -0.070769
v 0.070192 0.150000 -0.070769
v 0.070414 0.149700 -0.070970
v 0.068638 0.150000 -0.069371
v 0.068415 0.149700 -0.069170
v -0.074972 0.150000 -0.069371
v -0.074749 0.149700 -0.069170
v 0.070414 0.149700 0.070970
v 0.070192 0.150000 0.070769
v -0.076747 0.149700 0.070970
v -0.076526 0.150000 0.070769
v 0.068638 0.150000 0.069371
v 0.068415 0.149700 0.069170
v -0.074972 0.150000 0.069371
v -0.074749 0.149700 0.069170
v -0.073067 0.149700 0.074800
v -0.072867 0.150000 0.074577
v -0.073067 0.149700 -0.074800
v -0.072867 0.150000 -0.074577
v -0.071468 0.150000 -0.073023
v -0.071268 0.149700 -0.072800
v -0.071468 0.150000 0.073023
v -0.071268 0.149700 0.072800
v 0.068415 0.004414 -0.023057
v 0.068415 0.004414 -0.000000
v 0.068415 0.004414 0.023057
v 0.068415 0.004414 0.046113
v 0.068339 0.004032 -0.046113
v 0.068339 0.004032 -0.023057
v 0.068339 0.004032 -0.000000
v 0.068339 0.004032 0.023057
v 0.068339 0.004032 0.046113
v 0.070192 0.150000 0.047180
v -0.074972 0.150000 -0.046247
v -0.074972 0.150000 -0.023124
v -0.074972 0.150000 0.000000
v -0.074972 0.150000 0.023124
v -0.074972 0.150000 0.046247
v -0.075749 0.150000 -0.046713
v -0.075749 0.150000 -0.023357
v -0.075749 0.150000 0.000000
v -0.075749 0.150000 0.023357
v -0.075749 0.150000 0.046713
v -0.076526 0.150000 0.047180
v 0.068122 0.003707 -0.046113
v 0.068122 0.003707 -0.023057
v 0.068122 0.003707 -0.000000
v 0.068122 0.003707 0.023057
v 0.068122 0.003707 0.046113
v 0.067798 0.003490 -0.046113
v 0.067798 0.003490 -0.023057
v 0.067798 0.003490 -0.000000
v 0.067798 0.003490 0.023057
v -0.076526 0.150000 0.023590
v -0.076526 0.150000 0.000000
v -0.076526 0.150000 -0.023590
v -0.076526 0.150000 -0.047180
v 0.068415 0.149700 -0.046113
v 0.068415 0.149700 -0.023057
v 0.066718 0.149815 0.074783
v 0.066675 0.149912 0.074735
v 0.066610 0.149977 0.074662
v 0.070398 0.149815 0.074784
v 0.070353 0.149912 0.074738
v 0.070284 0.149977 0.074669
v 0.066718 0.149815 -0.074783
v 0.066675 0.149912 -0.074735
v 0.066610 0.149977 -0.074662
v 0.070398 0.149815 -0.074784
v 0.070353 0.149912 -0.074738
v 0.070284 0.149977 -0.074669
v -0.076731 0.149815 -0.070955
v -0.076732 0.149815 -0.074784
v -0.076683 0.149912 -0.070911
v -0.076686 0.149912 -0.074738
v -0.076611 0.149977 -0.070846
v -0.076618 0.149977 -0.074669
v 0.070397 0.149815 -0.070955
v 0.070349 0.149912 -0.070911
v 0.070277 0.149977 -0.070846
v 0.070397 0.149815 0.070955
v 0.070349 0.149912 0.070911
v 0.070277 0.149977 0.070846
v -0.076731 0.149815 0.070955
v -0.076683 0.149912 0.070911
v -0.076611 0.149977 0.070846
v -0.076732 0.149815 0.074784
v -0.076686 0.149912 0.074738
v -0.076618 0.149977 0.074669
v -0.073052 0.149815 0.074783
v -0.073009 0.149912 0.074735
v -0.072944 0.149977 0.074662
v -0.073052 0.149815 -0.074783
v -0.073009 0.149912 -0.074735
v -0.072944 0.149977 -0.074662
v 0.068415 0.149700 0.000000
v 0.068415 0.149700 0.023057
v 0.068415 0.149700 0.046113
v -0.074749 0.149700 0.046113
v -0.074749 0.149700 0.023057
v -0.074749 0.149700 0.000000
v -0.074749 0.149700 -0.023057
v -0.074749 0.149700 -0.046113
v -0.076734 0.006104 -0.047313
v 0.067798 0.003490 0.046113
v 0.067415 0.003414 0.046113
v 0.067415 0.003414 0.023057
v 0.067415 0.003414 0.000000
v 0.067415 0.003414 -0.023057
v 0.067415 0.003414 -0.046113
v 0.068432 0.149815 0.046124
v 0.068432 0.149815 0.023062
v 0.068432 0.149815 0.000000
v -0.076734 0.006104 -0.023657
v -0.076734 0.006104 0.000000
v -0.076734 0.006104 0.023657
v -0.076734 0.006104 0.047313
v 0.070401 0.006104 0.047313
v 0.070401 0.006104 0.023657
v 0.070401 0.006104 0.000000
v 0.070401 0.006104 -0.023657
v 0.070401 0.006104 -0.047313
v 0.068432 0.149815 -0.023062
v 0.068432 0.149815 -0.046123
v 0.068480 0.149912 0.046153
v 0.068480 0.149912 0.023076
v 0.068480 0.149912 0.000000
v 0.068480 0.149912 -0.023076
v 0.068480 0.149912 -0.046152
v 0.068553 0.149977 0.046196
v 0.068553 0.149977 0.023098
v 0.065058 0.149977 0.072938
v 0.064993 0.149912 0.072865
v 0.064949 0.149815 0.072817
v 0.068546 0.149977 0.072931
v 0.068477 0.149912 0.072862
v 0.068431 0.149815 0.072816
v 0.065058 0.149977 -0.072938
v 0.068546 0.149977 -0.072931
v 0.064993 0.149912 -0.072865
v 0.068477 0.149912 -0.072862
v 0.064949 0.149815 -0.072817
v 0.068431 0.149815 -0.072816
v 0.068553 0.149977 -0.069294
v 0.068480 0.149912 -0.069229
v 0.068432 0.149815 -0.069185
v -0.074886 0.149977 -0.069294
v -0.074880 0.149977 -0.072931
v -0.074814 0.149912 -0.069229
v -0.074811 0.149912 -0.072862
v -0.074766 0.149815 -0.069185
v -0.074765 0.149815 -0.072816
v 0.068553 0.149977 0.069294
v 0.068480 0.149912 0.069229
v 0.068432 0.149815 0.069185
v -0.074886 0.149977 0.069294
v -0.074814 0.149912 0.069229
v -0.074766 0.149815 0.069185
v -0.074880 0.149977 0.072931
v -0.074811 0.149912 0.072862
v -0.074765 0.149815 0.072816
v -0.071392 0.149977 -0.072938
v -0.071326 0.149912 -0.072865
v -0.071283 0.149815 -0.072817
v -0.071392 0.149977 0.072938
v -0.071326 0.149912 0.072865
v -0.071283 0.149815 0.072817
v 0.067438 0.152404 0.061075
v 0.067439 0.152392 0.061075
v 0.067438 0.152404 0.066675
v 0.067439 0.152392 0.066675
v 0.078762 0.151623 0.061075
v 0.076696 0.150830 0.061075
v 0.076825 0.152421 0.066675
v 0.078762 0.151623 0.066675
v 0.078736 0.151305 0.066675
v 0.076696 0.150830 0.066675
v 0.078631 0.151879 0.066675
v 0.078216 0.152120 0.066675
v 0.077582 0.152311 0.066675
v 0.077461 0.150817 0.066675
v 0.078118 0.150902 0.066675
v 0.078565 0.151074 0.066675
v 0.078792 0.151461 0.066675
v 0.067439 0.152392 0.066155
v 0.076696 0.150830 0.066155
v 0.067439 0.152392 0.063875
v 0.076696 0.150830 0.063875
v 0.067439 0.152392 0.061595
v 0.076696 0.150830 0.061595
v 0.076825 0.152421 0.066155
v 0.067438 0.152404 0.066155
v 0.076825 0.152421 0.063875
v 0.067438 0.152404 0.063875
v 0.076825 0.152421 0.061595
v 0.067438 0.152404 0.061595
v 0.078762 0.151623 0.066155
v 0.078631 0.151879 0.066155
v 0.078762 0.151623 0.063875
v 0.078631 0.151879 0.063875
v 0.078762 0.151623 0.061595
v 0.078631 0.151879 0.061595
v 0.078216 0.152120 0.066155
v 0.078216 0.152120 0.063875
v 0.078216 0.152120 0.061595
v 0.077582 0.152311 0.066155
v 0.077582 0.152311 0.063875
v 0.077582 0.152311 0.061595
v 0.077461 0.150817 0.066155
v 0.077461 0.150817 0.063875
v 0.077461 0.150817 0.061595
v 0.078118 0.150902 0.066155
v 0.078118 0.150902 0.063875
v 0.078118 0.150902 0.061595
v 0.078565 0.151074 0.066155
v 0.078565 0.151074 0.063875
v 0.078565 0.151074 0.061595
v 0.078736 0.151305 0.066155
v 0.078736 0.151305 0.063875
v 0.078736 0.151305 0.061595
v 0.078792 0.151461 0.066155
v 0.078792 0.151461 0.063875
v 0.078792 0.151461 0.061595
v 0.067439 0.152392 0.066554
v 0.076696 0.150830 0.066554
v 0.076825 0.152421 0.066554
v 0.067438 0.152404 0.066554
v 0.078762 0.151623 0.066554
v 0.078631 0.151879 0.066554
v 0.078216 0.152120 0.066554
v 0.077582 0.152311 0.066554
v 0.077461 0.150817 0.066554
v 0.078118 0.150902 0.066554
v 0.078565 0.151074 0.066554
v 0.078736 0.151305 0.066554
v 0.078792 0.151461 0.066554
v 0.067439 0.152392 0.061196
v 0.076696 0.150830 0.061196
v 0.076825 0.152421 0.061196
v 0.067438 0.152404 0.061196
v 0.078762 0.151623 0.061196
v 0.078631 0.151879 0.061196
v 0.078216 0.152120 0.061196
v 0.077582 0.152311 0.061196
v 0.077461 0.150817 0.061196
v 0.078118 0.150902 0.061196
v 0.078565 0.151074 0.061196
v 0.078736 0.151305 0.061196
v 0.078792 0.151461 0.061196
v 0.078897 0.151669 0.066155
v 0.078897 0.151669 0.063875
v 0.078734 0.151977 0.063875
v 0.078734 0.151977 0.066155
v 0.078897 0.151669 0.061595
v 0.078734 0.151977 0.061595
v 0.078273 0.152251 0.063875
v 0.078273 0.152251 0.066155
v 0.078273 0.152251 0.061595
v 0.077613 0.152450 0.063875
v 0.077613 0.152450 0.066155
v 0.077613 0.152450 0.061595
v 0.076835 0.152563 0.063875
v 0.076835 0.152563 0.066155
v 0.076835 0.152563 0.061595
v 0.076684 0.150688 0.066155
v 0.076684 0.150688 0.063875
v 0.077469 0.150675 0.063875
v 0.077469 0.150675 0.066155
v 0.076684 0.150688 0.061595
v 0.077469 0.150675 0.061595
v 0.078153 0.150764 0.063875
v 0.078153 0.150764 0.066155
v 0.078153 0.150764 0.061595
v 0.078652 0.150960 0.063875
v 0.078652 0.150960 0.066155
v 0.078652 0.150960 0.061595
v 0.078862 0.151238 0.063875
v 0.078862 0.151238 0.066155
v 0.078862 0.151238 0.061595
v 0.078934 0.151449 0.063875
v 0.078934 0.151449 0.066155
v 0.078934 0.151449 0.061595
v 0.078897 0.151669 0.066554
v 0.078734 0.151977 0.066554
v 0.078273 0.152251 0.066554
v 0.077613 0.152450 0.066554
v 0.076835 0.152563 0.066554
v 0.076684 0.150688 0.066554
v 0.077469 0.150675 0.066554
v 0.078153 0.150764 0.066554
v 0.078652 0.150960 0.066554
v 0.078862 0.151238 0.066554
v 0.078934 0.151449 0.066554
v 0.078897 0.151669 0.061196
v 0.078734 0.151977 0.061196
v 0.078897 0.151669 0.061075
v 0.078273 0.152251 0.061196
v 0.077613 0.152450 0.061196
v 0.076835 0.152563 0.061196
v 0.076835 0.152563 0.061075
v 0.076684 0.150688 0.061196
v 0.077469 0.150675 0.061196
v 0.078153 0.150764 0.061196
v 0.078652 0.150960 0.061196
v 0.078862 0.151238 0.061196
v 0.078934 0.151449 0.061196
v 0.067438 0.152546 0.061075
v 0.067438 0.152546 0.061196
v 0.067438 0.152546 0.061595
v 0.067438 0.152546 0.066155
v 0.067438 0.152546 0.066554
v 0.067438 0.152546 0.066675
v 0.067438 0.152546 0.063875
v 0.067401 0.152254 0.061196
v 0.067401 0.152254 0.061075
v 0.067401 0.152254 0.061595
v 0.067401 0.152254 0.066554
v 0.067401 0.152254 0.066155
v 0.067401 0.152254 0.066675
v 0.067401 0.152254 0.063875
v 0.078682 0.151928 0.066725
v 0.078830 0.151646 0.066725
v 0.078245 0.152186 0.066725
v 0.077598 0.152380 0.066725
v 0.076830 0.152492 0.066725
v 0.077465 0.150746 0.066725
v 0.076690 0.150759 0.066725
v 0.078135 0.150833 0.066725
v 0.078608 0.151017 0.066725
v 0.078799 0.151272 0.066725
v 0.078863 0.151455 0.066725
v 0.078830 0.151646 0.061025
v 0.078682 0.151928 0.061025
v 0.078245 0.152186 0.061025
v 0.077598 0.152380 0.061025
v 0.076830 0.152492 0.061025
v 0.076690 0.150759 0.061025
v 0.077465 0.150746 0.061025
v 0.078135 0.150833 0.061025
v 0.078608 0.151017 0.061025
v 0.078799 0.151272 0.061025
v 0.078863 0.151455 0.061025
v 0.067388 0.152475 0.061025
v 0.067388 0.152475 0.061196
v 0.067388 0.152475 0.061595
v 0.067388 0.152475 0.066155
v 0.067388 0.152475 0.066554
v 0.067388 0.152475 0.066725
v 0.067388 0.152475 0.063875
v 0.067371 0.152336 0.061196
v 0.067371 0.152336 0.061025
v 0.067371 0.152336 0.061595
v 0.067371 0.152336 0.066554
v 0.067371 0.152336 0.066155
v 0.067371 0.152336 0.066725
v 0.067371 0.152336 0.063875
v 0.069277 0.152549 0.066155
v 0.069277 0.152549 0.063875
v 0.069277 0.152549 0.061595
v 0.069277 0.152549 0.066675
v 0.069277 0.152549 0.066554
v 0.069277 0.152549 0.061196
v 0.069277 0.152549 0.061075
v 0.069275 0.152407 0.061075
v 0.069275 0.152407 0.061196
v 0.069275 0.152407 0.061595
v 0.069275 0.152407 0.066155
v 0.069275 0.152407 0.066554
v 0.069275 0.152407 0.066675
v 0.069275 0.152407 0.063875
v 0.069276 0.152478 0.061025
v 0.069276 0.152478 0.066725
v 0.069276 0.152262 0.066155
v 0.069276 0.152262 0.063875
v 0.069276 0.152262 0.061595
v 0.069276 0.152262 0.066675
v 0.069276 0.152262 0.066554
v 0.069276 0.152262 0.061196
v 0.069277 0.152403 0.061075
v 0.069277 0.152403 0.061196
v 0.069277 0.152403 0.061595
v 0.069277 0.152403 0.066155
v 0.069277 0.152403 0.066554
v 0.069277 0.152403 0.063875
v 0.069277 0.152332 0.061025
v 0.069277 0.152332 0.066725
v 0.067766 0.152547 0.063875
v 0.067766 0.152547 0.066155
v 0.067766 0.152547 0.061595
v 0.067766 0.152547 0.066554
v 0.067766 0.152547 0.061196
v 0.067766 0.152547 0.061075
v 0.067766 0.152404 0.061196
v 0.067766 0.152404 0.061595
v 0.067766 0.152404 0.066554
v 0.067766 0.152404 0.066155
v 0.067766 0.152404 0.066675
v 0.067766 0.152404 0.063875
v 0.067766 0.152476 0.061025
v 0.067766 0.152476 0.066725
v 0.067752 0.152264 0.063875
v 0.067752 0.152264 0.066155
v 0.067752 0.152264 0.061595
v 0.067752 0.152264 0.066554
v 0.067752 0.152264 0.061196
v 0.067752 0.152264 0.061075
v 0.067767 0.152404 0.061196
v 0.067767 0.152404 0.061595
v 0.067767 0.152404 0.066554
v 0.067767 0.152404 0.066155
v 0.067767 0.152404 0.066675
v 0.067767 0.152404 0.063875
v 0.067760 0.152334 0.061025
v 0.067760 0.152334 0.066725
v 0.068113 0.150262 0.073000
v 0.068113 0.150262 0.069350
v -0.076490 0.152593 0.023117
v 0.068113 0.152262 0.073000
v 0.068113 0.152262 0.069350
v -0.076490 0.152593 0.046233
v 0.068113 0.150262 -0.073000
v 0.068113 0.150262 -0.069350
v 0.068113 0.150262 0.046233
v 0.068113 0.152262 -0.073000
v 0.068113 0.152262 -0.069350
v 0.068113 0.150262 0.023117
v 0.068113 0.150262 0.000000
v 0.068113 0.150262 -0.023117
v 0.068113 0.152062 0.075000
v 0.068113 0.151262 0.075000
v 0.068113 0.150462 0.075000
v 0.068113 0.151262 -0.075000
v 0.068113 0.152062 -0.075000
v 0.068113 0.150462 -0.075000
v 0.068113 0.150386 -0.074985
v 0.068113 0.150321 -0.074942
v 0.068113 0.150277 -0.074878
v 0.068113 0.150262 -0.074802
v 0.068113 0.152247 -0.074878
v 0.068113 0.152262 -0.074802
v 0.068113 0.152204 -0.074942
v 0.068113 0.152139 -0.074985
v 0.068113 0.150386 0.074985
v 0.068113 0.150321 0.074942
v 0.068113 0.150277 0.074878
v 0.068113 0.150262 0.074802
v 0.068113 0.152262 0.074802
v 0.068113 0.152247 0.074878
v 0.068113 0.152204 0.074942
v 0.068113 0.152139 0.074985
v 0.078934 0.151449 0.061075
v 0.078862 0.151238 0.061075
v 0.078652 0.150960 0.061075
v 0.078153 0.150764 0.061075
v 0.077469 0.150675 0.061075
v 0.076684 0.150688 0.061075
v 0.077613 0.152450 0.061075
v 0.078273 0.152251 0.061075
v 0.078734 0.151977 0.061075
v 0.078897 0.151669 0.066675
v 0.078934 0.151449 0.066675
v 0.078862 0.151238 0.066675
v 0.078652 0.150960 0.066675
v 0.078153 0.150764 0.066675
v 0.077469 0.150675 0.066675
v 0.076684 0.150688 0.066675
v 0.076835 0.152563 0.066675
v 0.077613 0.152450 0.066675
v 0.078273 0.152251 0.066675
v 0.078734 0.151977 0.066675
v 0.078631 0.151879 0.061075
v 0.078216 0.152120 0.061075
v 0.077582 0.152311 0.061075
v 0.076825 0.152421 0.061075
v 0.077461 0.150817 0.061075
v 0.078118 0.150902 0.061075
v 0.078565 0.151074 0.061075
v 0.078736 0.151305 0.061075
v 0.078792 0.151461 0.061075
v 0.070345 0.152393 0.066705
v 0.070345 0.152391 0.066713
v 0.070345 0.152387 0.066719
v 0.070344 0.152380 0.066724
v 0.070343 0.152373 0.066725
v 0.070345 0.152393 0.061045
v 0.070345 0.152391 0.061037
v 0.070345 0.152387 0.061031
v 0.070344 0.152380 0.061027
v 0.070343 0.152373 0.061025
v 0.070325 0.152252 0.061045
v 0.070326 0.152253 0.061037
v 0.070326 0.152257 0.061031
v 0.070327 0.152264 0.061027
v 0.070328 0.152271 0.061025
v 0.070325 0.152252 0.066705
v 0.070326 0.152253 0.066713
v 0.070326 0.152257 0.066719
v 0.070327 0.152264 0.066724
v 0.070328 0.152271 0.066725
v 0.070345 0.152393 0.066675
v 0.070345 0.152393 0.061075
v 0.070325 0.152252 0.061075
v 0.070325 0.152252 0.066675
v 0.070335 0.152322 0.066725
v 0.070335 0.152322 0.061025
v 0.070345 0.152393 0.063875
v 0.070345 0.152393 0.066554
v 0.070345 0.152393 0.066155
v 0.070345 0.152393 0.061595
v 0.070345 0.152393 0.061196
v 0.069276 0.152262 0.061075
v 0.070325 0.152252 0.061196
v 0.069277 0.152403 0.066675
v 0.067766 0.152547 0.066675
v 0.070325 0.152252 0.066554
v 0.067766 0.152404 0.061075
v 0.070325 0.152252 0.061595
v 0.067752 0.152264 0.066675
v 0.070325 0.152252 0.063875
v 0.067767 0.152404 0.061075
v 0.070325 0.152252 0.066155
v 0.076825 0.152421 0.061045
v 0.076827 0.152441 0.061025
v 0.076825 0.152422 0.061037
v 0.076826 0.152426 0.061031
v 0.076826 0.152433 0.061027
v 0.078736 0.151305 0.061045
v 0.078754 0.151296 0.061025
v 0.078738 0.151304 0.061037
v 0.078742 0.151302 0.061031
v 0.078747 0.151299 0.061027
v 0.078631 0.151879 0.061045
v 0.078646 0.151893 0.061025
v 0.078632 0.151880 0.061037
v 0.078635 0.151883 0.061031
v 0.078640 0.151888 0.061027
v 0.078216 0.152120 0.061045
v 0.078224 0.152139 0.061025
v 0.078217 0.152122 0.061037
v 0.078219 0.152126 0.061031
v 0.078221 0.152132 0.061027
v 0.077582 0.152311 0.061045
v 0.077587 0.152330 0.061025
v 0.077583 0.152312 0.061037
v 0.077584 0.152316 0.061031
v 0.077585 0.152323 0.061027
v 0.077461 0.150817 0.061045
v 0.077462 0.150797 0.061025
v 0.077461 0.150815 0.061037
v 0.077462 0.150811 0.061031
v 0.077462 0.150804 0.061027
v 0.078118 0.150902 0.061045
v 0.078122 0.150883 0.061025
v 0.078118 0.150901 0.061037
v 0.078119 0.150897 0.061031
v 0.078121 0.150890 0.061027
v 0.078565 0.151074 0.061045
v 0.078578 0.151057 0.061025
v 0.078566 0.151072 0.061037
v 0.078569 0.151069 0.061031
v 0.078573 0.151063 0.061027
v 0.078792 0.151461 0.061045
v 0.078813 0.151459 0.061025
v 0.078794 0.151461 0.061037
v 0.078798 0.151460 0.061031
v 0.078805 0.151460 0.061027
v 0.078897 0.151669 0.066705
v 0.078878 0.151663 0.066725
v 0.078896 0.151669 0.066713
v 0.078891 0.151667 0.066719
v 0.078885 0.151665 0.066724
v 0.078719 0.151963 0.066725
v 0.078734 0.151977 0.066705
v 0.078724 0.151968 0.066724
v 0.078729 0.151973 0.066719
v 0.078733 0.151976 0.066713
v 0.078265 0.152233 0.066725
v 0.078273 0.152251 0.066705
v 0.078268 0.152240 0.066724
v 0.078271 0.152246 0.066719
v 0.078272 0.152250 0.066713
v 0.077609 0.152430 0.066725
v 0.077613 0.152450 0.066705
v 0.077610 0.152438 0.066724
v 0.077612 0.152444 0.066719
v 0.077613 0.152448 0.066713
v 0.076835 0.152563 0.066705
v 0.076834 0.152543 0.066725
v 0.076835 0.152561 0.066713
v 0.076835 0.152557 0.066719
v 0.076834 0.152550 0.066724
v 0.076685 0.150708 0.066725
v 0.076684 0.150688 0.066705
v 0.076685 0.150701 0.066724
v 0.076684 0.150694 0.066719
v 0.076684 0.150690 0.066713
v 0.077468 0.150695 0.066725
v 0.077469 0.150675 0.066705
v 0.077469 0.150687 0.066724
v 0.077469 0.150681 0.066719
v 0.077469 0.150676 0.066713
v 0.078148 0.150784 0.066725
v 0.078153 0.150764 0.066705
v 0.078149 0.150776 0.066724
v 0.078151 0.150770 0.066719
v 0.078152 0.150766 0.066713
v 0.078639 0.150977 0.066725
v 0.078652 0.150960 0.066705
v 0.078644 0.150971 0.066724
v 0.078648 0.150965 0.066719
v 0.078650 0.150962 0.066713
v 0.078844 0.151248 0.066725
v 0.078862 0.151238 0.066705
v 0.078851 0.151244 0.066724
v 0.078857 0.151241 0.066719
v 0.078861 0.151239 0.066713
v 0.078913 0.151451 0.066725
v 0.078934 0.151449 0.066705
v 0.078921 0.151450 0.066724
v 0.078928 0.151450 0.066719
v 0.078932 0.151449 0.066713
v 0.078734 0.151977 0.061045
v 0.078719 0.151963 0.061025
v 0.078733 0.151976 0.061037
v 0.078729 0.151973 0.061031
v 0.078724 0.151968 0.061027
v 0.078273 0.152251 0.061045
v 0.078265 0.152233 0.061025
v 0.078272 0.152250 0.061037
v 0.078271 0.152246 0.061031
v 0.078268 0.152240 0.061027
v 0.077613 0.152450 0.061045
v 0.077609 0.152430 0.061025
v 0.077613 0.152448 0.061037
v 0.077612 0.152444 0.061031
v 0.077610 0.152438 0.061027
v 0.076684 0.150688 0.061045
v 0.076685 0.150708 0.061025
v 0.076684 0.150690 0.061037
v 0.076684 0.150694 0.061031
v 0.076685 0.150701 0.061027
v 0.077469 0.150675 0.061045
v 0.077468 0.150695 0.061025
v 0.077469 0.150676 0.061037
v 0.077469 0.150681 0.061031
v 0.077469 0.150687 0.061027
v 0.078153 0.150764 0.061045
v 0.078148 0.150784 0.061025
v 0.078152 0.150766 0.061037
v 0.078151 0.150770 0.061031
v 0.078149 0.150776 0.061027
v 0.078652 0.150960 0.061045
v 0.078639 0.150977 0.061025
v 0.078650 0.150962 0.061037
v 0.078648 0.150965 0.061031
v 0.078644 0.150971 0.061027
v 0.078862 0.151238 0.061045
v 0.078844 0.151248 0.061025
v 0.078861 0.151239 0.061037
v 0.078857 0.151241 0.061031
v 0.078851 0.151244 0.061027
v 0.078934 0.151449 0.061045
v 0.078913 0.151451 0.061025
v 0.078932 0.151449 0.061037
v 0.078928 0.151450 0.061031
v 0.078921 0.151450 0.061027
v 0.069276 0.152262 0.061045
v 0.069276 0.152282 0.061025
v 0.069276 0.152263 0.061037
v 0.069276 0.152268 0.061031
v 0.069276 0.152274 0.061027
v 0.069277 0.152403 0.066705
v 0.069277 0.152383 0.066725
v 0.069277 0.152401 0.066713
v 0.069277 0.152397 0.066719
v 0.069277 0.152390 0.066724
v 0.067766 0.152547 0.066705
v 0.067766 0.152527 0.066725
v 0.067766 0.152545 0.066713
v 0.067766 0.152541 0.066719
v 0.067766 0.152534 0.066724
v 0.067766 0.152404 0.061045
v 0.067766 0.152424 0.061025
v 0.067766 0.152406 0.061037
v 0.067766 0.152410 0.061031
v 0.067766 0.152417 0.061027
v 0.067752 0.152264 0.066705
v 0.067754 0.152284 0.066725
v 0.067752 0.152266 0.066713
v 0.067753 0.152270 0.066719
v 0.067753 0.152276 0.066724
v 0.067767 0.152404 0.061045
v 0.067765 0.152384 0.061025
v 0.067767 0.152402 0.061037
v 0.067767 0.152398 0.061031
v 0.067766 0.152392 0.061027
v 0.078878 0.151663 0.061025
v 0.078897 0.151669 0.061045
v 0.078885 0.151665 0.061027
v 0.078891 0.151667 0.061031
v 0.078896 0.151669 0.061037
v 0.076834 0.152543 0.061025
v 0.076835 0.152563 0.061045
v 0.076834 0.152550 0.061027
v 0.076835 0.152557 0.061031
v 0.076835 0.152561 0.061037
v 0.078762 0.151623 0.066705
v 0.078781 0.151630 0.066725
v 0.078764 0.151624 0.066713
v 0.078768 0.151625 0.066719
v 0.078774 0.151627 0.066724
v 0.078646 0.151893 0.066725
v 0.078631 0.151879 0.066705
v 0.078640 0.151888 0.066724
v 0.078635 0.151883 0.066719
v 0.078632 0.151880 0.066713
v 0.078224 0.152139 0.066725
v 0.078216 0.152120 0.066705
v 0.078221 0.152132 0.066724
v 0.078219 0.152126 0.066719
v 0.078217 0.152122 0.066713
v 0.077587 0.152330 0.066725
v 0.077582 0.152311 0.066705
v 0.077585 0.152323 0.066724
v 0.077584 0.152316 0.066719
v 0.077583 0.152312 0.066713
v 0.076827 0.152441 0.066725
v 0.076825 0.152421 0.066705
v 0.076826 0.152433 0.066724
v 0.076826 0.152426 0.066719
v 0.076825 0.152422 0.066713
v 0.076696 0.150830 0.066705
v 0.076695 0.150810 0.066725
v 0.076696 0.150828 0.066713
v 0.076696 0.150824 0.066719
v 0.076695 0.150818 0.066724
v 0.077462 0.150797 0.066725
v 0.077461 0.150817 0.066705
v 0.077462 0.150804 0.066724
v 0.077462 0.150811 0.066719
v 0.077461 0.150815 0.066713
v 0.078122 0.150883 0.066725
v 0.078118 0.150902 0.066705
v 0.078121 0.150890 0.066724
v 0.078119 0.150897 0.066719
v 0.078118 0.150901 0.066713
v 0.078578 0.151057 0.066725
v 0.078565 0.151074 0.066705
v 0.078573 0.151063 0.066724
v 0.078569 0.151069 0.066719
v 0.078566 0.151072 0.066713
v 0.078754 0.151296 0.066725
v 0.078736 0.151305 0.066705
v 0.078747 0.151299 0.066724
v 0.078742 0.151302 0.066719
v 0.078738 0.151304 0.066713
v 0.078813 0.151459 0.066725
v 0.078792 0.151461 0.066705
v 0.078805 0.151460 0.066724
v 0.078798 0.151460 0.066719
v 0.078794 0.151461 0.066713
v 0.078781 0.151630 0.061025
v 0.078762 0.151623 0.061045
v 0.078774 0.151627 0.061027
v 0.078768 0.151625 0.061031
v 0.078764 0.151624 0.061037
v 0.076695 0.150810 0.061025
v 0.076696 0.150830 0.061045
v 0.076695 0.150818 0.061027
v 0.076696 0.150824 0.061031
v 0.076696 0.150828 0.061037
v 0.067388 0.152526 0.061196
v 0.067408 0.152546 0.061196
v 0.067389 0.152534 0.061196
v 0.067394 0.152540 0.061196
v 0.067400 0.152545 0.061196
v 0.067408 0.152546 0.061045
v 0.067388 0.152526 0.061025
v 0.067402 0.152545 0.061039
v 0.067396 0.152540 0.061033
v 0.067391 0.152534 0.061028
v 0.067388 0.152424 0.061025
v 0.067408 0.152404 0.061045
v 0.067391 0.152416 0.061028
v 0.067396 0.152409 0.061033
v 0.067402 0.152405 0.061039
v 0.067408 0.152404 0.061196
v 0.067388 0.152424 0.061196
v 0.067400 0.152405 0.061196
v 0.067394 0.152409 0.061196
v 0.067390 0.152416 0.061196
v 0.067388 0.152526 0.061595
v 0.067408 0.152546 0.061595
v 0.067389 0.152534 0.061595
v 0.067394 0.152540 0.061595
v 0.067400 0.152545 0.061595
v 0.067408 0.152404 0.061595
v 0.067388 0.152424 0.061595
v 0.067400 0.152405 0.061595
v 0.067394 0.152409 0.061595
v 0.067390 0.152416 0.061595
v 0.067388 0.152526 0.066554
v 0.067408 0.152546 0.066554
v 0.067389 0.152534 0.066554
v 0.067394 0.152540 0.066554
v 0.067400 0.152545 0.066554
v 0.067408 0.152546 0.066155
v 0.067388 0.152526 0.066155
v 0.067400 0.152545 0.066155
v 0.067394 0.152540 0.066155
v 0.067389 0.152534 0.066155
v 0.067388 0.152424 0.066155
v 0.067408 0.152404 0.066155
v 0.067390 0.152416 0.066155
v 0.067394 0.152409 0.066155
v 0.067400 0.152405 0.066155
v 0.067408 0.152404 0.066554
v 0.067388 0.152424 0.066554
v 0.067400 0.152405 0.066554
v 0.067394 0.152409 0.066554
v 0.067390 0.152416 0.066554
v 0.067388 0.152526 0.066725
v 0.067408 0.152546 0.066705
v 0.067391 0.152534 0.066722
v 0.067396 0.152540 0.066717
v 0.067402 0.152545 0.066711
v 0.067408 0.152404 0.066705
v 0.067388 0.152424 0.066725
v 0.067402 0.152405 0.066711
v 0.067396 0.152409 0.066717
v 0.067391 0.152416 0.066722
v 0.067388 0.152526 0.063875
v 0.067408 0.152546 0.063875
v 0.067389 0.152534 0.063875
v 0.067394 0.152540 0.063875
v 0.067400 0.152545 0.063875
v 0.067408 0.152404 0.063875
v 0.067388 0.152424 0.063875
v 0.067400 0.152405 0.063875
v 0.067394 0.152409 0.063875
v 0.067390 0.152416 0.063875
v 0.067358 0.152287 0.061025
v 0.067372 0.152262 0.061045
v 0.067359 0.152279 0.061028
v 0.067362 0.152271 0.061033
v 0.067366 0.152265 0.061039
v 0.067372 0.152262 0.061196
v 0.067358 0.152287 0.061196
v 0.067365 0.152266 0.061196
v 0.067360 0.152272 0.061196
v 0.067357 0.152279 0.061196
v 0.067385 0.152386 0.061196
v 0.067410 0.152400 0.061196
v 0.067389 0.152393 0.061196
v 0.067394 0.152398 0.061196
v 0.067402 0.152400 0.061196
v 0.067410 0.152400 0.061045
v 0.067385 0.152386 0.061025
v 0.067403 0.152400 0.061039
v 0.067396 0.152397 0.061033
v 0.067390 0.152392 0.061028
v 0.067372 0.152262 0.061595
v 0.067358 0.152287 0.061595
v 0.067365 0.152266 0.061595
v 0.067360 0.152272 0.061595
v 0.067357 0.152279 0.061595
v 0.067385 0.152386 0.061595
v 0.067410 0.152400 0.061595
v 0.067389 0.152393 0.061595
v 0.067394 0.152398 0.061595
v 0.067402 0.152400 0.061595
v 0.067358 0.152287 0.066155
v 0.067372 0.152262 0.066155
v 0.067357 0.152279 0.066155
v 0.067360 0.152272 0.066155
v 0.067365 0.152266 0.066155
v 0.067372 0.152262 0.066554
v 0.067358 0.152287 0.066554
v 0.067365 0.152266 0.066554
v 0.067360 0.152272 0.066554
v 0.067357 0.152279 0.066554
v 0.067385 0.152386 0.066554
v 0.067410 0.152400 0.066554
v 0.067389 0.152393 0.066554
v 0.067394 0.152398 0.066554
v 0.067402 0.152400 0.066554
v 0.067410 0.152400 0.066155
v 0.067385 0.152386 0.066155
v 0.067402 0.152400 0.066155
v 0.067394 0.152398 0.066155
v 0.067389 0.152393 0.066155
v 0.067372 0.152262 0.066705
v 0.067358 0.152287 0.066725
v 0.067366 0.152265 0.066711
v 0.067362 0.152271 0.066717
v 0.067359 0.152279 0.066722
v 0.067385 0.152386 0.066725
v 0.067410 0.152400 0.066705
v 0.067390 0.152392 0.066722
v 0.067396 0.152397 0.066717
v 0.067403 0.152400 0.066711
v 0.067372 0.152262 0.063875
v 0.067358 0.152287 0.063875
v 0.067365 0.152266 0.063875
v 0.067360 0.152272 0.063875
v 0.067357 0.152279 0.063875
v 0.067385 0.152386 0.063875
v 0.067410 0.152400 0.063875
v 0.067389 0.152393 0.063875
v 0.067394 0.152398 0.063875
v 0.067402 0.152400 0.063875
v 0.069277 0.152549 0.066705
v 0.069277 0.152529 0.066725
v 0.069277 0.152548 0.066713
v 0.069277 0.152544 0.066719
v 0.069277 0.152537 0.066724
v 0.069277 0.152529 0.061025
v 0.069277 0.152549 0.061045
v 0.069277 0.152537 0.061027
v 0.069277 0.152544 0.061031
v 0.069277 0.152548 0.061037
v 0.069275 0.152407 0.061045
v 0.069276 0.152427 0.061025
v 0.069276 0.152409 0.061037
v 0.069276 0.152413 0.061031
v 0.069276 0.152419 0.061027
v 0.069276 0.152427 0.066725
v 0.069275 0.152407 0.066705
v 0.069276 0.152419 0.066724
v 0.069276 0.152413 0.066719
v 0.069276 0.152409 0.066713
v 0.069276 0.152282 0.066725
v 0.069276 0.152262 0.066705
v 0.069276 0.152274 0.066724
v 0.069276 0.152268 0.066719
v 0.069276 0.152263 0.066713
v 0.069277 0.152383 0.061025
v 0.069277 0.152403 0.061045
v 0.069277 0.152390 0.061027
v 0.069277 0.152397 0.061031
v 0.069277 0.152401 0.061037
v 0.067766 0.152527 0.061025
v 0.067766 0.152547 0.061045
v 0.067766 0.152534 0.061027
v 0.067766 0.152541 0.061031
v 0.067766 0.152545 0.061037
v 0.067766 0.152424 0.066725
v 0.067766 0.152404 0.066705
v 0.067766 0.152417 0.066724
v 0.067766 0.152410 0.066719
v 0.067766 0.152406 0.066713
v 0.067754 0.152284 0.061025
v 0.067752 0.152264 0.061045
v 0.067753 0.152276 0.061027
v 0.067753 0.152270 0.061031
v 0.067752 0.152266 0.061037
v 0.067765 0.152384 0.066725
v 0.067767 0.152404 0.066705
v 0.067766 0.152392 0.066724
v 0.067767 0.152398 0.066719
v 0.067767 0.152402 0.066713
v 0.068415 0.004414 0.072800
v 0.067415 0.003414 0.071800
v 0.068339 0.004032 0.072724
v 0.068122 0.003707 0.072507
v 0.067798 0.003490 0.072183
v -0.072123 0.001414 -0.047313
v -0.072123 0.001414 -0.023657
v -0.072123 0.001414 0.000000
v -0.072123 0.001414 0.023657
v -0.072123 0.001414 0.047313
v -0.074749 0.004414 0.072800
v -0.073749 0.003414 0.071800
v -0.074673 0.004032 0.072724
v -0.074456 0.003707 0.072507
v -0.074131 0.003490 0.072183
v 0.070415 0.002414 0.047313
v 0.070415 0.002414 0.023657
v 0.070415 0.002414 0.000000
v 0.070415 0.002414 -0.023657
v 0.070415 0.002414 -0.047313
v 0.068553 0.149977 0.000000
v 0.068553 0.149977 -0.023098
v 0.068553 0.149977 -0.046196
v -0.074766 0.149815 -0.046123
v -0.074766 0.149815 -0.023062
v -0.074766 0.149815 0.000000
v -0.074766 0.149815 0.023062
v -0.074766 0.149815 0.046124
v -0.074814 0.149912 -0.046153
v -0.074814 0.149912 -0.023076
v -0.074814 0.149912 0.000000
v -0.074814 0.149912 0.023076
v -0.074814 0.149912 0.046153
v -0.074886 0.149977 -0.046196
v -0.074886 0.149977 -0.023098
v 0.069419 0.001414 -0.047313
v 0.069419 0.001414 -0.023657
v 0.069419 0.001414 0.000000
v 0.069419 0.001414 0.023657
v 0.069419 0.001414 0.047313
v -0.075753 0.001414 0.047313
v -0.075753 0.001414 0.023657
v -0.075753 0.001414 0.000000
v -0.075753 0.001414 -0.023657
v -0.075753 0.001414 -0.047313
v 0.067415 0.003414 -0.071800
v 0.068415 0.004414 -0.072800
v 0.067798 0.003490 -0.072183
v 0.068122 0.003707 -0.072507
v 0.068339 0.004032 -0.072724
v -0.076749 0.002414 -0.047313
v -0.076749 0.002414 -0.023657
v -0.076749 0.002414 0.000000
v -0.076749 0.002414 0.023657
v -0.076749 0.002414 0.047313
v -0.073749 0.003414 -0.071800
v -0.074749 0.004414 -0.072800
v -0.074131 0.003490 -0.072183
v -0.074456 0.003707 -0.072507
v -0.074673 0.004032 -0.072724
v 0.065790 0.001414 0.047313
v 0.065790 0.001414 0.023657
v 0.065790 0.001414 0.000000
v 0.065790 0.001414 -0.023657
v 0.065790 0.001414 -0.047313
v -0.074886 0.149977 0.000000
v -0.074886 0.149977 0.023098
v -0.074886 0.149977 0.046196
v 0.070277 0.149977 0.047231
v 0.070277 0.149977 0.023615
v 0.070277 0.149977 0.000000
v 0.070277 0.149977 -0.023615
v 0.070277 0.149977 -0.047231
v 0.070349 0.149912 0.047274
v 0.070349 0.149912 0.023637
v 0.070349 0.149912 0.000000
v 0.070349 0.149912 -0.023637
v 0.070349 0.149912 -0.047274
v 0.070397 0.149815 0.047303
v 0.070397 0.149815 0.023652
v 0.064934 0.004414 -0.072800
v 0.064934 0.003414 -0.071800
v 0.064934 0.004032 -0.072724
v 0.064934 0.003707 -0.072507
v 0.064934 0.003490 -0.072183
v 0.064934 0.004414 0.072800
v 0.064934 0.003414 0.071800
v 0.064934 0.004032 0.072724
v 0.064934 0.003707 0.072507
v 0.064934 0.003490 0.072183
v 0.068415 0.004414 -0.069170
v 0.067415 0.003414 -0.069170
v 0.068339 0.004032 -0.069170
v 0.068122 0.003707 -0.069170
v 0.067798 0.003490 -0.069170
v -0.074749 0.004414 -0.069170
v -0.073749 0.003414 -0.069170
v -0.074673 0.004032 -0.069170
v -0.074456 0.003707 -0.069170
v -0.074131 0.003490 -0.069170
v 0.068415 0.004414 0.069170
v 0.067415 0.003414 0.069170
v 0.068339 0.004032 0.069170
v 0.068122 0.003707 0.069170
v 0.067798 0.003490 0.069170
v -0.074749 0.004414 0.069170
v -0.073749 0.003414 0.069170
v -0.074673 0.004032 0.069170
v -0.074456 0.003707 0.069170
v -0.074131 0.003490 0.069170
v -0.071268 0.004414 -0.072800
v -0.071268 0.003414 -0.071800
v -0.071268 0.004032 -0.072724
v -0.071268 0.003707 -0.072507
v -0.071268 0.003490 -0.072183
v -0.071268 0.004414 0.072800
v -0.071268 0.003414 0.071800
v -0.071268 0.004032 0.072724
v -0.071268 0.003707 0.072507
v -0.071268 0.003490 0.072183
v -0.076490 0.154593 0.073000
v -0.076490 0.154593 -0.073000
v -0.076490 0.152593 -0.073000
v -0.076490 0.152593 0.073000
v -0.076490 0.154393 0.075000
v -0.076490 0.154593 0.074801
v -0.076490 0.154593 -0.074801
v -0.076490 0.154393 -0.075000
v -0.076490 0.152793 -0.075000
v -0.076490 0.152593 -0.074801
v -0.076490 0.152793 0.075000
v -0.076490 0.152593 0.074801
v -0.076490 0.154577 0.074877
v -0.076490 0.154534 0.074942
v -0.076490 0.154469 0.074985
v -0.076490 0.152716 0.074985
v -0.076490 0.152651 0.074942
v -0.076490 0.152608 0.074877
v -0.076490 0.152716 -0.074985
v -0.076490 0.152651 -0.074942
v -0.076490 0.152608 -0.074877
v -0.076490 0.154577 -0.074877
v -0.076490 0.154534 -0.074942
v -0.076490 0.154469 -0.074985
v -0.076490 0.153593 0.075000
v -0.076490 0.153593 -0.075000
v 0.068113 0.150262 -0.046233
v 0.068113 0.152262 0.046233
v 0.068113 0.152262 0.023117
v 0.068113 0.152262 0.000000
v 0.068113 0.152262 -0.023117
v 0.068113 0.152262 -0.046233
v -0.076490 0.152593 0.069350
v -0.076490 0.154593 0.069350
v -0.076490 0.152593 -0.069350
v -0.076490 0.154593 -0.069350
v -0.076682 0.152513 -0.073000
v -0.076682 0.152513 -0.074800
v -0.076764 0.152320 -0.073000
v -0.076764 0.152320 -0.074800
v -0.076764 0.152320 0.073000
v -0.076764 0.152320 0.074800
v -0.076682 0.152513 0.073000
v -0.076682 0.152513 0.074800
v -0.078096 0.153927 0.073000
v -0.078096 0.153927 0.074800
v -0.078762 0.152320 0.073000
v -0.078762 0.152320 0.074800
v -0.078096 0.153927 -0.074800
v -0.078096 0.153927 -0.073000
v -0.078762 0.152320 -0.074800
v -0.078762 0.152320 -0.073000
v -0.078747 0.152320 0.074877
v -0.078086 0.153916 0.074877
v -0.078703 0.152320 0.074942
v -0.078055 0.153886 0.074942
v -0.078638 0.152320 0.074985
v -0.078009 0.153840 0.074985
v -0.078562 0.152320 0.075000
v -0.077955 0.153786 0.075000
v -0.076887 0.152320 0.074985
v -0.076964 0.152320 0.075000
v -0.076770 0.152601 0.074985
v -0.076824 0.152655 0.075000
v -0.076822 0.152320 0.074942
v -0.076724 0.152555 0.074942
v -0.076779 0.152320 0.074877
v -0.076693 0.152524 0.074877
v -0.076964 0.152320 -0.075000
v -0.076887 0.152320 -0.074985
v -0.076824 0.152655 -0.075000
v -0.076770 0.152600 -0.074985
v -0.076822 0.152320 -0.074941
v -0.076724 0.152555 -0.074942
v -0.076779 0.152320 -0.074877
v -0.076693 0.152524 -0.074877
v -0.078747 0.152320 -0.074877
v -0.078086 0.153916 -0.074877
v -0.078703 0.152320 -0.074941
v -0.078055 0.153886 -0.074942
v -0.078638 0.152320 -0.074985
v -0.078009 0.153840 -0.074985
v -0.078562 0.152320 -0.075000
v -0.077955 0.153786 -0.075000
v -0.077389 0.153220 -0.075000
v -0.077763 0.152320 -0.075000
v -0.077389 0.153220 0.075000
v -0.077763 0.152320 0.075000
v -0.078759 0.151272 -0.046233
v -0.078759 0.151272 -0.023117
v -0.078759 0.151272 0.000000
v -0.078759 0.151272 0.023117
v -0.078759 0.151272 0.046233
v -0.076764 0.151272 0.046233
v -0.076764 0.151272 0.023117
v -0.076764 0.151272 0.000000
v -0.076764 0.151272 -0.023117
v -0.076764 0.151272 -0.046233
v 0.071746 0.151597 0.046233
v 0.071746 0.151597 0.023117
v -0.076764 0.152320 0.069350
v -0.076682 0.152513 0.069350
v -0.078762 0.152320 0.069350
v -0.078096 0.153927 0.069350
v -0.076764 0.152320 -0.069350
v -0.076682 0.152513 -0.069350
v -0.078762 0.152320 -0.069350
v -0.078096 0.153927 -0.069350
v 0.068629 0.154343 -0.023750
v 0.068629 0.154343 0.000000
v 0.068629 0.154343 0.023750
v 0.068629 0.154343 0.047500
v 0.068619 0.154419 -0.047493
v 0.068619 0.154419 -0.023747
v 0.068619 0.154419 0.000000
v 0.068619 0.154419 0.023747
v 0.068619 0.154419 0.047493
v 0.068589 0.154484 -0.047474
v 0.068589 0.154484 -0.023737
v 0.068589 0.154484 0.000000
v 0.068589 0.154484 0.023737
v 0.068589 0.154484 0.047474
v 0.068543 0.154528 -0.047445
v 0.068543 0.154528 -0.023722
v 0.068543 0.154528 0.000000
v 0.068543 0.154528 0.023722
v 0.068543 0.154528 0.047445
v 0.068489 0.154544 -0.047410
v 0.068489 0.154544 -0.023705
v 0.068489 0.154544 0.000000
v 0.068489 0.154544 0.023705
v 0.068489 0.154544 0.047410
v 0.066631 0.154557 0.046233
v 0.066631 0.154557 0.023117
v 0.066631 0.154557 0.000000
v 0.066631 0.154557 -0.023117
v 0.066631 0.154557 -0.046233
v 0.066617 0.152557 -0.046233
v 0.066617 0.152557 -0.023117
v 0.066617 0.152557 0.000000
v 0.066617 0.152557 0.023117
v 0.066617 0.152557 0.046233
v 0.068475 0.152544 0.047410
v 0.068475 0.152544 0.023705
v 0.068475 0.152544 0.000000
v 0.068475 0.152544 -0.023705
v 0.068475 0.152544 -0.047410
v -0.075753 0.001414 -0.046233
v -0.075753 0.001414 -0.023117
v -0.075753 0.001414 -0.000000
v 0.071746 0.151597 0.000000
v 0.071746 0.151597 -0.023117
v 0.071746 0.151597 -0.046233
v 0.072412 0.149990 0.046233
v 0.072412 0.149990 0.023117
v 0.072412 0.149990 0.000000
v 0.072412 0.149990 -0.023117
v 0.072412 0.149990 -0.046233
v 0.072412 0.148990 0.046233
v 0.072412 0.148990 0.023117
v 0.072412 0.148990 0.000000
v 0.072412 0.148990 -0.023117
v 0.072412 0.148990 -0.046233
v 0.070333 0.150183 -0.046233
v 0.070333 0.150183 -0.023117
v 0.070333 0.150183 0.000000
v 0.070333 0.150183 0.023117
v 0.070333 0.150183 0.046233
v -0.075753 0.001414 0.023117
v -0.075753 0.001414 0.046233
v -0.076749 0.002414 0.046233
v -0.076749 0.002414 0.023117
v -0.076749 0.002414 0.000000
v -0.076749 0.002414 -0.023117
v -0.076749 0.002414 -0.046233
v -0.078167 0.001000 -0.046233
v -0.078167 0.001000 -0.023117
v -0.078167 0.001000 -0.000000
v -0.078167 0.001000 0.023117
v -0.078167 0.001000 0.046233
v -0.075560 0.150462 -0.047500
v -0.075560 0.150462 -0.023750
v -0.075560 0.150462 0.000000
v -0.075560 0.150462 0.023750
v -0.075560 0.150462 0.047500
v -0.075550 0.150386 -0.047493
v -0.075550 0.150386 -0.023747
v -0.075550 0.150386 0.000000
v -0.075550 0.150386 0.023747
v -0.075550 0.150386 0.047493
v -0.075519 0.150321 -0.047474
v -0.075519 0.150321 -0.023737
v -0.075519 0.150321 0.000000
v -0.075519 0.150321 0.023737
v -0.075519 0.150321 0.047474
v -0.075473 0.150277 -0.047445
v -0.075473 0.150277 -0.023722
v -0.075473 0.150277 0.000000
v -0.075473 0.150277 0.023722
v -0.075473 0.150277 0.047445
v -0.075560 0.152062 0.047500
v -0.075560 0.152062 0.023750
v -0.075560 0.152062 0.000000
v -0.075560 0.152062 -0.023750
v -0.075560 0.152062 -0.047500
v -0.075550 0.152139 0.047493
v -0.075550 0.152139 0.023747
v -0.075550 0.152139 0.000000
v -0.075550 0.152139 -0.023747
v -0.075550 0.152139 -0.047493
v -0.075519 0.152204 0.047474
v -0.075519 0.152204 0.023737
v -0.075519 0.152204 0.000000
v -0.075519 0.152204 -0.023737
v -0.075519 0.152204 -0.047474
v -0.075473 0.152247 0.047445
v -0.075473 0.152247 0.023722
v -0.075473 0.152247 0.000000
v -0.075473 0.152247 -0.023722
v -0.075473 0.152247 -0.047445
v -0.073560 0.152262 -0.046233
v -0.073560 0.152262 -0.023117
v -0.073560 0.152262 0.000000
v -0.073560 0.152262 0.023117
v -0.073560 0.152262 0.046233
v -0.075419 0.152262 0.047410
v -0.075419 0.152262 0.023705
v -0.075419 0.152262 0.000000
v -0.075419 0.152262 -0.023705
v -0.075419 0.152262 -0.047410
v -0.075419 0.150262 -0.047410
v -0.075419 0.150262 -0.023705
v -0.075419 0.150262 0.000000
v -0.075419 0.150262 0.023705
v -0.075419 0.150262 0.047410
v -0.073560 0.150262 0.046233
v -0.073560 0.150262 0.023117
v -0.073560 0.150262 0.000000
v -0.073560 0.150262 -0.023117
v -0.073560 0.150262 -0.046233
v 0.070415 0.002414 -0.046233
v 0.070415 0.002414 -0.023117
v 0.070415 0.002414 -0.000000
v 0.070415 0.002414 0.023117
v 0.070415 0.002414 0.046233
v 0.069419 0.001414 0.046233
v 0.069419 0.001414 0.023117
v 0.069419 0.001414 0.000000
v 0.069419 0.001414 -0.023117
v 0.069419 0.001414 -0.046233
v 0.070833 0.000000 -0.046233
v 0.070833 0.000000 -0.023117
v 0.070833 0.000000 -0.000000
v 0.070833 -0.000000 0.023117
v 0.070833 -0.000000 0.046233
v 0.071833 0.001000 0.046233
v 0.071833 0.001000 0.023117
v 0.071833 0.001000 0.000000
v 0.070414 0.149990 -0.046233
v 0.070414 0.149990 -0.023117
v 0.070414 0.149990 0.000000
v 0.070414 0.149990 0.023117
v 0.070414 0.149990 0.046233
v 0.070416 0.148990 -0.046233
v 0.070416 0.148990 -0.023117
v 0.070416 0.148990 0.000000
v 0.070416 0.148990 0.023117
v 0.070416 0.148990 0.046233
v 0.062931 0.154582 0.046233
v 0.062931 0.154582 0.023117
v 0.062931 0.154582 0.000000
v 0.062931 0.154582 -0.023117
v 0.062931 0.154582 -0.046233
v 0.062917 0.152582 -0.046233
v 0.062917 0.152582 -0.023117
v 0.062917 0.152582 0.000000
v 0.071833 0.001000 -0.023117
v 0.071833 0.001000 -0.046233
v -0.076767 0.150272 0.046233
v -0.076767 0.150272 0.023117
v -0.076767 0.150272 0.000000
v -0.076767 0.150272 -0.023117
v -0.076767 0.150272 -0.046233
v -0.078759 0.150272 -0.046233
v -0.078759 0.150272 -0.023117
v -0.078759 0.150272 0.000000
v -0.078759 0.150272 0.023117
v -0.078759 0.150272 0.046233
v -0.074490 0.154593 0.073000
v -0.074490 0.154593 0.074801
v -0.074490 0.154577 0.074877
v -0.074490 0.154534 0.074942
v -0.074490 0.154469 0.074985
v -0.074490 0.154393 0.075000
v -0.074490 0.153593 0.075000
v -0.074490 0.152793 0.075000
v -0.074490 0.152716 0.074985
v -0.074490 0.152651 0.074942
v -0.074490 0.152608 0.074877
v -0.074490 0.152593 0.074801
v -0.074490 0.152593 0.073000
v -0.074490 0.152593 0.069350
v 0.062917 0.152582 0.023117
v 0.062917 0.152582 0.046233
v -0.078167 0.004725 0.046233
v -0.074490 0.152593 -0.069350
v -0.074490 0.152593 -0.073000
v -0.074490 0.152593 -0.074801
v -0.074490 0.152608 -0.074877
v -0.074490 0.152651 -0.074942
v -0.074490 0.152716 -0.074985
v -0.074490 0.152793 -0.075000
v -0.074490 0.153593 -0.075000
v -0.074490 0.154393 -0.075000
v -0.074490 0.154469 -0.074985
v -0.074490 0.154534 -0.074942
v -0.074490 0.154577 -0.074877
v -0.074490 0.154593 -0.074801
v -0.074490 0.154593 -0.073000
v -0.074490 0.154593 -0.069350
v -0.078167 0.004725 0.023117
v -0.078167 0.004725 0.000000
v -0.078167 0.004725 -0.023117
v -0.074490 0.154593 0.069350
v -0.075490 0.154593 0.073000
v -0.075490 0.154593 0.074801
v -0.075490 0.154577 0.074877
v -0.075490 0.154534 0.074942
v -0.075490 0.154469 0.074985
v -0.075490 0.154393 0.075000
v -0.075490 0.153593 0.075000
v -0.075490 0.152793 0.075000
v -0.075490 0.152716 0.074985
v -0.075490 0.152651 0.074942
v -0.075490 0.152608 0.074877
v -0.075490 0.152593 0.074801
v -0.075490 0.152593 0.073000
v -0.075490 0.152593 0.069350
v -0.078167 0.004725 -0.046233
v -0.076734 0.006104 -0.046233
v -0.076734 0.006104 -0.023117
v -0.075490 0.152593 -0.069350
v -0.075490 0.152593 -0.073000
v -0.075490 0.152593 -0.074801
v -0.075490 0.152608 -0.074877
v -0.075490 0.152651 -0.074942
v -0.075490 0.152716 -0.074985
v -0.075490 0.152793 -0.075000
v -0.075490 0.153593 -0.075000
v -0.075490 0.154393 -0.075000
v -0.075490 0.154469 -0.074985
v -0.075490 0.154534 -0.074942
v -0.075490 0.154577 -0.074877
v -0.075490 0.154593 -0.074801
v -0.075490 0.154593 -0.073000
v -0.075490 0.154593 -0.069350
v -0.076734 0.006104 -0.000000
v -0.076734 0.006104 0.023117
v -0.076734 0.006104 0.046233
v -0.075490 0.154593 0.069350
v -0.078562 0.101756 0.069350
v -0.078661 0.126014 0.069350
v -0.076762 0.126244 0.069350
v -0.076756 0.102216 0.069350
v -0.076751 0.078188 0.069350
v -0.076745 0.054160 0.069350
v -0.076740 0.030132 0.069350
v -0.076740 0.030132 -0.046233
v -0.076745 0.054160 -0.046233
v -0.076751 0.078188 -0.046233
v -0.076756 0.102216 -0.046233
v -0.076762 0.126244 -0.046233
v -0.076740 0.030132 -0.023117
v -0.076745 0.054160 -0.023117
v -0.076751 0.078188 -0.023117
v -0.076756 0.102216 -0.023117
v -0.076762 0.126244 -0.023117
v -0.076740 0.030132 0.000000
v -0.076745 0.054160 0.000000
v -0.076751 0.078188 0.000000
v -0.076756 0.102216 0.000000
v -0.076762 0.126244 0.000000
v -0.076740 0.030132 0.023117
v -0.076745 0.054160 0.023117
v -0.076751 0.078188 0.023117
v -0.076756 0.102216 0.023117
v -0.076762 0.126244 0.023117
v -0.076740 0.030132 0.046233
v -0.076745 0.054160 0.046233
v -0.076751 0.078188 0.046233
v -0.076756 0.102216 0.046233
v -0.076762 0.126244 0.046233
v 0.042804 0.001414 0.073000
v 0.019819 0.001414 0.073000
v -0.003167 0.001414 0.073000
v -0.026152 0.001414 0.073000
v -0.049138 0.001414 0.073000
v -0.049138 0.001414 0.074800
v -0.026152 0.001414 0.074800
v -0.003167 0.001414 0.074800
v 0.019819 0.001414 0.074800
v 0.042804 0.001414 0.074800
v 0.042804 0.001414 -0.074800
v 0.019819 0.001414 -0.074800
v -0.003167 0.001414 -0.074800
v -0.026152 0.001414 -0.074800
v -0.049138 0.001414 -0.074800
v -0.049138 0.001414 -0.073000
v -0.026152 0.001414 -0.073000
v -0.003167 0.001414 -0.073000
v 0.019819 0.001414 -0.073000
v 0.042804 0.001414 -0.073000
v 0.043700 0.000000 -0.073000
v 0.020267 0.000000 -0.073000
v -0.003167 0.000000 -0.073000
v -0.026600 0.000000 -0.073000
v -0.050033 0.000000 -0.073000
v -0.050033 0.000000 -0.074800
v -0.026600 0.000000 -0.074800
v -0.003167 0.000000 -0.074800
v 0.020267 0.000000 -0.074800
v 0.043700 0.000000 -0.074800
v 0.043700 -0.000000 0.074800
v 0.020267 -0.000000 0.074800
v -0.003167 -0.000000 0.074800
v -0.026600 -0.000000 0.074800
v -0.050033 -0.000000 0.074800
v -0.050033 -0.000000 0.073000
v -0.026600 -0.000000 0.073000
v -0.003167 -0.000000 0.073000
v 0.020267 -0.000000 0.073000
v 0.043700 -0.000000 0.073000
v 0.043610 0.000141 0.075000
v 0.020222 0.000141 0.075000
v -0.003167 0.000141 0.075000
v -0.026555 0.000141 0.075000
v -0.049944 0.000141 0.075000
v -0.049978 0.000087 0.074985
v -0.026572 0.000087 0.074985
v -0.003167 0.000087 0.074985
v 0.020239 0.000087 0.074985
v 0.043645 0.000087 0.074985
v -0.050007 0.000041 0.074941
v -0.026587 0.000041 0.074941
v -0.003167 0.000041 0.074941
v 0.020253 0.000041 0.074941
v 0.043674 0.000041 0.074941
v -0.050027 0.000011 0.074877
v -0.026597 0.000011 0.074877
v -0.003167 0.000011 0.074877
v 0.020263 0.000011 0.074877
v 0.043693 0.000011 0.074877
v -0.049145 0.001403 0.074877
v -0.026156 0.001403 0.074877
v -0.003167 0.001403 0.074877
v 0.019822 0.001403 0.074877
v 0.042811 0.001403 0.074877
v -0.049164 0.001373 0.074941
v -0.026165 0.001373 0.074941
v -0.003167 0.001373 0.074941
v 0.019832 0.001373 0.074941
v 0.042830 0.001373 0.074941
v -0.049193 0.001327 0.074985
v -0.026180 0.001327 0.074985
v -0.003167 0.001327 0.074985
v 0.019846 0.001327 0.074985
v 0.042860 0.001327 0.074985
v -0.049227 0.001273 0.075000
v -0.026197 0.001273 0.075000
v -0.003167 0.001273 0.075000
v 0.019864 0.001273 0.075000
v 0.042894 0.001273 0.075000
v 0.043645 0.000087 -0.074985
v 0.020239 0.000087 -0.074985
v -0.003167 0.000087 -0.074985
v -0.026572 0.000087 -0.074985
v -0.049978 0.000087 -0.074985
v -0.049944 0.000141 -0.075000
v -0.026555 0.000141 -0.075000
v -0.003167 0.000141 -0.075000
v 0.020222 0.000141 -0.075000
v 0.043610 0.000141 -0.075000
v 0.043674 0.000041 -0.074941
v 0.020253 0.000041 -0.074941
v -0.003167 0.000041 -0.074941
v -0.026587 0.000041 -0.074941
v -0.050007 0.000041 -0.074941
v 0.043693 0.000011 -0.074877
v 0.020263 0.000011 -0.074877
v -0.003167 0.000011 -0.074877
v -0.026597 0.000011 -0.074877
v -0.050027 0.000011 -0.074877
v 0.042811 0.001403 -0.074877
v 0.019822 0.001403 -0.074877
v -0.003167 0.001403 -0.074877
v -0.026156 0.001403 -0.074877
v -0.049145 0.001403 -0.074877
v 0.042830 0.001373 -0.074941
v 0.019832 0.001373 -0.074941
v -0.003167 0.001373 -0.074941
v -0.026165 0.001373 -0.074941
v -0.049164 0.001373 -0.074941
v 0.042860 0.001327 -0.074985
v 0.019846 0.001327 -0.074985
v -0.003167 0.001327 -0.074985
v -0.026180 0.001327 -0.074985
v -0.049193 0.001327 -0.074985
v 0.042894 0.001273 -0.075000
v 0.019864 0.001273 -0.075000
v -0.003167 0.001273 -0.075000
v -0.026197 0.001273 -0.075000
v -0.049227 0.001273 -0.075000
v 0.043252 0.000707 -0.075000
v 0.020043 0.000707 -0.075000
v -0.003167 0.000707 -0.075000
v -0.026376 0.000707 -0.075000
v -0.049586 0.000707 -0.075000
v -0.049586 0.000707 0.075000
v -0.026376 0.000707 0.075000
v -0.003167 0.000707 0.075000
v 0.020043 0.000707 0.075000
v 0.043252 0.000707 0.075000
v -0.050033 0.000000 -0.069350
v -0.026600 0.000000 -0.069350
v -0.003167 0.000000 -0.069350
v 0.020267 0.000000 -0.069350
v 0.043700 0.000000 -0.069350
v 0.042804 0.001414 -0.069350
v 0.019819 0.001414 -0.069350
v -0.003167 0.001414 -0.069350
v -0.026152 0.001414 -0.069350
v -0.049138 0.001414 -0.069350
v 0.043700 -0.000000 0.069350
v 0.020267 -0.000000 0.069350
v -0.003167 -0.000000 0.069350
v -0.026600 -0.000000 0.069350
v -0.050033 -0.000000 0.069350
v -0.049138 0.001414 0.069350
v -0.026152 0.001414 0.069350
v -0.003167 0.001414 0.069350
v 0.019819 0.001414 0.069350
v 0.042804 0.001414 0.069350
v 0.043700 -0.000000 0.046233
v 0.020267 -0.000000 0.046233
v -0.003167 -0.000000 0.046233
v -0.026600 -0.000000 0.046233
v -0.050033 -0.000000 0.046233
v 0.043700 -0.000000 0.023117
v 0.020267 -0.000000 0.023117
v -0.003167 -0.000000 0.023117
v -0.026600 -0.000000 0.023117
v -0.050033 -0.000000 0.023117
v 0.043700 0.000000 -0.000000
v 0.020267 0.000000 -0.000000
v -0.003167 0.000000 0.000000
v -0.026600 0.000000 0.000000
v -0.050033 0.000000 0.000000
v 0.043700 0.000000 -0.023117
v 0.020267 0.000000 -0.023117
v -0.003167 0.000000 -0.023117
v -0.026600 0.000000 -0.023117
v -0.050033 0.000000 -0.023117
v 0.043700 0.000000 -0.046233
v 0.020267 0.000000 -0.046233
v -0.003167 0.000000 -0.046233
v -0.026600 0.000000 -0.046233
v -0.050033 0.000000 -0.046233
v 0.042804 0.001414 -0.046233
v 0.019819 0.001414 -0.046233
v -0.003167 0.001414 -0.046233
v -0.026152 0.001414 -0.046233
v -0.049138 0.001414 -0.046233
v 0.042804 0.001414 -0.023117
v 0.019819 0.001414 -0.023117
v -0.003167 0.001414 -0.023117
v -0.026152 0.001414 -0.023117
v -0.049138 0.001414 -0.023117
v 0.042804 0.001414 0.000000
v 0.019819 0.001414 0.000000
v -0.003167 0.001414 -0.000000
v -0.026152 0.001414 -0.000000
v -0.049138 0.001414 -0.000000
v 0.042804 0.001414 0.023117
v 0.019819 0.001414 0.023117
v -0.003167 0.001414 0.023117
v -0.026152 0.001414 0.023117
v -0.049138 0.001414 0.023117
v 0.042804 0.001414 0.046233
v 0.019819 0.001414 0.046233
v -0.003167 0.001414 0.046233
v -0.026152 0.001414 0.046233
v -0.049138 0.001414 0.046233
v 0.072412 0.028604 0.046233
v 0.072412 0.052483 0.046233
v 0.072412 0.076362 0.046233
v 0.072412 0.100242 0.046233
v 0.072412 0.124121 0.046233
v 0.072412 0.028604 0.000000
v 0.072412 0.052483 0.000000
v 0.072412 0.076363 0.000000
v 0.072412 0.100242 0.000000
v 0.072412 0.124121 0.000000
v 0.072412 0.028604 -0.023117
v 0.072412 0.052483 -0.023117
v 0.072412 0.076363 -0.023117
v 0.072412 0.100242 -0.023117
v 0.072412 0.124121 -0.023117
v 0.070886 0.029753 0.046233
v 0.070793 0.053403 0.046233
v 0.070699 0.077052 0.046233
v 0.070606 0.100701 0.046233
v 0.070513 0.124351 0.046233
v 0.070886 0.029753 0.023117
v 0.070793 0.053403 0.023117
v 0.070699 0.077052 0.023117
v 0.070606 0.100701 0.023117
v 0.070513 0.124351 0.023117
v 0.070886 0.029753 0.000000
v 0.070793 0.053403 0.000000
v 0.070699 0.077052 0.000000
v 0.070606 0.100701 0.000000
v 0.070513 0.124351 0.000000
v 0.070886 0.029753 -0.023117
v 0.070793 0.053403 -0.023117
v 0.070699 0.077052 -0.023117
v 0.070606 0.100701 -0.023117
v 0.070513 0.124351 -0.023117
v 0.070886 0.029753 -0.046233
v 0.070793 0.053403 -0.046233
v 0.070699 0.077052 -0.046233
v 0.070606 0.100701 -0.046233
v 0.070513 0.124351 -0.046233
v 0.072412 0.028604 -0.046233
v 0.072412 0.052483 -0.046233
v 0.072412 0.076363 -0.046233
v 0.072412 0.100242 -0.046233
v 0.072412 0.124121 -0.046233
v 0.072412 0.028604 0.023117
v 0.072412 0.052483 0.023117
v 0.072412 0.076363 0.023117
v 0.072412 0.100242 0.023117
v 0.072412 0.124121 0.023117
v 0.070513 0.124351 0.073000
v 0.070606 0.100701 0.073000
v 0.070700 0.077052 0.073000
v 0.070793 0.053403 0.073000
v 0.070886 0.029753 0.073000
v 0.070886 0.029753 0.074800
v 0.070793 0.053403 0.074800
v 0.070699 0.077052 0.074800
v 0.070606 0.100701 0.074800
v 0.070513 0.124351 0.074800
v 0.070513 0.124351 -0.074800
v 0.070606 0.100701 -0.074800
v 0.070700 0.077052 -0.074800
v 0.070793 0.053403 -0.074800
v 0.070886 0.029753 -0.074800
v 0.070886 0.029753 -0.073000
v 0.070793 0.053403 -0.073000
v 0.070699 0.077052 -0.073000
v 0.070606 0.100701 -0.073000
v 0.070513 0.124351 -0.073000
v 0.072412 0.124121 -0.073000
v 0.072412 0.100242 -0.073000
v 0.072412 0.076363 -0.073000
v 0.072412 0.052483 -0.073000
v 0.072412 0.028604 -0.073000
v 0.072412 0.028604 -0.074800
v 0.072412 0.052483 -0.074800
v 0.072412 0.076363 -0.074800
v 0.072412 0.100242 -0.074800
v 0.072412 0.124121 -0.074800
v 0.072412 0.124121 0.074800
v 0.072412 0.100242 0.074800
v 0.072412 0.076362 0.074800
v 0.072412 0.052483 0.074800
v 0.072412 0.028604 0.074800
v 0.072412 0.028604 0.073000
v 0.072412 0.052483 0.073000
v 0.072412 0.076362 0.073000
v 0.072412 0.100242 0.073000
v 0.072412 0.124121 0.073000
v 0.072400 0.028613 -0.074877
v 0.072400 0.052490 -0.074877
v 0.072399 0.076368 -0.074877
v 0.072398 0.100245 -0.074877
v 0.072397 0.124123 -0.074877
v 0.072367 0.028638 -0.074941
v 0.072365 0.052510 -0.074941
v 0.072362 0.076383 -0.074941
v 0.072359 0.100255 -0.074941
v 0.072356 0.124128 -0.074941
v 0.072318 0.028675 -0.074985
v 0.072312 0.052540 -0.074985
v 0.072306 0.076405 -0.074985
v 0.072300 0.100270 -0.074985
v 0.072295 0.124135 -0.074985
v 0.072259 0.028719 -0.075000
v 0.072250 0.052575 -0.075000
v 0.072241 0.076431 -0.075000
v 0.072231 0.100288 -0.075000
v 0.072222 0.124144 -0.075000
v 0.070703 0.124328 -0.075000
v 0.070787 0.100655 -0.075000
v 0.070871 0.076983 -0.075000
v 0.070955 0.053311 -0.075000
v 0.071038 0.029638 -0.075000
v 0.070980 0.029682 -0.074985
v 0.070893 0.053346 -0.074985
v 0.070805 0.077009 -0.074985
v 0.070718 0.100673 -0.074985
v 0.070630 0.124337 -0.074985
v 0.070931 0.029720 -0.074941
v 0.070840 0.053376 -0.074941
v 0.070750 0.077032 -0.074941
v 0.070659 0.100688 -0.074941
v 0.070569 0.124344 -0.074941
v 0.070898 0.029744 -0.074877
v 0.070805 0.053396 -0.074877
v 0.070713 0.077047 -0.074877
v 0.070620 0.100698 -0.074877
v 0.070527 0.124349 -0.074877
v 0.070630 0.124336 0.074985
v 0.070718 0.100673 0.074985
v 0.070805 0.077009 0.074985
v 0.070893 0.053346 0.074985
v 0.070980 0.029682 0.074985
v 0.071038 0.029638 0.075000
v 0.070955 0.053311 0.075000
v 0.070871 0.076983 0.075000
v 0.070787 0.100655 0.075000
v 0.070703 0.124328 0.075000
v 0.070569 0.124344 0.074941
v 0.070659 0.100688 0.074941
v 0.070750 0.077032 0.074941
v 0.070840 0.053376 0.074941
v 0.070931 0.029720 0.074941
v 0.070527 0.124349 0.074877
v 0.070620 0.100698 0.074877
v 0.070713 0.077047 0.074877
v 0.070805 0.053396 0.074877
v 0.070898 0.029744 0.074877
v 0.072397 0.124123 0.074877
v 0.072398 0.100245 0.074877
v 0.072399 0.076368 0.074877
v 0.072400 0.052490 0.074877
v 0.072400 0.028613 0.074877
v 0.072356 0.124128 0.074941
v 0.072359 0.100255 0.074941
v 0.072362 0.076383 0.074941
v 0.072365 0.052510 0.074941
v 0.072367 0.028638 0.074941
v 0.072295 0.124135 0.074985
v 0.072300 0.100270 0.074985
v 0.072306 0.076405 0.074985
v 0.072312 0.052540 0.074985
v 0.072318 0.028675 0.074985
v 0.072222 0.124144 0.075000
v 0.072231 0.100288 0.075000
v 0.072241 0.076431 0.075000
v 0.072250 0.052575 0.075000
v 0.072259 0.028719 0.075000
v 0.071649 0.029179 0.075000
v 0.071602 0.052943 0.075000
v 0.071556 0.076707 0.075000
v 0.071509 0.100471 0.075000
v 0.071462 0.124236 0.075000
v 0.071462 0.124236 -0.075000
v 0.071509 0.100471 -0.075000
v 0.071556 0.076707 -0.075000
v 0.071602 0.052943 -0.075000
v 0.071649 0.029179 -0.075000
v 0.072412 0.028604 -0.069350
v 0.072412 0.052483 -0.069350
v 0.072412 0.076363 -0.069350
v 0.072412 0.100242 -0.069350
v 0.072412 0.124121 -0.069350
v 0.070886 0.029753 0.069350
v 0.070793 0.053403 0.069350
v 0.070699 0.077052 0.069350
v 0.070606 0.100701 0.069350
v 0.070513 0.124351 0.069350
v 0.072412 0.028604 0.069350
v 0.072412 0.052483 0.069350
v 0.072412 0.076362 0.069350
v 0.072412 0.100242 0.069350
v 0.072412 0.124121 0.069350
v 0.070886 0.029753 -0.069350
v 0.070793 0.053403 -0.069350
v 0.070699 0.077052 -0.069350
v 0.070606 0.100701 -0.069350
v 0.070513 0.124351 -0.069350
v -0.051588 0.152591 -0.046233
v -0.028687 0.152589 -0.046233
v -0.005786 0.152588 -0.046233
v 0.017115 0.152586 -0.046233
v 0.040016 0.152584 -0.046233
v -0.051588 0.152591 -0.023117
v -0.028687 0.152589 -0.023117
v -0.005786 0.152588 -0.023117
v 0.017115 0.152586 -0.023117
v 0.040016 0.152584 -0.023117
v -0.051588 0.152591 0.000000
v -0.028687 0.152589 0.000000
v -0.005786 0.152588 0.000000
v 0.017115 0.152586 0.000000
v 0.040016 0.152584 0.000000
v -0.051588 0.152591 0.023117
v -0.028687 0.152589 0.023117
v -0.005786 0.152588 0.023117
v 0.017115 0.152586 0.023117
v 0.040016 0.152584 0.023117
v -0.051588 0.152591 0.046233
v -0.028687 0.152589 0.046233
v -0.005786 0.152588 0.046233
v 0.017115 0.152586 0.046233
v 0.040016 0.152584 0.046233
v -0.051586 0.154591 -0.046233
v -0.028683 0.154589 -0.046233
v -0.005779 0.154588 -0.046233
v 0.017124 0.154586 -0.046233
v 0.040028 0.154584 -0.046233
v -0.051586 0.154591 -0.023117
v -0.028683 0.154589 -0.023117
v -0.005779 0.154588 -0.023117
v 0.017124 0.154586 -0.023117
v 0.040028 0.154584 -0.023117
v -0.051586 0.154591 0.046233
v -0.028683 0.154589 0.046233
v -0.005779 0.154588 0.046233
v 0.017124 0.154586 0.046233
v 0.040028 0.154584 0.046233
v -0.051586 0.154591 0.023117
v -0.028683 0.154589 0.023117
v -0.005779 0.154588 0.023117
v 0.017124 0.154586 0.023117
v 0.040028 0.154584 0.023117
v -0.051586 0.154591 0.000000
v -0.028683 0.154589 0.000000
v -0.005779 0.154588 0.000000
v 0.017124 0.154586 0.000000
v 0.040028 0.154584 0.000000
v -0.051588 0.152591 0.073000
v -0.028687 0.152589 0.073000
v -0.005786 0.152588 0.073000
v 0.017115 0.152586 0.073000
v 0.040016 0.152584 0.073000
v -0.051286 0.152589 -0.074810
v -0.028083 0.152585 -0.074820
v -0.004880 0.152581 -0.074829
v 0.018323 0.152577 -0.074838
v 0.041526 0.152574 -0.074848
v -0.051284 0.154589 0.074810
v -0.028079 0.154585 0.074820
v -0.004873 0.154581 0.074829
v 0.018332 0.154577 0.074838
v 0.041538 0.154574 0.074848
v -0.051586 0.154591 -0.073000
v -0.028683 0.154589 -0.073000
v -0.005779 0.154587 -0.073000
v 0.017124 0.154586 -0.073000
v 0.040028 0.154584 -0.073000
v -0.051261 0.154389 0.075000
v -0.028033 0.154385 0.075000
v -0.004805 0.154381 0.075000
v 0.018423 0.154377 0.075000
v 0.041651 0.154373 0.075000
v -0.051263 0.154465 -0.074986
v -0.028037 0.154461 -0.074986
v -0.004810 0.154457 -0.074987
v 0.018416 0.154453 -0.074988
v 0.041643 0.154449 -0.074988
v -0.051268 0.154530 -0.074944
v -0.028046 0.154526 -0.074947
v -0.004825 0.154522 -0.074950
v 0.018397 0.154518 -0.074953
v 0.041619 0.154514 -0.074955
v -0.051275 0.154574 -0.074883
v -0.028061 0.154570 -0.074889
v -0.004847 0.154566 -0.074894
v 0.018367 0.154562 -0.074900
v 0.041581 0.154558 -0.074906
v -0.051278 0.152604 -0.074883
v -0.028066 0.152600 -0.074889
v -0.004854 0.152596 -0.074894
v 0.018358 0.152592 -0.074900
v 0.041570 0.152589 -0.074906
v -0.051270 0.152647 -0.074944
v -0.028051 0.152643 -0.074947
v -0.004831 0.152639 -0.074950
v 0.018388 0.152636 -0.074953
v 0.041608 0.152632 -0.074955
v -0.051265 0.152712 -0.074986
v -0.028041 0.152708 -0.074986
v -0.004816 0.152704 -0.074987
v 0.018408 0.152700 -0.074988
v 0.041633 0.152696 -0.074988
v -0.051263 0.152789 -0.075000
v -0.028037 0.152785 -0.075000
v -0.004811 0.152781 -0.075000
v 0.018416 0.152777 -0.075000
v 0.041642 0.152773 -0.075000
v -0.051262 0.153589 -0.075000
v -0.028035 0.153585 -0.075000
v -0.004808 0.153581 -0.075000
v 0.018419 0.153577 -0.075000
v 0.041647 0.153573 -0.075000
v -0.051588 0.152591 -0.069350
v -0.028687 0.152589 -0.069350
v -0.005786 0.152588 -0.069350
v 0.017115 0.152586 -0.069350
v 0.040016 0.152584 -0.069350
v -0.051586 0.154591 0.069350
v -0.028683 0.154589 0.069350
v -0.005779 0.154587 0.069350
v 0.017124 0.154586 0.069350
v 0.040028 0.154584 0.069350
v -0.051275 0.154574 0.074883
v -0.028061 0.154570 0.074889
v -0.004847 0.154566 0.074894
v 0.018367 0.154562 0.074900
v 0.041581 0.154558 0.074906
v -0.051268 0.154530 0.074944
v -0.028046 0.154526 0.074947
v -0.004825 0.154522 0.074950
v 0.018397 0.154518 0.074953
v 0.041619 0.154514 0.074955
v -0.051263 0.154465 0.074986
v -0.028037 0.154461 0.074986
v -0.004810 0.154457 0.074987
v 0.018416 0.154453 0.074988
v 0.041643 0.154449 0.074988
v -0.051262 0.153589 0.075000
v -0.028035 0.153585 0.075000
v -0.004808 0.153581 0.075000
v 0.018419 0.153577 0.075000
v 0.041647 0.153573 0.075000
v -0.051263 0.152789 0.075000
v -0.028037 0.152785 0.075000
v -0.004811 0.152781 0.075000
v 0.018416 0.152777 0.075000
v 0.041642 0.152773 0.075000
v -0.051265 0.152712 0.074986
v -0.028041 0.152708 0.074986
v -0.004816 0.152704 0.074987
v 0.018408 0.152700 0.074988
v 0.041633 0.152696 0.074988
v -0.051270 0.152647 0.074944
v -0.028051 0.152643 0.074947
v -0.004831 0.152639 0.074950
v 0.018388 0.152636 0.074953
v 0.041608 0.152632 0.074955
v -0.051278 0.152604 0.074883
v -0.028066 0.152600 0.074889
v -0.004854 0.152596 0.074894
v 0.018358 0.152592 0.074900
v 0.041570 0.152589 0.074906
v -0.051286 0.152589 0.074810
v -0.028083 0.152585 0.074820
v -0.004880 0.152581 0.074829
v 0.018323 0.152577 0.074838
v 0.041526 0.152574 0.074848
v -0.051588 0.152591 0.069350
v -0.028687 0.152589 0.069350
v -0.005786 0.152588 0.069350
v 0.017115 0.152586 0.069350
v 0.040016 0.152584 0.069350
v -0.051588 0.152591 -0.073000
v -0.028687 0.152589 -0.073000
v -0.005786 0.152588 -0.073000
v 0.017115 0.152586 -0.073000
v 0.040016 0.152584 -0.073000
v -0.051261 0.154389 -0.075000
v -0.028033 0.154385 -0.075000
v -0.004805 0.154381 -0.075000
v 0.018423 0.154377 -0.075000
v 0.041651 0.154373 -0.075000
v -0.051284 0.154589 -0.074810
v -0.028079 0.154585 -0.074820
v -0.004873 0.154581 -0.074829
v 0.018332 0.154577 -0.074838
v 0.041538 0.154574 -0.074848
v -0.051586 0.154591 -0.069350
v -0.028683 0.154589 -0.069350
v -0.005779 0.154587 -0.069350
v 0.017124 0.154586 -0.069350
v 0.040028 0.154584 -0.069350
v 0.040028 0.154584 0.073000
v 0.017124 0.154586 0.073000
v -0.005779 0.154588 0.073000
v -0.028683 0.154589 0.073000
v -0.051586 0.154591 0.073000
v -0.048490 0.151262 0.075000
v -0.025169 0.151262 0.075000
v -0.001849 0.151262 0.075000
v 0.021472 0.151262 0.075000
v 0.044792 0.151262 0.075000
v -0.048490 0.150462 0.075000
v -0.025169 0.150462 0.075000
v -0.001849 0.150462 0.075000
v 0.021472 0.150462 0.075000
v 0.044792 0.150462 0.075000
v -0.048490 0.152062 -0.075000
v -0.025169 0.152062 -0.075000
v -0.001849 0.152062 -0.075000
v 0.021472 0.152062 -0.075000
v 0.044792 0.152062 -0.075000
v -0.048375 0.152262 -0.074848
v -0.025077 0.152262 -0.074839
v -0.001780 0.152262 -0.074830
v 0.021518 0.152262 -0.074821
v 0.044815 0.152262 -0.074811
v -0.048481 0.150386 0.074988
v -0.025162 0.150386 0.074988
v -0.001844 0.150386 0.074987
v 0.021475 0.150386 0.074986
v 0.044794 0.150386 0.074986
v -0.048456 0.150321 0.074956
v -0.025142 0.150321 0.074953
v -0.001829 0.150321 0.074950
v 0.021485 0.150321 0.074947
v 0.044799 0.150321 0.074945
v -0.048419 0.150277 0.074906
v -0.025113 0.150277 0.074901
v -0.001806 0.150277 0.074895
v 0.021500 0.150277 0.074889
v 0.044806 0.150277 0.074884
v -0.048375 0.150262 0.074848
v -0.025077 0.150262 0.074839
v -0.001780 0.150262 0.074830
v 0.021518 0.150262 0.074821
v 0.044815 0.150262 0.074812
v -0.048419 0.152247 0.074906
v -0.025113 0.152247 0.074901
v -0.001806 0.152247 0.074895
v 0.021500 0.152247 0.074889
v 0.044806 0.152247 0.074884
v -0.048456 0.152204 0.074956
v -0.025142 0.152204 0.074953
v -0.001829 0.152204 0.074950
v 0.021485 0.152204 0.074947
v 0.044799 0.152204 0.074945
v -0.048481 0.152139 0.074988
v -0.025162 0.152139 0.074988
v -0.001844 0.152139 0.074987
v 0.021475 0.152139 0.074986
v 0.044794 0.152139 0.074986
v -0.046865 0.152262 -0.046233
v -0.023869 0.152262 -0.046233
v -0.000874 0.152262 -0.046233
v 0.022122 0.152262 -0.046233
v 0.045117 0.152262 -0.046233
v -0.046865 0.152262 0.023117
v -0.023869 0.152262 0.023117
v -0.000874 0.152262 0.023117
v 0.022122 0.152262 0.023117
v 0.045117 0.152262 0.023117
v -0.046865 0.152262 0.046233
v -0.023869 0.152262 0.046233
v -0.000874 0.152262 0.046233
v 0.022122 0.152262 0.046233
v 0.045117 0.152262 0.046233
v -0.046865 0.152262 0.000000
v -0.023869 0.152262 0.000000
v -0.000874 0.152262 0.000000
v 0.022122 0.152262 0.000000
v 0.045117 0.152262 0.000000
v -0.046865 0.152262 -0.023117
v -0.023869 0.152262 -0.023117
v -0.000874 0.152262 -0.023117
v 0.022122 0.152262 -0.023117
v 0.045117 0.152262 -0.023117
v -0.025867 0.003414 -0.069170
v -0.003167 0.003414 -0.069170
v 0.019534 0.003414 -0.069170
v 0.042234 0.003414 -0.069170
v -0.048567 0.003414 0.069170
v -0.025867 0.003414 0.069170
v -0.003167 0.003414 0.069170
v 0.019534 0.003414 0.069170
v 0.042234 0.003414 0.069170
v 0.043423 0.149815 0.074783
v 0.020128 0.149815 0.074783
v -0.003167 0.149815 0.074783
v -0.026462 0.149815 0.074783
v -0.049757 0.149815 0.074783
v 0.043394 0.149912 0.074735
v 0.020114 0.149912 0.074735
v -0.003167 0.149912 0.074735
v -0.026447 0.149912 0.074735
v -0.049728 0.149912 0.074735
v 0.043351 0.149977 0.074662
v 0.020092 0.149977 0.074662
v -0.003167 0.149977 0.074662
v -0.026426 0.149977 0.074662
v -0.049685 0.149977 0.074662
v -0.049757 0.149815 -0.074783
v -0.026462 0.149815 -0.074783
v -0.003167 0.149815 -0.074783
v 0.020128 0.149815 -0.074783
v 0.043423 0.149815 -0.074783
v -0.049728 0.149912 -0.074735
v -0.026447 0.149912 -0.074735
v -0.003167 0.149912 -0.074735
v 0.020114 0.149912 -0.074735
v 0.043394 0.149912 -0.074735
v -0.049685 0.149977 -0.074662
v -0.026426 0.149977 -0.074662
v -0.003167 0.149977 -0.074662
v 0.020092 0.149977 -0.074662
v 0.043351 0.149977 -0.074662
v -0.048650 0.149977 -0.072938
v -0.025908 0.149977 -0.072938
v -0.003167 0.149977 -0.072938
v 0.019575 0.149977 -0.072938
v 0.042316 0.149977 -0.072938
v -0.048607 0.149912 -0.072865
v -0.025887 0.149912 -0.072865
v -0.003167 0.149912 -0.072865
v 0.019553 0.149912 -0.072865
v 0.042273 0.149912 -0.072865
v -0.048578 0.149815 -0.072817
v -0.025872 0.149815 -0.072817
v -0.003167 0.149815 -0.072817
v 0.019539 0.149815 -0.072817
v 0.042244 0.149815 -0.072817
v 0.042316 0.149977 0.072938
v 0.019575 0.149977 0.072938
v -0.003167 0.149977 0.072938
v -0.025908 0.149977 0.072938
v -0.048650 0.149977 0.072938
v 0.042273 0.149912 0.072865
v 0.019553 0.149912 0.072865
v -0.003167 0.149912 0.072865
v -0.025887 0.149912 0.072865
v -0.048607 0.149912 0.072865
v 0.042244 0.149815 0.072817
v 0.019539 0.149815 0.072817
v -0.003167 0.149815 0.072817
v -0.025872 0.149815 0.072817
v -0.048578 0.149815 0.072817
v 0.042804 0.001414 0.047313
v 0.019819 0.001414 0.047313
v -0.003167 0.001414 0.047313
v -0.026152 0.001414 0.047313
v -0.049138 0.001414 0.047313
v -0.048567 0.003414 -0.071800
v -0.025867 0.003414 -0.071800
v -0.003167 0.003414 -0.071800
v 0.019534 0.003414 -0.071800
v 0.042234 0.003414 -0.071800
v 0.042234 0.003490 -0.072183
v 0.019534 0.003490 -0.072183
v -0.003167 0.003490 -0.072183
v -0.025867 0.003490 -0.072183
v -0.048567 0.003490 -0.072183
v 0.042234 0.003707 -0.072507
v 0.019534 0.003707 -0.072507
v -0.003167 0.003707 -0.072507
v -0.025867 0.003707 -0.072507
v -0.048567 0.003707 -0.072507
v 0.042234 0.004032 -0.072724
v 0.019534 0.004032 -0.072724
v -0.003167 0.004032 -0.072724
v -0.025867 0.004032 -0.072724
v -0.048567 0.004032 -0.072724
v 0.042234 0.004414 -0.072800
v 0.019534 0.004414 -0.072800
v -0.003167 0.004414 -0.072800
v -0.025867 0.004414 -0.072800
v -0.048567 0.004414 -0.072800
v 0.042234 0.003414 0.071800
v 0.019534 0.003414 0.071800
v -0.003167 0.003414 0.071800
v -0.025867 0.003414 0.071800
v -0.048567 0.003414 0.071800
v -0.048567 0.003490 0.072183
v -0.025867 0.003490 0.072183
v -0.003167 0.003490 0.072183
v 0.019534 0.003490 0.072183
v 0.042234 0.003490 0.072183
v -0.048567 0.003707 0.072507
v -0.025867 0.003707 0.072507
v -0.003167 0.003707 0.072507
v 0.019534 0.003707 0.072507
v 0.042234 0.003707 0.072507
v -0.048567 0.004032 0.072724
v -0.025867 0.004032 0.072724
v -0.003167 0.004032 0.072724
v 0.019534 0.004032 0.072724
v 0.042234 0.004032 0.072724
v -0.048567 0.004414 0.072800
v -0.025867 0.004414 0.072800
v -0.003167 0.004414 0.072800
v 0.019534 0.004414 0.072800
v 0.042234 0.004414 0.072800
v 0.042804 0.001414 0.023657
v 0.019819 0.001414 0.023657
v -0.003167 0.001414 0.023657
v -0.026152 0.001414 0.023657
v -0.049138 0.001414 0.023657
v 0.042804 0.001414 0.000000
v 0.019819 0.001414 0.000000
v -0.003167 0.001414 0.000000
v -0.026152 0.001414 0.000000
v -0.049138 0.001414 0.000000
v 0.042804 0.001414 -0.023657
v 0.019819 0.001414 -0.023657
v -0.003167 0.001414 -0.023657
v -0.026152 0.001414 -0.023657
v -0.049138 0.001414 -0.023657
v 0.042804 0.001414 -0.047313
v 0.019819 0.001414 -0.047313
v -0.003167 0.001414 -0.047313
v -0.026152 0.001414 -0.047313
v -0.049138 0.001414 -0.047313
v 0.070403 0.030037 -0.023657
v 0.070405 0.053969 -0.023657
v 0.070407 0.077902 -0.023657
v 0.070409 0.101835 -0.023657
v 0.070412 0.125767 -0.023657
v 0.070403 0.030037 0.023657
v 0.070405 0.053969 0.023657
v 0.070407 0.077902 0.023657
v 0.070409 0.101835 0.023657
v 0.070412 0.125767 0.023657
v 0.070403 0.030037 -0.047313
v 0.070405 0.053969 -0.047313
v 0.070407 0.077902 -0.047313
v 0.070409 0.101835 -0.047313
v 0.070412 0.125767 -0.047313
v -0.076745 0.125767 -0.023657
v -0.076743 0.101835 -0.023657
v -0.076741 0.077902 -0.023657
v -0.076739 0.053969 -0.023657
v -0.076736 0.030037 -0.023657
v 0.070403 0.030037 0.000000
v 0.070405 0.053969 0.000000
v 0.070407 0.077902 0.000000
v 0.070409 0.101835 0.000000
v 0.070412 0.125767 0.000000
v -0.076745 0.125767 0.000000
v -0.076743 0.101835 0.000000
v -0.076741 0.077902 0.000000
v -0.076739 0.053969 0.000000
v -0.076736 0.030037 0.000000
v -0.076745 0.125767 0.047313
v -0.076743 0.101835 0.047313
v -0.076741 0.077902 0.047313
v -0.076739 0.053969 0.047313
v -0.076736 0.030037 0.047313
v 0.070403 0.030037 0.047313
v 0.070405 0.053969 0.047313
v 0.070407 0.077902 0.047313
v 0.070409 0.101835 0.047313
v 0.070412 0.125767 0.047313
v -0.076745 0.125767 0.023657
v -0.076743 0.101835 0.023657
v -0.076741 0.077902 0.023657
v -0.076739 0.053969 0.023657
v -0.076736 0.030037 0.023657
v -0.076745 0.125767 -0.047313
v -0.076743 0.101835 -0.047313
v -0.076741 0.077902 -0.047313
v -0.076739 0.053969 -0.047313
v -0.076736 0.030037 -0.047313
v 0.066722 0.030037 0.074800
v 0.066725 0.053969 0.074800
v 0.066727 0.077902 0.074800
v 0.066729 0.101835 0.074800
v 0.066731 0.125767 0.074800
v 0.070403 0.030037 0.074800
v 0.070405 0.053969 0.074800
v 0.070407 0.077902 0.074800
v 0.070409 0.101835 0.074800
v 0.070412 0.125767 0.074800
v 0.070412 0.125767 -0.074800
v 0.070409 0.101835 -0.074800
v 0.070407 0.077902 -0.074800
v 0.070405 0.053969 -0.074800
v 0.070403 0.030037 -0.074800
v -0.076736 0.030037 -0.070970
v -0.076739 0.053969 -0.070970
v -0.076741 0.077902 -0.070970
v -0.076743 0.101835 -0.070970
v -0.076745 0.125767 -0.070970
v -0.076745 0.125767 -0.074800
v -0.076743 0.101835 -0.074800
v -0.076741 0.077902 -0.074800
v -0.076739 0.053969 -0.074800
v -0.076736 0.030037 -0.074800
v 0.070403 0.030037 0.070970
v 0.070405 0.053969 0.070970
v 0.070407 0.077902 0.070970
v 0.070409 0.101835 0.070970
v 0.070412 0.125767 0.070970
v -0.076736 0.030037 0.074800
v -0.076739 0.053969 0.074800
v -0.076741 0.077902 0.074800
v -0.076743 0.101835 0.074800
v -0.076745 0.125767 0.074800
v -0.073064 0.125767 0.074800
v -0.073062 0.101835 0.074800
v -0.073060 0.077902 0.074800
v -0.073058 0.053969 0.074800
v -0.073056 0.030037 0.074800
v -0.073056 0.030037 -0.074800
v -0.073058 0.053969 -0.074800
v -0.073060 0.077902 -0.074800
v -0.073062 0.101835 -0.074800
v -0.073064 0.125767 -0.074800
v -0.076745 0.125767 0.070970
v -0.076743 0.101835 0.070970
v -0.076741 0.077902 0.070970
v -0.076739 0.053969 0.070970
v -0.076736 0.030037 0.070970
v 0.070403 0.030037 -0.070970
v 0.070405 0.053969 -0.070970
v 0.070407 0.077902 -0.070970
v 0.070409 0.101835 -0.070970
v 0.070412 0.125767 -0.070970
v 0.066722 0.030037 -0.074800
v 0.066725 0.053969 -0.074800
v 0.066727 0.077902 -0.074800
v 0.066729 0.101835 -0.074800
v 0.066731 0.125767 -0.074800
v 0.043432 0.125767 0.074800
v 0.043430 0.101835 0.074800
v 0.043429 0.077902 0.074800
v 0.043427 0.053969 0.074800
v 0.043426 0.030037 0.074800
v 0.020132 0.125767 0.074800
v 0.020132 0.101835 0.074800
v 0.020131 0.077902 0.074800
v 0.020130 0.053969 0.074800
v 0.020130 0.030037 0.074800
v -0.003167 0.125767 0.074800
v -0.003167 0.101835 0.074800
v -0.003167 0.077902 0.074800
v -0.003167 0.053969 0.074800
v -0.003167 0.030037 0.074800
v -0.026466 0.125767 0.074800
v -0.026465 0.101835 0.074800
v -0.026465 0.077902 0.074800
v -0.026464 0.053969 0.074800
v -0.026463 0.030037 0.074800
v -0.049765 0.125767 0.074800
v -0.049764 0.101835 0.074800
v -0.049762 0.077902 0.074800
v -0.049761 0.053969 0.074800
v -0.049760 0.030037 0.074800
v 0.043426 0.030037 -0.074800
v 0.043427 0.053969 -0.074800
v 0.043429 0.077902 -0.074800
v 0.043430 0.101835 -0.074800
v 0.043432 0.125767 -0.074800
v 0.020130 0.030037 -0.074800
v 0.020130 0.053969 -0.074800
v 0.020131 0.077902 -0.074800
v 0.020132 0.101835 -0.074800
v 0.020132 0.125767 -0.074800
v -0.003167 0.030037 -0.074800
v -0.003167 0.053969 -0.074800
v -0.003167 0.077902 -0.074800
v -0.003167 0.101835 -0.074800
v -0.003167 0.125767 -0.074800
v -0.026463 0.030037 -0.074800
v -0.026464 0.053969 -0.074800
v -0.026465 0.077902 -0.074800
v -0.026465 0.101835 -0.074800
v -0.026466 0.125767 -0.074800
v -0.049760 0.030037 -0.074800
v -0.049761 0.053969 -0.074800
v -0.049762 0.077902 -0.074800
v -0.049764 0.101835 -0.074800
v -0.049765 0.125767 -0.074800
v 0.068415 0.125930 -0.023057
v 0.068415 0.102160 -0.023057
v 0.068415 0.078389 -0.023057
v 0.068415 0.054619 -0.023057
v 0.068415 0.030849 -0.023057
v 0.068415 0.125930 -0.046113
v 0.068415 0.102160 -0.046113
v 0.068415 0.078389 -0.046113
v 0.068415 0.054619 -0.046113
v 0.068415 0.030849 -0.046113
v 0.068415 0.125930 0.000000
v 0.068415 0.102160 0.000000
v 0.068415 0.078389 0.000000
v 0.068415 0.054619 0.000000
v 0.068415 0.030849 0.000000
v 0.068415 0.125930 0.023057
v 0.068415 0.102160 0.023057
v 0.068415 0.078389 0.023057
v 0.068415 0.054619 0.023057
v 0.068415 0.030849 0.023057
v 0.068415 0.030849 -0.072800
v 0.068415 0.054619 -0.072800
v 0.068415 0.078389 -0.072800
v 0.068415 0.102160 -0.072800
v 0.068415 0.125930 -0.072800
v 0.064934 0.125930 -0.072800
v 0.064934 0.102160 -0.072800
v 0.064934 0.078389 -0.072800
v 0.064934 0.054619 -0.072800
v 0.064934 0.030849 -0.072800
v 0.064934 0.125930 0.072800
v 0.064934 0.102160 0.072800
v 0.064934 0.078389 0.072800
v 0.064934 0.054619 0.072800
v 0.064934 0.030849 0.072800
v 0.068415 0.125930 0.072800
v 0.068415 0.102160 0.072800
v 0.068415 0.078389 0.072800
v 0.068415 0.054619 0.072800
v 0.068415 0.030849 0.072800
v 0.068415 0.125930 -0.069170
v 0.068415 0.102160 -0.069170
v 0.068415 0.078389 -0.069170
v 0.068415 0.054619 -0.069170
v 0.068415 0.030849 -0.069170
v -0.074749 0.030849 -0.072800
v -0.074749 0.054619 -0.072800
v -0.074749 0.078389 -0.072800
v -0.074749 0.102160 -0.072800
v -0.074749 0.125930 -0.072800
v -0.074749 0.125930 -0.069170
v -0.074749 0.102160 -0.069170
v -0.074749 0.078389 -0.069170
v -0.074749 0.054619 -0.069170
v -0.074749 0.030849 -0.069170
v 0.068415 0.125930 0.069170
v 0.068415 0.102160 0.069170
v 0.068415 0.078389 0.069170
v 0.068415 0.054619 0.069170
v 0.068415 0.030849 0.069170
v -0.074749 0.125930 0.069170
v -0.074749 0.102160 0.069170
v -0.074749 0.078389 0.069170
v -0.074749 0.054619 0.069170
v -0.074749 0.030849 0.069170
v -0.074749 0.125930 0.072800
v -0.074749 0.102160 0.072800
v -0.074749 0.078389 0.072800
v -0.074749 0.054619 0.072800
v -0.074749 0.030849 0.072800
v 0.068415 0.125930 0.046113
v 0.068415 0.102160 0.046113
v 0.068415 0.078389 0.046113
v 0.068415 0.054619 0.046113
v 0.068415 0.030849 0.046113
v -0.071268 0.125930 -0.072800
v -0.071268 0.102160 -0.072800
v -0.071268 0.078389 -0.072800
v -0.071268 0.054619 -0.072800
v -0.071268 0.030849 -0.072800
v -0.071268 0.125930 0.072800
v -0.071268 0.102160 0.072800
v -0.071268 0.078389 0.072800
v -0.071268 0.054619 0.072800
v -0.071268 0.030849 0.072800
v -0.074749 0.125930 0.023057
v -0.074749 0.102160 0.023057
v -0.074749 0.078389 0.023057
v -0.074749 0.054619 0.023057
v -0.074749 0.030849 0.023057
v -0.074749 0.125930 0.000000
v -0.074749 0.102160 0.000000
v -0.074749 0.078389 0.000000
v -0.074749 0.054619 0.000000
v -0.074749 0.030849 0.000000
v -0.074749 0.125930 -0.023057
v -0.074749 0.102160 -0.023057
v -0.074749 0.078389 -0.023057
v -0.074749 0.054619 -0.023057
v -0.074749 0.030849 -0.023057
v -0.074749 0.125930 0.046113
v -0.074749 0.102160 0.046113
v -0.074749 0.078389 0.046113
v -0.074749 0.054619 0.046113
v -0.074749 0.030849 0.046113
v -0.074749 0.125930 -0.046113
v -0.074749 0.102160 -0.046113
v -0.074749 0.078389 -0.046113
v -0.074749 0.054619 -0.046113
v -0.074749 0.030849 -0.046113
v -0.048567 0.125930 0.072800
v -0.048567 0.102160 0.072800
v -0.048567 0.078389 0.072800
v -0.048567 0.054619 0.072800
v -0.048567 0.030849 0.072800
v -0.025867 0.125930 0.072800
v -0.025867 0.102160 0.072800
v -0.025867 0.078389 0.072800
v -0.025867 0.054619 0.072800
v -0.025867 0.030849 0.072800
v -0.003167 0.125930 0.072800
v -0.003167 0.102160 0.072800
v -0.003167 0.078389 0.072800
v -0.003167 0.054619 0.072800
v -0.003167 0.030849 0.072800
v 0.019534 0.125930 0.072800
v 0.019534 0.102160 0.072800
v 0.019534 0.078389 0.072800
v 0.019534 0.054619 0.072800
v 0.019534 0.030849 0.072800
v 0.042234 0.125930 0.072800
v 0.042234 0.102160 0.072800
v 0.042234 0.078389 0.072800
v 0.042234 0.054619 0.072800
v 0.042234 0.030849 0.072800
v 0.042234 0.125930 -0.072800
v 0.042234 0.102160 -0.072800
v 0.042234 0.078389 -0.072800
v 0.042234 0.054619 -0.072800
v 0.042234 0.030849 -0.072800
v 0.019534 0.125930 -0.072800
v 0.019534 0.102160 -0.072800
v 0.019534 0.078389 -0.072800
v 0.019534 0.054619 -0.072800
v 0.019534 0.030849 -0.072800
v -0.003167 0.125930 -0.072800
v -0.003167 0.102160 -0.072800
v -0.003167 0.078389 -0.072800
v -0.003167 0.054619 -0.072800
v -0.003167 0.030849 -0.072800
v -0.025867 0.125930 -0.072800
v -0.025867 0.102160 -0.072800
v -0.025867 0.078389 -0.072800
v -0.025867 0.054619 -0.072800
v -0.025867 0.030849 -0.072800
v -0.048567 0.125930 -0.072800
v -0.048567 0.102160 -0.072800
v -0.048567 0.078389 -0.072800
v -0.048567 0.054619 -0.072800
v -0.048567 0.030849 -0.072800
vt 0.270952 0.390260
vt 0.270952 0.388506
vt 0.273190 0.388506
vt 0.273190 0.390260
vt 0.456897 0.388507
vt 0.456897 0.390262
vt 0.454660 0.390262
vt 0.454660 0.388507
vt 0.074027 0.395825
vt 0.074026 0.394069
vt 0.076263 0.394068
vt 0.076263 0.395826
vt 0.259967 0.394068
vt 0.259967 0.395824
vt 0.257731 0.395825
vt 0.257731 0.394067
vt 0.456994 0.388513
vt 0.456994 0.390255
vt 0.457087 0.388529
vt 0.457087 0.390236
vt 0.883693 0.377708
vt 0.883678 0.376025
vt 0.883768 0.376024
vt 0.883784 0.377707
vt 0.883858 0.376023
vt 0.883873 0.377706
vt 0.073930 0.395832
vt 0.073930 0.394063
vt 0.073836 0.395851
vt 0.073834 0.394047
vt 0.885875 0.376004
vt 0.885890 0.377687
vt 0.885800 0.377688
vt 0.885784 0.376005
vt 0.885710 0.377689
vt 0.885695 0.376006
vt 0.260064 0.394062
vt 0.260063 0.395831
vt 0.260159 0.394047
vt 0.260157 0.395850
vt 0.862077 0.377581
vt 0.862053 0.375911
vt 0.862160 0.375893
vt 0.862164 0.377584
vt 0.862247 0.375895
vt 0.862250 0.377586
vt 0.270855 0.390253
vt 0.270856 0.388511
vt 0.270763 0.390235
vt 0.270762 0.388527
vt 0.864253 0.375884
vt 0.864277 0.377554
vt 0.864190 0.377551
vt 0.864166 0.375882
vt 0.864104 0.377549
vt 0.864080 0.375879
vt 0.863167 0.377578
vt 0.863163 0.375887
vt 0.884776 0.376015
vt 0.884792 0.377698
vt 0.277729 0.207510
vt 0.277729 0.206267
vt 0.306462 0.206268
vt 0.306462 0.207511
vt 0.138264 0.206666
vt 0.109531 0.206666
vt 0.109531 0.204505
vt 0.138264 0.204505
vt 0.166996 0.206666
vt 0.166996 0.204505
vt 0.195728 0.206666
vt 0.195728 0.204505
vt 0.224460 0.206666
vt 0.224460 0.204504
vt 0.253192 0.206666
vt 0.253192 0.204504
vt 0.335194 0.206268
vt 0.306462 0.205025
vt 0.335194 0.205025
vt 0.363926 0.206268
vt 0.363926 0.205025
vt 0.392659 0.206268
vt 0.392659 0.205025
vt 0.421391 0.206269
vt 0.421391 0.205026
vt 0.450123 0.206269
vt 0.450123 0.205026
vt 0.306462 0.204764
vt 0.335194 0.204765
vt 0.363926 0.204765
vt 0.392659 0.204765
vt 0.421391 0.204765
vt 0.450124 0.204766
vt 0.306462 0.204505
vt 0.335194 0.204506
vt 0.363926 0.204506
vt 0.392659 0.204506
vt 0.421391 0.204506
vt 0.450123 0.204506
vt 0.138264 0.211314
vt 0.109531 0.211314
vt 0.109531 0.210071
vt 0.138264 0.210071
vt 0.166996 0.211314
vt 0.166996 0.210071
vt 0.195728 0.211314
vt 0.195728 0.210071
vt 0.306458 0.726372
vt 0.306458 0.696506
vt 0.335191 0.696506
vt 0.335191 0.726372
vt 0.306458 0.666640
vt 0.306458 0.636774
vt 0.335191 0.636774
vt 0.335191 0.666640
vt 0.195729 0.676625
vt 0.195729 0.706776
vt 0.166996 0.706776
vt 0.166996 0.676624
vt 0.306459 0.756238
vt 0.335192 0.756237
vt 0.195730 0.586170
vt 0.195730 0.616321
vt 0.166997 0.616321
vt 0.166997 0.586170
vt 0.195729 0.646473
vt 0.166996 0.646473
vt 0.421390 0.696505
vt 0.421390 0.666639
vt 0.450123 0.666639
vt 0.450123 0.696505
vt 0.421390 0.636774
vt 0.421390 0.606908
vt 0.450123 0.606908
vt 0.450123 0.636773
vt 0.253195 0.706777
vt 0.257732 0.706777
vt 0.257731 0.736929
vt 0.253194 0.736929
vt 0.421390 0.726371
vt 0.450123 0.726371
vt 0.253196 0.616321
vt 0.257732 0.616321
vt 0.257732 0.646474
vt 0.253195 0.646474
vt 0.253195 0.676625
vt 0.257732 0.676625
vt 0.277725 0.666640
vt 0.273188 0.666640
vt 0.273188 0.636774
vt 0.277725 0.636774
vt 0.253195 0.586170
vt 0.257732 0.586169
vt 0.277726 0.756238
vt 0.273189 0.756238
vt 0.273189 0.726372
vt 0.277725 0.726372
vt 0.277725 0.696506
vt 0.273188 0.696506
vt 0.138263 0.676624
vt 0.138264 0.646473
vt 0.166996 0.736928
vt 0.138263 0.736928
vt 0.138263 0.706776
vt 0.224461 0.736929
vt 0.224462 0.706777
vt 0.138264 0.616321
vt 0.224462 0.646473
vt 0.224463 0.616321
vt 0.224462 0.676625
vt 0.080797 0.676624
vt 0.076261 0.676624
vt 0.076261 0.646472
vt 0.080798 0.646472
vt 0.224463 0.586170
vt 0.080797 0.767079
vt 0.076260 0.767079
vt 0.076260 0.736927
vt 0.080797 0.736927
vt 0.080797 0.706776
vt 0.076260 0.706775
vt 0.454660 0.636773
vt 0.454660 0.666639
vt 0.454660 0.696505
vt 0.454660 0.726371
vt 0.195728 0.736928
vt 0.454659 0.606908
vt 0.196480 0.023517
vt 0.196498 0.023438
vt 0.226001 0.023438
vt 0.225965 0.023516
vt 0.257729 0.173403
vt 0.257729 0.201985
vt 0.253192 0.201985
vt 0.253192 0.173403
vt 0.257730 0.804903
vt 0.253193 0.804903
vt 0.253193 0.776435
vt 0.257730 0.776434
vt 0.166996 0.173404
vt 0.166996 0.201985
vt 0.138264 0.201985
vt 0.138263 0.173404
vt 0.270952 0.756238
vt 0.270951 0.726372
vt 0.454660 0.790252
vt 0.450124 0.790252
vt 0.450123 0.761787
vt 0.454660 0.761787
vt 0.078509 0.967207
vt 0.078473 0.967118
vt 0.107989 0.967118
vt 0.108013 0.967207
vt 0.270951 0.696506
vt 0.270951 0.666640
vt 0.167020 0.967207
vt 0.167020 0.967118
vt 0.196536 0.967118
vt 0.196524 0.967207
vt 0.138262 0.767079
vt 0.109530 0.767079
vt 0.109530 0.736927
vt 0.167020 0.967022
vt 0.196540 0.967022
vt 0.226060 0.967022
vt 0.226051 0.967118
vt 0.138262 0.025897
vt 0.138263 0.030496
vt 0.109530 0.030496
vt 0.109530 0.025897
vt 0.306458 0.577042
vt 0.277725 0.577042
vt 0.277725 0.572456
vt 0.306458 0.572456
vt 0.421390 0.394772
vt 0.392657 0.394772
vt 0.392657 0.390261
vt 0.421390 0.390262
vt 0.363925 0.394772
vt 0.363925 0.390261
vt 0.166995 0.025897
vt 0.166995 0.030495
vt 0.137531 0.023587
vt 0.137510 0.023517
vt 0.166995 0.023517
vt 0.166995 0.023587
vt 0.335192 0.394772
vt 0.306459 0.394772
vt 0.306459 0.390261
vt 0.335192 0.390261
vt 0.270950 0.758783
vt 0.270855 0.758778
vt 0.270856 0.757481
vt 0.270952 0.757481
vt 0.270897 0.057200
vt 0.273194 0.059077
vt 0.273194 0.087658
vt 0.270908 0.086157
vt 0.166995 0.023438
vt 0.224459 0.025896
vt 0.224459 0.030495
vt 0.195727 0.030495
vt 0.195727 0.025897
vt 0.253192 0.144822
vt 0.224460 0.173403
vt 0.224460 0.144822
vt 0.224458 0.951841
vt 0.224458 0.947242
vt 0.253191 0.947242
vt 0.253191 0.951841
vt 0.363927 0.116241
vt 0.363927 0.087659
vt 0.392660 0.087660
vt 0.392660 0.116241
vt 0.421390 0.577042
vt 0.392657 0.577042
vt 0.392657 0.572456
vt 0.421390 0.572456
vt 0.813529 0.439088
vt 0.813527 0.409342
vt 0.842482 0.409342
vt 0.842484 0.439088
vt 0.078460 0.967022
vt 0.078460 0.966027
vt 0.107980 0.966027
vt 0.107980 0.967022
vt 0.847059 0.439088
vt 0.847056 0.409342
vt 0.755614 0.208508
vt 0.784524 0.208623
vt 0.784492 0.208733
vt 0.755614 0.208617
vt 0.726664 0.392012
vt 0.726666 0.391527
vt 0.754881 0.391640
vt 0.754879 0.392125
vt 0.668886 0.208160
vt 0.697795 0.208276
vt 0.697858 0.208386
vt 0.668981 0.208270
vt 0.528423 0.963156
vt 0.556402 0.963156
vt 0.556402 0.963655
vt 0.528423 0.963655
vt 0.784571 0.587967
vt 0.755617 0.587967
vt 0.755617 0.587823
vt 0.784577 0.587823
vt 0.664282 0.177994
vt 0.668857 0.178012
vt 0.668735 0.207759
vt 0.664160 0.207740
vt 0.726680 0.588102
vt 0.697744 0.588102
vt 0.697708 0.587967
vt 0.726662 0.587967
vt 0.653611 0.558384
vt 0.653612 0.588130
vt 0.648852 0.588131
vt 0.648851 0.558384
vt 0.813490 0.588102
vt 0.784554 0.588102
vt 0.813526 0.587967
vt 0.224460 0.804903
vt 0.224461 0.776435
vt 0.501832 0.025192
vt 0.501832 0.029778
vt 0.472429 0.029778
vt 0.472429 0.025192
vt 0.755617 0.588223
vt 0.726707 0.588223
vt 0.755617 0.588102
vt 0.618702 0.589607
vt 0.647733 0.589606
vt 0.646864 0.590572
vt 0.618122 0.590572
vt 0.842346 0.588223
vt 0.813436 0.588223
vt 0.842427 0.588102
vt 0.467668 0.178511
vt 0.472428 0.178511
vt 0.472428 0.208258
vt 0.467667 0.208257
vt 0.784576 0.208223
vt 0.784570 0.208368
vt 0.755615 0.208252
vt 0.755616 0.208108
vt 0.306461 0.937177
vt 0.277728 0.937177
vt 0.277728 0.932578
vt 0.306461 0.932578
vt 0.590037 0.208403
vt 0.560640 0.208403
vt 0.560640 0.208259
vt 0.590044 0.208259
vt 0.726739 0.588333
vt 0.697861 0.588333
vt 0.697797 0.588223
vt 0.653611 0.059525
vt 0.648851 0.059525
vt 0.648850 0.029778
vt 0.653611 0.029778
vt 0.813373 0.588333
vt 0.784495 0.588333
vt 0.784527 0.588223
vt 0.560640 0.588531
vt 0.589992 0.588531
vt 0.589960 0.588641
vt 0.560640 0.588641
vt 0.755617 0.590630
vt 0.783839 0.590631
vt 0.783832 0.590775
vt 0.755617 0.590775
vt 0.195725 0.951840
vt 0.195725 0.947241
vt 0.472428 0.558384
vt 0.472428 0.588131
vt 0.467667 0.588130
vt 0.467668 0.558384
vt 0.699162 0.210689
vt 0.727383 0.210802
vt 0.727389 0.210946
vt 0.699174 0.210833
vt 0.670711 0.210209
vt 0.699010 0.210322
vt 0.699073 0.210432
vt 0.670806 0.210319
vt 0.847188 0.178726
vt 0.847072 0.208472
vt 0.842497 0.208455
vt 0.842613 0.178708
vt 0.584381 0.963156
vt 0.584381 0.963655
vt 0.670952 0.590631
vt 0.699174 0.590630
vt 0.699186 0.590775
vt 0.670971 0.590775
vt 0.868181 0.765512
vt 0.867264 0.765520
vt 0.866959 0.737892
vt 0.867876 0.737884
vt 0.670234 0.391786
vt 0.670236 0.391301
vt 0.698451 0.391414
vt 0.698449 0.391899
vt 0.755605 0.210915
vt 0.783826 0.211028
vt 0.783819 0.211172
vt 0.755604 0.211059
vt 0.073817 0.115054
vt 0.073904 0.115082
vt 0.073912 0.144050
vt 0.073821 0.144032
vt 0.073882 0.028178
vt 0.073953 0.028244
vt 0.073965 0.057201
vt 0.073890 0.057146
vt 0.889424 0.876459
vt 0.889681 0.904125
vt 0.888763 0.904134
vt 0.888506 0.876467
vt 0.073803 0.028122
vt 0.073808 0.057100
vt 0.073813 0.086077
vt 0.073897 0.086114
vt 0.883067 0.083461
vt 0.883157 0.083460
vt 0.883415 0.111238
vt 0.883325 0.111239
vt 0.883583 0.139017
vt 0.883673 0.139016
vt 0.883931 0.166794
vt 0.883841 0.166795
vt 0.883493 0.139018
vt 0.883752 0.166796
vt 0.882809 0.055683
vt 0.882899 0.055682
vt 0.888416 0.876468
vt 0.888673 0.904135
vt 0.888583 0.904135
vt 0.888326 0.876469
vt 0.882720 0.055684
vt 0.882977 0.083462
vt 0.883236 0.111240
vt 0.861283 0.111205
vt 0.861390 0.111186
vt 0.861666 0.138992
vt 0.861579 0.138990
vt 0.882461 0.027906
vt 0.882551 0.027905
vt 0.860422 0.027880
vt 0.860509 0.027883
vt 0.860806 0.055667
vt 0.860699 0.055686
vt 0.861001 0.083435
vt 0.861087 0.083437
vt 0.457033 0.906043
vt 0.457041 0.934894
vt 0.456970 0.934829
vt 0.456958 0.905988
vt 0.861174 0.083440
vt 0.861477 0.111189
vt 0.861773 0.138974
vt 0.862055 0.166744
vt 0.861968 0.166741
vt 0.270753 0.144031
vt 0.270843 0.144049
vt 0.270850 0.173017
vt 0.270756 0.173008
vt 0.860892 0.055670
vt 0.270741 0.057099
vt 0.270822 0.057145
vt 0.270829 0.086113
vt 0.270745 0.086076
vt 0.270749 0.115053
vt 0.270836 0.115081
vt 0.073886 0.920703
vt 0.073878 0.949557
vt 0.073799 0.949613
vt 0.073804 0.920749
vt 0.270919 0.115114
vt 0.270930 0.144071
vt 0.270736 0.028121
vt 0.270816 0.028177
vt 0.270886 0.028243
vt 0.260014 0.086157
vt 0.260093 0.086113
vt 0.260086 0.115081
vt 0.260003 0.115114
vt 0.259992 0.144071
vt 0.260079 0.144049
vt 0.260072 0.173017
vt 0.259981 0.173028
vt 0.890432 0.876449
vt 0.890689 0.904116
vt 0.890600 0.904117
vt 0.890343 0.876450
vt 0.260169 0.144030
vt 0.260165 0.173008
vt 0.260025 0.057200
vt 0.260100 0.057145
vt 0.260182 0.057099
vt 0.260178 0.086076
vt 0.260173 0.115053
vt 0.859276 0.111216
vt 0.859363 0.111219
vt 0.859660 0.139003
vt 0.859573 0.139001
vt 0.260107 0.028177
vt 0.260186 0.028121
vt 0.858396 0.027912
vt 0.858482 0.027915
vt 0.858779 0.055700
vt 0.858692 0.055697
vt 0.858974 0.083467
vt 0.859081 0.083449
vt 0.859168 0.083451
vt 0.859450 0.111221
vt 0.859746 0.139006
vt 0.860049 0.166755
vt 0.859942 0.166773
vt 0.195728 0.173403
vt 0.195728 0.144822
vt 0.858865 0.055702
vt 0.224459 0.059077
vt 0.224460 0.087658
vt 0.195727 0.087659
vt 0.195727 0.059077
vt 0.224460 0.116240
vt 0.195728 0.116240
vt 0.109531 0.116241
vt 0.109531 0.144822
vt 0.080799 0.144823
vt 0.080798 0.116241
vt 0.109530 0.059078
vt 0.080798 0.059078
vt 0.080798 0.030496
vt 0.109531 0.087659
vt 0.080798 0.087659
vt 0.277730 0.087658
vt 0.306463 0.087659
vt 0.306462 0.116241
vt 0.277730 0.116240
vt 0.277730 0.144822
vt 0.306462 0.144822
vt 0.306462 0.173404
vt 0.277729 0.173404
vt 0.138263 0.144822
vt 0.109531 0.173404
vt 0.277731 0.059077
vt 0.306463 0.059077
vt 0.887806 0.702223
vt 0.887539 0.673462
vt 0.888457 0.673454
vt 0.888725 0.702214
vt 0.888073 0.730984
vt 0.888992 0.730975
vt 0.887272 0.644702
vt 0.887005 0.615941
vt 0.887923 0.615932
vt 0.888190 0.644693
vt 0.887155 0.730992
vt 0.886888 0.702231
vt 0.864772 0.615731
vt 0.864453 0.587019
vt 0.865369 0.587011
vt 0.865689 0.615723
vt 0.886620 0.673471
vt 0.454661 0.059078
vt 0.456958 0.057202
vt 0.456947 0.086159
vt 0.454661 0.087660
vt 0.273190 0.394771
vt 0.270953 0.394771
vt 0.581437 0.975383
vt 0.551918 0.975383
vt 0.551918 0.974388
vt 0.581437 0.974389
vt 0.456896 0.394773
vt 0.454659 0.394773
vt 0.640476 0.975383
vt 0.610957 0.975383
vt 0.610957 0.974388
vt 0.640476 0.974388
vt 0.076262 0.400424
vt 0.074025 0.400424
vt 0.551918 0.976377
vt 0.522398 0.976377
vt 0.522398 0.975383
vt 0.259969 0.400423
vt 0.257731 0.400423
vt 0.610957 0.976377
vt 0.581437 0.976377
vt 0.862304 0.381960
vt 0.862217 0.381958
vt 0.195728 0.201985
vt 0.224460 0.201985
vt 0.862130 0.381955
vt 0.260155 0.400472
vt 0.260065 0.400435
vt 0.080799 0.204505
vt 0.080799 0.201986
vt 0.109531 0.201986
vt 0.363926 0.201986
vt 0.392659 0.201987
vt 0.270857 0.394758
vt 0.306462 0.201986
vt 0.335194 0.201986
vt 0.270768 0.394722
vt 0.335191 0.570702
vt 0.306458 0.570702
vt 0.306458 0.566191
vt 0.335191 0.566191
vt 0.864310 0.381949
vt 0.864223 0.381946
vt 0.392657 0.570702
vt 0.363924 0.570702
vt 0.363924 0.566191
vt 0.392657 0.566191
vt 0.864137 0.381944
vt 0.450123 0.570702
vt 0.421390 0.570702
vt 0.421390 0.566191
vt 0.450123 0.566191
vt 0.885840 0.382054
vt 0.885751 0.382055
vt 0.363927 0.173405
vt 0.392659 0.173405
vt 0.885931 0.382053
vt 0.253192 0.116240
vt 0.073929 0.400436
vt 0.073839 0.400473
vt 0.392657 0.606908
vt 0.335191 0.606908
vt 0.335191 0.577042
vt 0.363924 0.577042
vt 0.363924 0.606908
vt 0.456992 0.394760
vt 0.277725 0.606908
vt 0.306458 0.606908
vt 0.457081 0.394724
vt 0.166997 0.581540
vt 0.195730 0.581540
vt 0.883824 0.382073
vt 0.883734 0.382073
vt 0.109531 0.586169
vt 0.109531 0.581539
vt 0.138264 0.581540
vt 0.138264 0.586169
vt 0.883914 0.382072
vt 0.195730 0.546057
vt 0.224463 0.546057
vt 0.224463 0.575183
vt 0.195730 0.575183
vt 0.884832 0.382063
vt 0.138264 0.546057
vt 0.166997 0.546057
vt 0.166997 0.575183
vt 0.138264 0.575183
vt 0.080799 0.546056
vt 0.109531 0.546056
vt 0.109531 0.575183
vt 0.080799 0.575183
vt 0.863220 0.381952
vt 0.166997 0.579782
vt 0.195730 0.579782
vt 0.109531 0.579782
vt 0.138264 0.579782
vt 0.866306 0.586982
vt 0.866605 0.615715
vt 0.865982 0.644492
vt 0.866898 0.644484
vt 0.865971 0.730751
vt 0.865678 0.701982
vt 0.866594 0.701974
vt 0.866888 0.730743
vt 0.224462 0.395825
vt 0.253194 0.395825
vt 0.253195 0.400424
vt 0.224462 0.400424
vt 0.864979 0.644498
vt 0.864665 0.615750
vt 0.865065 0.644500
vt 0.865272 0.673267
vt 0.865358 0.673270
vt 0.866296 0.673240
vt 0.867212 0.673232
vt 0.867511 0.701966
vt 0.867804 0.730735
vt 0.080797 0.773947
vt 0.109530 0.773947
vt 0.109530 0.775190
vt 0.080797 0.775190
vt 0.273190 0.383866
vt 0.270953 0.383866
vt 0.138262 0.773948
vt 0.166995 0.773948
vt 0.166995 0.775191
vt 0.138262 0.775191
vt 0.456896 0.383868
vt 0.454659 0.383868
vt 0.277726 0.759303
vt 0.306459 0.759303
vt 0.306459 0.760546
vt 0.277726 0.760546
vt 0.076263 0.389383
vt 0.074025 0.389383
vt 0.363925 0.759302
vt 0.392658 0.759302
vt 0.392658 0.760545
vt 0.363925 0.760545
vt 0.259969 0.389382
vt 0.257731 0.389382
vt 0.335192 0.760545
vt 0.335192 0.761788
vt 0.306459 0.761789
vt 0.073929 0.389371
vt 0.421391 0.760545
vt 0.421391 0.761788
vt 0.392658 0.761788
vt 0.073838 0.389337
vt 0.195728 0.775192
vt 0.195728 0.776434
vt 0.166995 0.776434
vt 0.885833 0.371536
vt 0.885743 0.371537
vt 0.253194 0.359702
vt 0.253194 0.389382
vt 0.224462 0.389382
vt 0.224462 0.359702
vt 0.885653 0.371538
vt 0.166997 0.359702
vt 0.166997 0.389382
vt 0.138264 0.389382
vt 0.138264 0.359702
vt 0.883816 0.371555
vt 0.883727 0.371555
vt 0.421390 0.354473
vt 0.421390 0.383868
vt 0.392658 0.383868
vt 0.392658 0.354473
vt 0.883636 0.371556
vt 0.335192 0.354472
vt 0.335192 0.383867
vt 0.306460 0.383867
vt 0.306460 0.354472
vt 0.457083 0.383914
vt 0.456993 0.383880
vt 0.392657 0.388507
vt 0.363925 0.388507
vt 0.363925 0.383868
vt 0.277726 0.758784
vt 0.277726 0.757481
vt 0.306459 0.757481
vt 0.306459 0.758783
vt 0.864109 0.371422
vt 0.864023 0.371419
vt 0.363925 0.758783
vt 0.363925 0.757480
vt 0.392658 0.757480
vt 0.392658 0.758782
vt 0.864217 0.371403
vt 0.224461 0.769626
vt 0.195728 0.769625
vt 0.195728 0.768323
vt 0.224461 0.768323
vt 0.270857 0.383878
vt 0.270767 0.383912
vt 0.138262 0.769625
vt 0.109530 0.769624
vt 0.109530 0.768322
vt 0.138262 0.768322
vt 0.166995 0.769625
vt 0.166995 0.771787
vt 0.138262 0.771786
vt 0.260065 0.389370
vt 0.277726 0.790254
vt 0.277726 0.761789
vt 0.306459 0.790254
vt 0.260156 0.389336
vt 0.363925 0.790253
vt 0.363925 0.761788
vt 0.392658 0.790253
vt 0.862103 0.371433
vt 0.862017 0.371430
vt 0.306459 0.759043
vt 0.335192 0.759043
vt 0.335192 0.759302
vt 0.862190 0.371436
vt 0.392658 0.759043
vt 0.421391 0.759043
vt 0.421391 0.759302
vt 0.863106 0.371428
vt 0.277726 0.759044
vt 0.884735 0.371546
vt 0.363925 0.759043
vt 0.865484 0.701998
vt 0.865185 0.673264
vt 0.865571 0.702000
vt 0.864578 0.615747
vt 0.864279 0.587014
vt 0.864366 0.587017
vt 0.260065 0.736931
vt 0.260066 0.706782
vt 0.260160 0.706794
vt 0.260161 0.736937
vt 0.260065 0.767082
vt 0.260162 0.767081
vt 0.196540 0.965033
vt 0.196536 0.964937
vt 0.226051 0.964937
vt 0.226060 0.965033
vt 0.422935 0.023439
vt 0.422898 0.023518
vt 0.393413 0.023517
vt 0.393431 0.023439
vt 0.080799 0.395826
vt 0.080799 0.394068
vt 0.450123 0.388507
vt 0.450123 0.390262
vt 0.452320 0.023588
vt 0.456971 0.023589
vt 0.454661 0.025898
vt 0.450125 0.025898
vt 0.421391 0.756237
vt 0.450123 0.756236
vt 0.080798 0.025897
vt 0.076261 0.025897
vt 0.073952 0.023588
vt 0.078603 0.023587
vt 0.073884 0.023519
vt 0.078539 0.023517
vt 0.273188 0.606908
vt 0.073816 0.023452
vt 0.078485 0.023439
vt 0.073850 0.967207
vt 0.073812 0.967118
vt 0.073799 0.967022
vt 0.452384 0.023518
vt 0.457039 0.023520
vt 0.452438 0.023439
vt 0.457107 0.023453
vt 0.076261 0.616320
vt 0.080798 0.616320
vt 0.078473 0.964937
vt 0.073812 0.964937
vt 0.073850 0.964848
vt 0.078509 0.964848
vt 0.078460 0.965033
vt 0.073799 0.965033
vt 0.073799 0.966027
vt 0.450123 0.577042
vt 0.454659 0.577042
vt 0.224460 0.211313
vt 0.224460 0.210070
vt 0.886738 0.587180
vt 0.887656 0.587172
vt 0.253192 0.211313
vt 0.253192 0.210070
vt 0.754380 0.787635
vt 0.782949 0.787635
vt 0.782949 0.817039
vt 0.754380 0.817039
vt 0.783904 0.210662
vt 0.812203 0.210776
vt 0.812139 0.210885
vt 0.783872 0.210772
vt 0.640339 0.930256
vt 0.640339 0.901837
vt 0.642837 0.901837
vt 0.642836 0.930256
vt 0.698300 0.059142
vt 0.669345 0.059026
vt 0.669467 0.029280
vt 0.698421 0.029396
vt 0.813524 0.208483
vt 0.813488 0.208618
vt 0.784551 0.208503
vt 0.670940 0.210576
vt 0.670959 0.210720
vt 0.727395 0.590630
vt 0.727401 0.590775
vt 0.253194 0.394067
vt 0.224462 0.394067
vt 0.253192 0.030495
vt 0.253192 0.059077
vt 0.138263 0.059077
vt 0.138263 0.087659
vt 0.886353 0.644710
vt 0.886086 0.615949
vt 0.076261 0.059078
vt 0.076261 0.030496
vt 0.076262 0.087659
vt 0.073976 0.086158
vt 0.273193 0.116240
vt 0.273193 0.144822
vt 0.363925 0.423342
vt 0.392657 0.423342
vt 0.080799 0.400424
vt 0.421390 0.423342
vt 0.335194 0.207511
vt 0.450123 0.394773
vt 0.864892 0.644495
vt 0.080799 0.579782
vt 0.755606 0.210659
vt 0.783845 0.210893
vt 0.755605 0.210780
vt 0.167020 0.964937
vt 0.167020 0.964848
vt 0.196524 0.964848
vt 0.450123 0.383868
vt 0.812048 0.211141
vt 0.812034 0.211285
vt 0.531242 0.208403
vt 0.501844 0.208403
vt 0.501831 0.208259
vt 0.531236 0.208259
vt 0.259969 0.676625
vt 0.260066 0.676632
vt 0.259969 0.706777
vt 0.080799 0.389383
vt 0.306460 0.388506
vt 0.277727 0.390260
vt 0.277727 0.388506
vt 0.305000 0.023586
vt 0.306463 0.025896
vt 0.277731 0.025896
vt 0.275536 0.023586
vt 0.273195 0.025896
vt 0.270885 0.023587
vt 0.225922 0.023586
vt 0.255386 0.023586
vt 0.253192 0.025896
vt 0.260038 0.023587
vt 0.257728 0.025896
vt 0.255450 0.023516
vt 0.260106 0.023518
vt 0.255504 0.023438
vt 0.260174 0.023451
vt 0.226027 0.967207
vt 0.255567 0.967118
vt 0.255530 0.967207
vt 0.260227 0.967118
vt 0.260189 0.967207
vt 0.255579 0.967022
vt 0.260240 0.967022
vt 0.304958 0.023516
vt 0.275473 0.023516
vt 0.270817 0.023518
vt 0.304922 0.023438
vt 0.275418 0.023438
vt 0.270749 0.023451
vt 0.226027 0.964848
vt 0.255530 0.964848
vt 0.255567 0.964937
vt 0.260189 0.964848
vt 0.260227 0.964937
vt 0.255579 0.965033
vt 0.260240 0.965033
vt 0.226060 0.966027
vt 0.255579 0.966027
vt 0.260240 0.966027
vt 0.109531 0.208828
vt 0.138264 0.208828
vt 0.166996 0.208828
vt 0.195728 0.208828
vt 0.224460 0.208827
vt 0.727308 0.210436
vt 0.755606 0.210549
vt 0.727339 0.210546
vt 0.668753 0.207903
vt 0.697707 0.208019
vt 0.697742 0.208155
vt 0.668806 0.208038
vt 0.619447 0.409651
vt 0.619447 0.405065
vt 0.648850 0.405065
vt 0.648850 0.409651
vt 0.726678 0.208271
vt 0.726705 0.208392
vt 0.755615 0.208387
vt 0.456935 0.115116
vt 0.454661 0.116242
vt 0.273194 0.030495
vt 0.885819 0.587189
vt 0.257728 0.059077
vt 0.257729 0.087658
vt 0.335194 0.173404
vt 0.335195 0.144823
vt 0.363927 0.144823
vt 0.306459 0.423341
vt 0.335192 0.423342
vt 0.277727 0.394771
vt 0.270952 0.423341
vt 0.273190 0.423341
vt 0.664175 0.439088
vt 0.664178 0.409342
vt 0.668752 0.409342
vt 0.668749 0.439088
vt 0.726661 0.208136
vt 0.393392 0.023587
vt 0.363928 0.023587
vt 0.363928 0.023517
vt 0.277727 0.383866
vt 0.531287 0.588531
vt 0.531319 0.588641
vt 0.107989 0.964937
vt 0.108013 0.964848
vt 0.137517 0.964848
vt 0.137505 0.964937
vt 0.260066 0.646482
vt 0.260158 0.646507
vt 0.260159 0.676650
vt 0.456970 0.028244
vt 0.454662 0.030497
vt 0.260036 0.028243
vt 0.257728 0.030495
vt 0.882641 0.027904
vt 0.858527 0.023472
vt 0.858589 0.027896
vt 0.858440 0.023470
vt 0.861882 0.166739
vt 0.858353 0.023467
vt 0.860596 0.027885
vt 0.270941 0.173028
vt 0.860554 0.023440
vt 0.860467 0.023438
vt 0.860360 0.023456
vt 0.882510 0.023438
vt 0.882420 0.023439
vt 0.882600 0.023438
vt 0.859855 0.166771
vt 0.457041 0.028179
vt 0.457119 0.028123
vt 0.880493 0.023457
vt 0.880535 0.027924
vt 0.880444 0.027925
vt 0.880403 0.023458
vt 0.880583 0.023456
vt 0.880624 0.027923
vt 0.080799 0.173404
vt 0.881501 0.023448
vt 0.881543 0.027915
vt 0.859506 0.027888
vt 0.859443 0.023464
vt 0.277731 0.030495
vt 0.306463 0.030495
vt 0.138263 0.116241
vt 0.259970 0.586169
vt 0.260066 0.586182
vt 0.260066 0.616332
vt 0.259970 0.616321
vt 0.270854 0.636765
vt 0.270855 0.606897
vt 0.270951 0.606908
vt 0.270951 0.636774
vt 0.259970 0.646474
vt 0.270763 0.636741
vt 0.270764 0.606866
vt 0.270761 0.666615
vt 0.270854 0.666634
vt 0.270855 0.726370
vt 0.270854 0.696502
vt 0.253192 0.087658
vt 0.273193 0.173404
vt 0.335195 0.116241
vt 0.270759 0.726364
vt 0.270760 0.696489
vt 0.450125 0.030497
vt 0.456923 0.144073
vt 0.454661 0.144824
vt 0.259968 0.736929
vt 0.335196 0.030496
vt 0.335195 0.059077
vt 0.270855 0.756238
vt 0.421393 0.030497
vt 0.421393 0.025898
vt 0.270950 0.570701
vt 0.273188 0.570701
vt 0.273188 0.572456
vt 0.270950 0.572456
vt 0.456897 0.572456
vt 0.454660 0.572456
vt 0.454660 0.570702
vt 0.456897 0.570701
vt 0.074026 0.579782
vt 0.076263 0.579782
vt 0.076263 0.581539
vt 0.074026 0.581539
vt 0.259968 0.581539
vt 0.257731 0.581540
vt 0.257731 0.579782
vt 0.259968 0.579783
vt 0.456994 0.570708
vt 0.456994 0.572449
vt 0.457086 0.570727
vt 0.457086 0.572430
vt 0.885315 0.552330
vt 0.885406 0.552329
vt 0.885421 0.554012
vt 0.885331 0.554013
vt 0.885495 0.552328
vt 0.885511 0.554012
vt 0.073930 0.581545
vt 0.073930 0.579776
vt 0.073836 0.581564
vt 0.073836 0.579756
vt 0.887528 0.553993
vt 0.887438 0.553993
vt 0.887422 0.552310
vt 0.887512 0.552310
vt 0.887348 0.553994
vt 0.887332 0.552311
vt 0.260064 0.579777
vt 0.260064 0.581546
vt 0.260158 0.579758
vt 0.260158 0.581565
vt 0.863920 0.552130
vt 0.864007 0.552133
vt 0.864025 0.553838
vt 0.863939 0.553835
vt 0.864094 0.552135
vt 0.864112 0.553840
vt 0.270853 0.572449
vt 0.270853 0.570708
vt 0.270761 0.572430
vt 0.270761 0.570727
vt 0.866118 0.553829
vt 0.866031 0.553827
vt 0.866013 0.552121
vt 0.866100 0.552124
vt 0.865945 0.553824
vt 0.865927 0.552119
vt 0.865029 0.553832
vt 0.865010 0.552127
vt 0.886414 0.552320
vt 0.886429 0.554003
vt 0.610948 0.974293
vt 0.640463 0.974293
vt 0.522398 0.974388
vt 0.492878 0.976377
vt 0.492878 0.975383
vt 0.640476 0.976377
vt 0.421391 0.201987
vt 0.277729 0.201985
vt 0.277729 0.204505
vt 0.392659 0.144823
vt 0.363928 0.059078
vt 0.392660 0.059078
vt 0.456912 0.173030
vt 0.454660 0.173405
vt 0.224463 0.581540
vt 0.080799 0.586169
vt 0.080799 0.581539
vt 0.224463 0.579782
vt 0.270758 0.756238
vt 0.253195 0.579782
vt 0.253195 0.581540
vt 0.867299 0.673235
vt 0.866985 0.644487
vt 0.867072 0.644489
vt 0.867386 0.673237
vt 0.277725 0.570702
vt 0.867598 0.701968
vt 0.304998 0.939487
vt 0.275534 0.939488
vt 0.866393 0.586984
vt 0.866692 0.615718
vt 0.255386 0.954151
vt 0.225921 0.954151
vt 0.456897 0.666639
vt 0.456993 0.666633
vt 0.456994 0.696501
vt 0.456897 0.696505
vt 0.255450 0.954221
vt 0.225964 0.954221
vt 0.456896 0.577042
vt 0.456992 0.577029
vt 0.456993 0.606897
vt 0.456897 0.606908
vt 0.255504 0.954300
vt 0.226000 0.954299
vt 0.456993 0.636765
vt 0.457085 0.636740
vt 0.457086 0.666614
vt 0.492911 0.976562
vt 0.463407 0.976562
vt 0.463371 0.976473
vt 0.492887 0.976473
vt 0.886440 0.673472
vt 0.886531 0.673472
vt 0.886798 0.702232
vt 0.886708 0.702233
vt 0.463359 0.976377
vt 0.885639 0.587190
vt 0.885729 0.587189
vt 0.885996 0.615950
vt 0.885906 0.615951
vt 0.304955 0.939557
vt 0.275470 0.939557
vt 0.886264 0.644711
vt 0.304919 0.939636
vt 0.275416 0.939636
vt 0.885462 0.558429
vt 0.885552 0.558428
vt 0.492887 0.974292
vt 0.463371 0.974292
vt 0.463407 0.974203
vt 0.492911 0.974203
vt 0.888280 0.644692
vt 0.888547 0.673453
vt 0.492879 0.974388
vt 0.463359 0.974388
vt 0.888013 0.615932
vt 0.887746 0.587171
vt 0.887836 0.587170
vt 0.888103 0.615930
vt 0.463359 0.975383
vt 0.888814 0.702214
vt 0.888637 0.673452
vt 0.888904 0.702213
vt 0.073834 0.676648
vt 0.073836 0.646505
vt 0.073927 0.646481
vt 0.073927 0.676630
vt 0.277726 0.423341
vt 0.073829 0.767079
vt 0.073831 0.736935
vt 0.073926 0.736929
vt 0.073926 0.767079
vt 0.392659 0.207511
vt 0.421391 0.207512
vt 0.257729 0.144822
vt 0.551918 0.974292
vt 0.581433 0.974292
vt 0.610924 0.974203
vt 0.640427 0.974203
vt 0.257728 0.204504
vt 0.522402 0.974292
vt 0.522415 0.974203
vt 0.551918 0.974203
vt 0.166997 0.395826
vt 0.166997 0.394068
vt 0.195729 0.394068
vt 0.195729 0.395825
vt 0.422934 0.939634
vt 0.393431 0.939634
vt 0.393412 0.939556
vt 0.422898 0.939555
vt 0.612360 0.963156
vt 0.612360 0.963655
vt 0.334423 0.939635
vt 0.334441 0.939556
vt 0.392660 0.030496
vt 0.421392 0.059078
vt 0.363927 0.939556
vt 0.363927 0.939486
vt 0.393391 0.939486
vt 0.640463 0.976473
vt 0.610948 0.976473
vt 0.253193 0.767081
vt 0.253193 0.768324
vt 0.224461 0.767080
vt 0.551918 0.976473
vt 0.522402 0.976473
vt 0.450123 0.201987
vt 0.454660 0.201987
vt 0.454661 0.204506
vt 0.610924 0.976562
vt 0.581421 0.976562
vt 0.581433 0.976473
vt 0.138264 0.395826
vt 0.138264 0.394068
vt 0.522415 0.976562
vt 0.137507 0.954219
vt 0.166992 0.954220
vt 0.166992 0.954298
vt 0.137488 0.954298
vt 0.078599 0.954148
vt 0.108063 0.954149
vt 0.108021 0.954219
vt 0.078535 0.954218
vt 0.166992 0.954150
vt 0.196457 0.954150
vt 0.196478 0.954220
vt 0.166995 0.767079
vt 0.166995 0.768322
vt 0.109527 0.951839
vt 0.138259 0.951839
vt 0.137528 0.954149
vt 0.725810 0.787635
vt 0.725810 0.817039
vt 0.363927 0.937176
vt 0.392660 0.937176
vt 0.450123 0.572456
vt 0.363924 0.572456
vt 0.335191 0.572456
vt 0.074023 0.736927
vt 0.074023 0.767079
vt 0.860965 0.166747
vt 0.861247 0.194517
vt 0.860331 0.194525
vt 0.335196 0.025897
vt 0.363928 0.025897
vt 0.363928 0.030496
vt 0.862164 0.194509
vt 0.882833 0.166805
vt 0.884010 0.194574
vt 0.883091 0.194583
vt 0.450124 0.116242
vt 0.450124 0.087660
vt 0.881914 0.166813
vt 0.882172 0.194591
vt 0.881825 0.166814
vt 0.882083 0.194592
vt 0.108025 0.023517
vt 0.107988 0.023439
vt 0.137492 0.023438
vt 0.881735 0.166815
vt 0.881993 0.194593
vt 0.457004 0.173019
vt 0.457097 0.173010
vt 0.457092 0.201987
vt 0.456996 0.201987
vt 0.456900 0.201987
vt 0.073919 0.173018
vt 0.074011 0.173029
vt 0.074023 0.201987
vt 0.073926 0.201987
vt 0.868267 0.765515
vt 0.867983 0.737866
vt 0.073826 0.173009
vt 0.073830 0.201987
vt 0.884189 0.194572
vt 0.884099 0.194573
vt 0.868354 0.765517
vt 0.868070 0.737868
vt 0.862250 0.194511
vt 0.862357 0.194493
vt 0.270857 0.201985
vt 0.270761 0.201985
vt 0.270847 0.790641
vt 0.270754 0.790650
vt 0.270758 0.761789
vt 0.270855 0.761789
vt 0.270952 0.201985
vt 0.260065 0.201986
vt 0.259969 0.201986
vt 0.260162 0.201986
vt 0.270940 0.790630
vt 0.270951 0.761789
vt 0.860244 0.194523
vt 0.860157 0.194520
vt 0.076263 0.201986
vt 0.076263 0.204506
vt 0.074026 0.204506
vt 0.260072 0.805289
vt 0.259980 0.805278
vt 0.259969 0.776434
vt 0.260065 0.776434
vt 0.259966 0.204505
vt 0.456899 0.204506
vt 0.273192 0.201985
vt 0.273192 0.204505
vt 0.270953 0.204504
vt 0.260166 0.805298
vt 0.260162 0.776434
vt 0.697240 0.817039
vt 0.725810 0.846443
vt 0.697240 0.846443
vt 0.754380 0.846443
vt 0.668671 0.846443
vt 0.697240 0.875847
vt 0.668671 0.875847
vt 0.866240 0.765547
vt 0.866154 0.765544
vt 0.865870 0.737895
vt 0.865956 0.737898
vt 0.725810 0.875847
vt 0.782949 0.846443
vt 0.811519 0.846443
vt 0.811519 0.875847
vt 0.782949 0.875847
vt 0.867508 0.876188
vt 0.867792 0.903837
vt 0.867706 0.903835
vt 0.867421 0.876186
vt 0.842251 0.588332
vt 0.755617 0.588333
vt 0.813537 0.208339
vt 0.076257 0.918772
vt 0.076257 0.947239
vt 0.073949 0.949492
vt 0.073961 0.920648
vt 0.726655 0.207991
vt 0.697695 0.207875
vt 0.842480 0.587966
vt 0.260025 0.920651
vt 0.260036 0.949495
vt 0.257728 0.947242
vt 0.257728 0.918774
vt 0.270951 0.566190
vt 0.273188 0.566190
vt 0.454659 0.423342
vt 0.456896 0.423342
vt 0.454659 0.566190
vt 0.456896 0.566190
vt 0.074025 0.429551
vt 0.076262 0.429551
vt 0.074025 0.575183
vt 0.076262 0.575183
vt 0.257732 0.429550
vt 0.259969 0.429550
vt 0.257732 0.575184
vt 0.259970 0.575184
vt 0.862507 0.409571
vt 0.862594 0.409573
vt 0.863948 0.547794
vt 0.864055 0.547776
vt 0.862420 0.409568
vt 0.863861 0.547792
vt 0.260066 0.429558
vt 0.260155 0.429583
vt 0.260066 0.575172
vt 0.260155 0.575135
vt 0.270856 0.423332
vt 0.270855 0.566203
vt 0.270767 0.423308
vt 0.270766 0.566239
vt 0.864513 0.409560
vt 0.864620 0.409541
vt 0.865975 0.547762
vt 0.866061 0.547764
vt 0.864427 0.409557
vt 0.865888 0.547760
vt 0.886008 0.409703
vt 0.886097 0.409702
vt 0.887292 0.547946
vt 0.887381 0.547945
vt 0.886187 0.409702
vt 0.887472 0.547944
vt 0.073839 0.429583
vt 0.073929 0.429559
vt 0.073839 0.575135
vt 0.073928 0.575171
vt 0.456993 0.423334
vt 0.456992 0.566203
vt 0.457082 0.423310
vt 0.457081 0.566239
vt 0.883991 0.409722
vt 0.884081 0.409721
vt 0.885275 0.547964
vt 0.885365 0.547964
vt 0.884171 0.409720
vt 0.885455 0.547963
vt 0.885089 0.409712
vt 0.886373 0.547954
vt 0.863510 0.409565
vt 0.864972 0.547768
vt 0.080799 0.429551
vt 0.074023 0.706775
vt 0.257730 0.767081
vt 0.259968 0.767082
vt 0.074023 0.676624
vt 0.074024 0.646472
vt 0.454660 0.756236
vt 0.456897 0.726371
vt 0.456897 0.756236
vt 0.277725 0.566190
vt 0.273188 0.577042
vt 0.270951 0.577042
vt 0.076262 0.586168
vt 0.074024 0.586168
vt 0.073928 0.586181
vt 0.073838 0.586218
vt 0.887569 0.558409
vt 0.887479 0.558410
vt 0.887389 0.558411
vt 0.885372 0.558429
vt 0.457081 0.576992
vt 0.866079 0.558236
vt 0.865993 0.558234
vt 0.866166 0.558239
vt 0.270855 0.577029
vt 0.270766 0.576992
vt 0.260156 0.586219
vt 0.864073 0.558248
vt 0.863986 0.558245
vt 0.864160 0.558250
vt 0.865076 0.558242
vt 0.886470 0.558419
vt 0.196459 0.023586
vt 0.195728 0.767080
vt 0.866778 0.615720
vt 0.867891 0.730737
vt 0.867684 0.701971
vt 0.867998 0.730719
vt 0.452320 0.939485
vt 0.450125 0.937175
vt 0.454662 0.937175
vt 0.456971 0.939485
vt 0.456994 0.726369
vt 0.080794 0.951838
vt 0.073947 0.954148
vt 0.076257 0.951838
vt 0.456897 0.636773
vt 0.073879 0.954216
vt 0.457088 0.696488
vt 0.078481 0.954297
vt 0.073811 0.954284
vt 0.457083 0.606866
vt 0.640427 0.976562
vt 0.645124 0.976473
vt 0.645086 0.976562
vt 0.886173 0.644712
vt 0.645137 0.976377
vt 0.452384 0.939555
vt 0.457040 0.939553
vt 0.452438 0.939634
vt 0.457107 0.939621
vt 0.645086 0.974203
vt 0.645124 0.974293
vt 0.889081 0.730974
vt 0.645137 0.974388
vt 0.888370 0.644691
vt 0.645137 0.975383
vt 0.073837 0.616362
vt 0.073928 0.616331
vt 0.073832 0.706792
vt 0.073926 0.706780
vt 0.813538 0.587823
vt 0.697695 0.587823
vt 0.726656 0.587823
vt 0.726736 0.208502
vt 0.137505 0.967118
vt 0.137500 0.967022
vt 0.454662 0.932576
vt 0.454661 0.904112
vt 0.253196 0.546057
vt 0.257733 0.546057
vt 0.253195 0.575184
vt 0.450122 0.537621
vt 0.454659 0.537621
vt 0.108067 0.023587
vt 0.866480 0.586987
vt 0.270882 0.939487
vt 0.273192 0.937177
vt 0.257728 0.951841
vt 0.260037 0.954151
vt 0.260106 0.954219
vt 0.260173 0.954287
vt 0.457090 0.726362
vt 0.458749 0.976562
vt 0.458711 0.976473
vt 0.458698 0.976377
vt 0.270814 0.939555
vt 0.270746 0.939623
vt 0.458711 0.974292
vt 0.458749 0.974203
vt 0.458698 0.974388
vt 0.458698 0.975383
vt 0.889172 0.730973
vt 0.363926 0.207511
vt 0.421391 0.173405
vt 0.450124 0.173405
vt 0.334425 0.023438
vt 0.334443 0.023517
vt 0.421392 0.144823
vt 0.421392 0.116242
vt 0.450124 0.144824
vt 0.273191 0.904114
vt 0.273192 0.932578
vt 0.270883 0.934831
vt 0.270894 0.905991
vt 0.137517 0.967207
vt 0.273190 0.790254
vt 0.273189 0.761789
vt 0.450123 0.423342
vt 0.890523 0.876449
vt 0.890780 0.904115
vt 0.867849 0.908297
vt 0.867742 0.908315
vt 0.074009 0.805276
vt 0.073917 0.805286
vt 0.073925 0.776432
vt 0.074022 0.776432
vt 0.867655 0.908313
vt 0.867619 0.903832
vt 0.260107 0.949560
vt 0.260186 0.949616
vt 0.457114 0.906090
vt 0.457119 0.934950
vt 0.270813 0.934897
vt 0.270734 0.934952
vt 0.869855 0.908286
vt 0.869768 0.908283
vt 0.869712 0.903823
vt 0.869819 0.903805
vt 0.869682 0.908281
vt 0.869625 0.903821
vt 0.890731 0.908583
vt 0.890641 0.908583
vt 0.890821 0.908582
vt 0.889315 0.765785
vt 0.888397 0.765793
vt 0.888140 0.738127
vt 0.889058 0.738118
vt 0.866347 0.765528
vt 0.866043 0.737900
vt 0.888715 0.908601
vt 0.888624 0.908602
vt 0.888804 0.908601
vt 0.889723 0.908592
vt 0.868765 0.908289
vt 0.868709 0.903829
vt 0.080794 0.947239
vt 0.109527 0.947240
vt 0.166992 0.951840
vt 0.166992 0.947241
vt 0.109529 0.804901
vt 0.109530 0.776433
vt 0.138262 0.776434
vt 0.138262 0.804901
vt 0.195727 0.804902
vt 0.166995 0.804902
vt 0.138259 0.947241
vt 0.080796 0.804900
vt 0.076259 0.804900
vt 0.076260 0.776432
vt 0.080797 0.776433
vt 0.450125 0.932576
vt 0.273192 0.204764
vt 0.270951 0.204764
vt 0.273192 0.205024
vt 0.270954 0.205026
vt 0.273192 0.206267
vt 0.270956 0.206268
vt 0.273193 0.207510
vt 0.270956 0.207510
vt 0.456897 0.207512
vt 0.454660 0.207512
vt 0.454660 0.206269
vt 0.456897 0.206270
vt 0.454661 0.205026
vt 0.456899 0.205027
vt 0.454661 0.204766
vt 0.456902 0.204766
vt 0.076264 0.206666
vt 0.074027 0.206666
vt 0.076263 0.208827
vt 0.074027 0.208826
vt 0.076263 0.210070
vt 0.074025 0.210069
vt 0.076263 0.211313
vt 0.074025 0.211313
vt 0.259964 0.206665
vt 0.257728 0.206665
vt 0.259965 0.208825
vt 0.257728 0.208826
vt 0.259967 0.210068
vt 0.257729 0.210069
vt 0.259967 0.211312
vt 0.257729 0.211312
vt 0.073928 0.211313
vt 0.073928 0.210069
vt 0.073930 0.208823
vt 0.073931 0.206666
vt 0.073929 0.204510
vt 0.073831 0.211313
vt 0.073830 0.210069
vt 0.073833 0.208812
vt 0.073836 0.206666
vt 0.073833 0.204521
vt 0.884256 0.201690
vt 0.884165 0.201691
vt 0.884154 0.200500
vt 0.884244 0.200499
vt 0.884143 0.199309
vt 0.884233 0.199308
vt 0.884132 0.198148
vt 0.884222 0.198147
vt 0.884122 0.196988
vt 0.884212 0.196987
vt 0.884076 0.201692
vt 0.884064 0.200501
vt 0.884053 0.199309
vt 0.884043 0.198149
vt 0.884032 0.196989
vt 0.882239 0.201709
vt 0.882149 0.201710
vt 0.882138 0.200519
vt 0.882227 0.200518
vt 0.882127 0.199327
vt 0.882216 0.199327
vt 0.882116 0.198167
vt 0.882206 0.198166
vt 0.882105 0.197007
vt 0.882195 0.197006
vt 0.882059 0.201711
vt 0.882048 0.200519
vt 0.882036 0.199328
vt 0.882026 0.198168
vt 0.882015 0.197008
vt 0.457091 0.207512
vt 0.456994 0.207512
vt 0.456993 0.206269
vt 0.457090 0.206269
vt 0.456994 0.205032
vt 0.457085 0.205043
vt 0.456999 0.204766
vt 0.457087 0.204767
vt 0.456994 0.204501
vt 0.457085 0.204492
vt 0.862327 0.201625
vt 0.862241 0.201623
vt 0.862223 0.200452
vt 0.862330 0.200434
vt 0.862210 0.199247
vt 0.862317 0.199228
vt 0.862207 0.198091
vt 0.862293 0.198093
vt 0.862189 0.196921
vt 0.862275 0.196923
vt 0.862414 0.201628
vt 0.862416 0.200436
vt 0.862404 0.199231
vt 0.862380 0.198096
vt 0.862382 0.196904
vt 0.270859 0.207510
vt 0.270762 0.207511
vt 0.270763 0.206268
vt 0.270859 0.206268
vt 0.270768 0.205041
vt 0.270859 0.205030
vt 0.270765 0.204765
vt 0.270853 0.204764
vt 0.270767 0.204490
vt 0.270859 0.204500
vt 0.260064 0.211312
vt 0.260064 0.210068
vt 0.260062 0.208821
vt 0.260060 0.206665
vt 0.260062 0.204509
vt 0.260161 0.211312
vt 0.260162 0.210068
vt 0.260158 0.208811
vt 0.260156 0.206665
vt 0.260159 0.204520
vt 0.860321 0.201636
vt 0.860234 0.201634
vt 0.860216 0.200463
vt 0.860303 0.200466
vt 0.860204 0.199258
vt 0.860290 0.199260
vt 0.860180 0.198123
vt 0.860287 0.198105
vt 0.860182 0.196932
vt 0.860269 0.196934
vt 0.860408 0.201639
vt 0.860390 0.200469
vt 0.860377 0.199263
vt 0.860374 0.198107
vt 0.860355 0.196937
vt 0.861272 0.196929
vt 0.861290 0.198099
vt 0.861294 0.199255
vt 0.861306 0.200460
vt 0.861324 0.201631
vt 0.883113 0.196997
vt 0.883124 0.198157
vt 0.883135 0.199318
vt 0.883146 0.200509
vt 0.883157 0.201700
vt 0.450125 0.059078
vt 0.335195 0.087659
vt 0.335194 0.937177
vt 0.335194 0.932578
vt 0.363927 0.932577
vt 0.392660 0.932577
vt 0.421392 0.937176
vt 0.421392 0.932577
vt 0.450123 0.207512
vt 0.109532 0.389383
vt 0.109532 0.394068
vt 0.166997 0.400425
vt 0.138264 0.400425
vt 0.109532 0.395826
vt 0.109532 0.400425
vt 0.195729 0.389382
vt 0.080799 0.206667
vt 0.277729 0.205024
vt 0.277729 0.204764
vt 0.195729 0.400424
vt 0.421392 0.087660
vt 0.080799 0.211314
vt 0.080799 0.210071
vt 0.080799 0.208828
vt 0.253192 0.208827
vt 0.273189 0.757481
vt 0.456897 0.757479
vt 0.454660 0.757479
vt 0.076261 0.768322
vt 0.074023 0.768323
vt 0.259968 0.768325
vt 0.257730 0.768324
vt 0.073925 0.768323
vt 0.073828 0.768323
vt 0.889183 0.732165
vt 0.889092 0.732166
vt 0.889003 0.732166
vt 0.887065 0.730993
vt 0.887166 0.732183
vt 0.887076 0.732184
vt 0.886975 0.730994
vt 0.886986 0.732185
vt 0.456994 0.756236
vt 0.457091 0.756236
vt 0.457090 0.757479
vt 0.456994 0.757479
vt 0.867903 0.731943
vt 0.867817 0.731941
vt 0.868011 0.731925
vt 0.270759 0.757481
vt 0.260065 0.768326
vt 0.260163 0.768326
vt 0.865798 0.730746
vt 0.865885 0.730749
vt 0.865897 0.731954
vt 0.865811 0.731952
vt 0.865984 0.731957
vt 0.866900 0.731949
vt 0.888084 0.732175
vt 0.073988 0.115115
vt 0.076262 0.116241
vt 0.076262 0.144823
vt 0.073999 0.144072
vt 0.080797 0.768321
vt 0.450123 0.757479
vt 0.257729 0.116240
vt 0.469968 0.845001
vt 0.469968 0.816583
vt 0.472465 0.816583
vt 0.472465 0.845001
vt 0.727366 0.210667
vt 0.469968 0.873419
vt 0.472465 0.873419
vt 0.812084 0.211006
vt 0.699126 0.210554
vt 0.468671 0.958673
vt 0.468671 0.930255
vt 0.469968 0.930255
vt 0.469968 0.958673
vt 0.468671 0.901837
vt 0.469968 0.901837
vt 0.500444 0.873419
vt 0.500444 0.845001
vt 0.755617 0.590265
vt 0.783915 0.590265
vt 0.783884 0.590374
vt 0.755617 0.590374
vt 0.697695 0.404756
vt 0.668735 0.404756
vt 0.669909 0.403513
vt 0.698478 0.403513
vt 0.670887 0.210440
vt 0.664160 0.404756
vt 0.665398 0.403513
vt 0.500444 0.901837
vt 0.472465 0.901837
vt 0.814270 0.025274
vt 0.813493 0.024028
vt 0.842062 0.024142
vt 0.843231 0.025390
vt 0.846573 0.024160
vt 0.847806 0.025408
vt 0.500444 0.816583
vt 0.811519 0.934655
vt 0.840088 0.934655
vt 0.840088 0.964058
vt 0.811519 0.964058
vt 0.467668 0.403310
vt 0.472429 0.403310
vt 0.472429 0.405065
vt 0.467668 0.405065
vt 0.472465 0.930255
vt 0.783857 0.590495
vt 0.755617 0.590495
vt 0.727350 0.590374
vt 0.727377 0.590495
vt 0.727318 0.590265
vt 0.670721 0.590264
vt 0.699020 0.590265
vt 0.699083 0.590374
vt 0.670817 0.590374
vt 0.653611 0.025192
vt 0.648850 0.025192
vt 0.648850 0.023438
vt 0.653611 0.023438
vt 0.619447 0.403310
vt 0.648850 0.403310
vt 0.699138 0.590495
vt 0.670898 0.590495
vt 0.844599 0.782875
vt 0.844599 0.787635
vt 0.840088 0.787635
vt 0.840088 0.782875
vt 0.472465 0.958673
vt 0.653611 0.405065
vt 0.653611 0.403310
vt 0.619447 0.023438
vt 0.619447 0.025192
vt 0.811519 0.968819
vt 0.840088 0.968819
vt 0.467669 0.023438
vt 0.472429 0.023438
vt 0.467669 0.025192
vt 0.468672 0.873419
vt 0.468672 0.845001
vt 0.844599 0.934655
vt 0.844599 0.964058
vt 0.584381 0.962651
vt 0.612360 0.962651
vt 0.844599 0.968819
vt 0.500444 0.958673
vt 0.500444 0.930255
vt 0.841325 0.403513
vt 0.845836 0.403513
vt 0.847074 0.404756
vt 0.842499 0.404756
vt 0.812214 0.590265
vt 0.812150 0.590374
vt 0.640339 0.845001
vt 0.640339 0.816583
vt 0.642837 0.816583
vt 0.642837 0.845001
vt 0.669468 0.024694
vt 0.664893 0.024675
vt 0.666136 0.023438
vt 0.670647 0.023456
vt 0.812096 0.590495
vt 0.668671 0.787635
vt 0.664160 0.787635
vt 0.664160 0.782875
vt 0.668671 0.782875
vt 0.811519 0.787635
vt 0.811519 0.782875
vt 0.664160 0.934655
vt 0.668671 0.934655
vt 0.668671 0.964058
vt 0.664160 0.964058
vt 0.668671 0.968819
vt 0.664160 0.968819
vt 0.812060 0.590631
vt 0.640339 0.873419
vt 0.642837 0.873419
vt 0.556402 0.962651
vt 0.697707 0.409342
vt 0.472581 0.588531
vt 0.501934 0.588531
vt 0.501998 0.588641
vt 0.472677 0.588640
vt 0.472465 0.962651
vt 0.500444 0.962651
vt 0.500444 0.963156
vt 0.472465 0.963156
vt 0.528423 0.962651
vt 0.698434 0.209354
vt 0.669846 0.209239
vt 0.847769 0.029994
vt 0.843195 0.029976
vt 0.619345 0.588531
vt 0.619281 0.588641
vt 0.472429 0.409651
vt 0.467668 0.409651
vt 0.640339 0.958674
vt 0.642836 0.958674
vt 0.467669 0.029778
vt 0.619447 0.178512
vt 0.648851 0.178511
vt 0.648852 0.208258
vt 0.619448 0.208259
vt 0.653611 0.409651
vt 0.501832 0.439397
vt 0.472429 0.439397
vt 0.501832 0.409651
vt 0.814240 0.029860
vt 0.664892 0.029261
vt 0.841382 0.589298
vt 0.812793 0.589299
vt 0.840512 0.590264
vt 0.664420 0.208240
vt 0.665396 0.209222
vt 0.666371 0.210204
vt 0.846811 0.588320
vt 0.845832 0.589299
vt 0.844853 0.590277
vt 0.500444 0.963655
vt 0.472465 0.963655
vt 0.783094 0.392238
vt 0.783096 0.391753
vt 0.811311 0.391866
vt 0.811309 0.392351
vt 0.653348 0.588628
vt 0.652369 0.589607
vt 0.648602 0.588640
vt 0.651390 0.590585
vt 0.501998 0.208768
vt 0.502577 0.209734
vt 0.473546 0.209734
vt 0.472677 0.208768
vt 0.503157 0.210700
vt 0.474415 0.210699
vt 0.560640 0.208768
vt 0.531319 0.208768
vt 0.531287 0.208659
vt 0.560640 0.208659
vt 0.531260 0.208538
vt 0.560640 0.208538
vt 0.467931 0.208756
vt 0.468911 0.209734
vt 0.469890 0.210712
vt 0.589992 0.208659
vt 0.590019 0.208538
vt 0.619345 0.208658
vt 0.619399 0.208538
vt 0.467931 0.588628
vt 0.473546 0.589606
vt 0.468911 0.589607
vt 0.474415 0.590572
vt 0.469889 0.590585
vt 0.653348 0.208756
vt 0.652369 0.209734
vt 0.647733 0.209734
vt 0.648602 0.208768
vt 0.651389 0.210712
vt 0.646864 0.210700
vt 0.648698 0.208658
vt 0.648779 0.208537
vt 0.698447 0.392384
vt 0.726662 0.392497
vt 0.664423 0.588320
vt 0.668983 0.588332
vt 0.669852 0.589298
vt 0.665402 0.589299
vt 0.666381 0.590277
vt 0.846808 0.208970
vt 0.845824 0.209944
vt 0.841374 0.209926
vt 0.842247 0.208964
vt 0.844841 0.210919
vt 0.840501 0.210889
vt 0.670232 0.392271
vt 0.754877 0.392610
vt 0.783092 0.392723
vt 0.584381 0.783682
vt 0.584381 0.783183
vt 0.612360 0.783183
vt 0.612360 0.783682
vt 0.556402 0.783682
vt 0.556402 0.783183
vt 0.619435 0.208403
vt 0.648833 0.208402
vt 0.528423 0.783682
vt 0.528423 0.783183
vt 0.500444 0.783682
vt 0.500444 0.783183
vt 0.472465 0.783682
vt 0.472465 0.783183
vt 0.811307 0.392836
vt 0.501934 0.208658
vt 0.501880 0.208538
vt 0.813433 0.208739
vt 0.813369 0.208849
vt 0.842499 0.587822
vt 0.842478 0.208599
vt 0.812048 0.590775
vt 0.725810 0.905251
vt 0.697240 0.905251
vt 0.754380 0.875847
vt 0.811519 0.817039
vt 0.668671 0.817039
vt 0.697240 0.787635
vt 0.589298 0.772150
vt 0.589298 0.771665
vt 0.617956 0.771665
vt 0.617956 0.772150
vt 0.589960 0.208768
vt 0.531981 0.772635
vt 0.531981 0.772150
vt 0.560640 0.772150
vt 0.560640 0.772635
vt 0.617956 0.358936
vt 0.646614 0.358936
vt 0.646614 0.388481
vt 0.617956 0.388481
vt 0.644133 0.788165
vt 0.644133 0.816583
vt 0.642837 0.788165
vt 0.727402 0.772327
vt 0.699187 0.772327
vt 0.699187 0.771842
vt 0.727402 0.771842
vt 0.812047 0.771357
vt 0.812047 0.768045
vt 0.840263 0.768045
vt 0.840262 0.771357
vt 0.812047 0.738500
vt 0.840263 0.738500
vt 0.617956 0.391793
vt 0.646614 0.391793
vt 0.590044 0.588132
vt 0.619448 0.588131
vt 0.619435 0.588275
vt 0.590037 0.588276
vt 0.503323 0.772150
vt 0.503323 0.771665
vt 0.531981 0.771665
vt 0.617956 0.738808
vt 0.646614 0.738808
vt 0.646614 0.768353
vt 0.617956 0.768353
vt 0.698464 0.388102
vt 0.670249 0.387989
vt 0.812047 0.772327
vt 0.783832 0.772327
vt 0.783832 0.771842
vt 0.812047 0.771842
vt 0.646614 0.771665
vt 0.811442 0.359009
vt 0.839657 0.359123
vt 0.839539 0.388667
vt 0.811324 0.388554
vt 0.642836 0.962651
vt 0.640339 0.962651
vt 0.640339 0.961355
vt 0.642836 0.961355
vt 0.666645 0.738500
vt 0.670971 0.738500
vt 0.670971 0.768045
vt 0.666645 0.768045
vt 0.644133 0.873419
vt 0.644133 0.901837
vt 0.589298 0.768353
vt 0.699187 0.771357
vt 0.727402 0.771357
vt 0.644133 0.785484
vt 0.642837 0.785484
vt 0.843984 0.359140
vt 0.843866 0.388685
vt 0.503323 0.768353
vt 0.474665 0.771665
vt 0.474665 0.768353
vt 0.619281 0.208768
vt 0.644133 0.958674
vt 0.644133 0.961355
vt 0.651126 0.358936
vt 0.651126 0.388481
vt 0.468671 0.961354
vt 0.469968 0.961354
vt 0.470153 0.738809
vt 0.474665 0.738808
vt 0.470153 0.768353
vt 0.474665 0.772150
vt 0.839526 0.391979
vt 0.843852 0.391997
vt 0.470153 0.358936
vt 0.474665 0.358936
vt 0.474665 0.388481
vt 0.470153 0.388481
vt 0.468166 0.930255
vt 0.467667 0.930255
vt 0.467668 0.901837
vt 0.468166 0.901837
vt 0.560640 0.771665
vt 0.501831 0.588131
vt 0.501844 0.588276
vt 0.472447 0.588275
vt 0.469968 0.784187
vt 0.472465 0.784187
vt 0.472465 0.785483
vt 0.469968 0.785483
vt 0.651126 0.738808
vt 0.651126 0.768353
vt 0.755617 0.772327
vt 0.755617 0.771842
vt 0.469968 0.962651
vt 0.472465 0.961354
vt 0.844589 0.738500
vt 0.844589 0.768045
vt 0.651126 0.771665
vt 0.666041 0.358427
vt 0.670367 0.358444
vt 0.665922 0.387972
vt 0.644133 0.845001
vt 0.640339 0.784187
vt 0.642837 0.784187
vt 0.640339 0.785484
vt 0.589298 0.772635
vt 0.617956 0.772635
vt 0.665909 0.391284
vt 0.474665 0.772635
vt 0.503323 0.772635
vt 0.844589 0.771357
vt 0.666645 0.771357
vt 0.670971 0.771357
vt 0.644133 0.930256
vt 0.468672 0.816583
vt 0.500444 0.961355
vt 0.470153 0.771665
vt 0.468672 0.788164
vt 0.469968 0.788164
vt 0.651126 0.391793
vt 0.503323 0.738808
vt 0.468672 0.785483
vt 0.612360 0.784187
vt 0.612360 0.785484
vt 0.560640 0.768353
vt 0.531981 0.768353
vt 0.467668 0.873419
vt 0.468166 0.873419
vt 0.755617 0.771357
vt 0.840263 0.772327
vt 0.840263 0.771842
vt 0.612360 0.958674
vt 0.612360 0.961355
vt 0.783832 0.771357
vt 0.619399 0.588410
vt 0.590019 0.588411
vt 0.560640 0.588276
vt 0.560640 0.588411
vt 0.556402 0.784187
vt 0.584381 0.784187
vt 0.531242 0.588276
vt 0.531260 0.588411
vt 0.560640 0.588132
vt 0.528423 0.784187
vt 0.531236 0.588132
vt 0.500444 0.784187
vt 0.501880 0.588410
vt 0.531236 0.025192
vt 0.531236 0.029778
vt 0.472501 0.588410
vt 0.590043 0.025192
vt 0.590043 0.029778
vt 0.560640 0.029778
vt 0.560640 0.025192
vt 0.472465 0.788164
vt 0.500444 0.788164
vt 0.619447 0.029778
vt 0.640339 0.788165
vt 0.589671 0.589607
vt 0.589381 0.590573
vt 0.560640 0.589607
vt 0.560640 0.590573
vt 0.612360 0.788165
vt 0.502577 0.589607
vt 0.531608 0.589607
vt 0.531898 0.590573
vt 0.503157 0.590572
vt 0.811519 0.905251
vt 0.840088 0.905251
vt 0.840088 0.875847
vt 0.840088 0.846443
vt 0.840088 0.817039
vt 0.560640 0.409651
vt 0.560640 0.405065
vt 0.590043 0.405065
vt 0.590043 0.409651
vt 0.501832 0.405065
vt 0.531236 0.405065
vt 0.531236 0.409651
vt 0.560640 0.210700
vt 0.589381 0.210700
vt 0.589349 0.210810
vt 0.560640 0.210810
vt 0.531898 0.210700
vt 0.531930 0.210810
vt 0.503220 0.210810
vt 0.474511 0.210809
vt 0.618059 0.210810
vt 0.618005 0.210931
vt 0.589322 0.210931
vt 0.560640 0.210931
vt 0.531957 0.210931
vt 0.503274 0.210931
vt 0.531236 0.023438
vt 0.560640 0.023438
vt 0.501832 0.023438
vt 0.844599 0.905251
vt 0.560640 0.403310
vt 0.590043 0.403310
vt 0.501832 0.403310
vt 0.531236 0.403310
vt 0.590043 0.023438
vt 0.589304 0.211066
vt 0.617969 0.211066
vt 0.617956 0.211210
vt 0.589298 0.211210
vt 0.531975 0.211066
vt 0.560640 0.211066
vt 0.560640 0.211210
vt 0.531981 0.211210
vt 0.474646 0.211066
vt 0.503310 0.211066
vt 0.503323 0.211210
vt 0.474665 0.211210
vt 0.589304 0.590938
vt 0.617969 0.590938
vt 0.617956 0.591083
vt 0.589298 0.591083
vt 0.531975 0.590938
vt 0.560640 0.590938
vt 0.560640 0.591083
vt 0.531981 0.591083
vt 0.474646 0.590938
vt 0.503310 0.590938
vt 0.503323 0.591083
vt 0.474665 0.591083
vt 0.842424 0.208734
vt 0.842343 0.208854
vt 0.844599 0.846443
vt 0.844599 0.875847
vt 0.847052 0.208616
vt 0.846995 0.208749
vt 0.846909 0.208866
vt 0.668754 0.587966
vt 0.668735 0.587822
vt 0.668807 0.588102
vt 0.668888 0.588223
vt 0.664160 0.587822
vt 0.664180 0.587965
vt 0.664236 0.588099
vt 0.664322 0.588216
vt 0.467687 0.588274
vt 0.467745 0.588407
vt 0.467830 0.588524
vt 0.653612 0.208258
vt 0.653592 0.208401
vt 0.653535 0.208534
vt 0.653449 0.208651
vt 0.648698 0.588531
vt 0.618122 0.210700
vt 0.472447 0.208402
vt 0.467687 0.208401
vt 0.472501 0.208537
vt 0.467745 0.208534
vt 0.472581 0.208658
vt 0.467830 0.208651
vt 0.648833 0.588275
vt 0.648779 0.588410
vt 0.653592 0.588274
vt 0.653535 0.588407
vt 0.653449 0.588524
vt 0.664179 0.207883
vt 0.664235 0.208017
vt 0.664320 0.208135
vt 0.847074 0.587821
vt 0.847054 0.587965
vt 0.846997 0.588099
vt 0.846912 0.588216
vt 0.560640 0.590683
vt 0.531930 0.590682
vt 0.503220 0.590682
vt 0.474511 0.590682
vt 0.589349 0.590682
vt 0.618059 0.590682
vt 0.618005 0.590803
vt 0.589322 0.590803
vt 0.474592 0.210931
vt 0.646633 0.211066
vt 0.646614 0.211210
vt 0.664160 0.817039
vt 0.590044 0.178512
vt 0.560640 0.178512
vt 0.531236 0.178512
vt 0.844599 0.817039
vt 0.664160 0.875847
vt 0.668671 0.905251
vt 0.664160 0.905251
vt 0.664160 0.846443
vt 0.840282 0.590631
vt 0.840263 0.590775
vt 0.474592 0.590803
vt 0.503274 0.590803
vt 0.644638 0.845001
vt 0.644638 0.816583
vt 0.645137 0.816583
vt 0.645137 0.845001
vt 0.644638 0.873419
vt 0.645137 0.873419
vt 0.644638 0.901837
vt 0.645137 0.901837
vt 0.560640 0.590803
vt 0.531957 0.590803
vt 0.646633 0.590938
vt 0.646614 0.591083
vt 0.560640 0.209734
vt 0.531609 0.209734
vt 0.589671 0.209734
vt 0.618702 0.209734
vt 0.560640 0.439397
vt 0.531236 0.439397
vt 0.619447 0.439397
vt 0.590043 0.439397
vt 0.840269 0.211254
vt 0.840249 0.211399
vt 0.840405 0.210998
vt 0.840324 0.211119
vt 0.844740 0.211023
vt 0.844654 0.211140
vt 0.844597 0.211273
vt 0.844576 0.211416
vt 0.666482 0.590382
vt 0.666567 0.590499
vt 0.666624 0.590632
vt 0.666644 0.590775
vt 0.646769 0.210809
vt 0.646688 0.210931
vt 0.651289 0.210817
vt 0.651203 0.210934
vt 0.651146 0.211067
vt 0.651126 0.211211
vt 0.469990 0.590689
vt 0.470076 0.590807
vt 0.470133 0.590940
vt 0.470153 0.591084
vt 0.469990 0.210817
vt 0.470076 0.210934
vt 0.470133 0.211067
vt 0.470153 0.211211
vt 0.644638 0.958674
vt 0.644638 0.930256
vt 0.645137 0.930256
vt 0.645137 0.958674
vt 0.646769 0.590682
vt 0.646688 0.590803
vt 0.651289 0.590689
vt 0.651203 0.590807
vt 0.651146 0.590940
vt 0.651126 0.591084
vt 0.501832 0.178512
vt 0.840417 0.590374
vt 0.840336 0.590495
vt 0.844752 0.590382
vt 0.844666 0.590499
vt 0.844609 0.590632
vt 0.844589 0.590775
vt 0.666471 0.210309
vt 0.666556 0.210426
vt 0.666613 0.210560
vt 0.666632 0.210704
vt 0.648850 0.439397
vt 0.908232 0.809593
vt 0.908393 0.809593
vt 0.908393 0.809869
vt 0.908232 0.809869
vt 0.907737 0.809593
vt 0.907737 0.809869
vt 0.908232 0.809317
vt 0.908393 0.809317
vt 0.907737 0.809317
vt 0.908232 0.808886
vt 0.908393 0.808886
vt 0.907737 0.808886
vt 0.908232 0.808221
vt 0.908393 0.808221
vt 0.907737 0.808221
vt 0.908232 0.807368
vt 0.908393 0.807368
vt 0.907737 0.807368
vt 0.908232 0.806393
vt 0.908393 0.806393
vt 0.907737 0.806393
vt 0.908232 0.811819
vt 0.908393 0.811819
vt 0.908393 0.812793
vt 0.908232 0.812793
vt 0.907737 0.811819
vt 0.907737 0.812793
vt 0.908232 0.810965
vt 0.908393 0.810965
vt 0.907737 0.810965
vt 0.908232 0.810300
vt 0.908393 0.810300
vt 0.907737 0.810300
vt 0.901588 0.809593
vt 0.902083 0.809593
vt 0.902083 0.809869
vt 0.901588 0.809869
vt 0.901427 0.809593
vt 0.901427 0.809869
vt 0.901588 0.809317
vt 0.902083 0.809317
vt 0.901427 0.809317
vt 0.901588 0.808886
vt 0.902083 0.808886
vt 0.901427 0.808886
vt 0.901588 0.808221
vt 0.902083 0.808221
vt 0.901427 0.808221
vt 0.901588 0.807368
vt 0.902083 0.807368
vt 0.901427 0.807368
vt 0.901588 0.806393
vt 0.902083 0.806393
vt 0.901427 0.806393
vt 0.901588 0.811819
vt 0.902083 0.811819
vt 0.902083 0.812793
vt 0.901588 0.812793
vt 0.901427 0.811819
vt 0.901427 0.812793
vt 0.901588 0.810965
vt 0.902083 0.810965
vt 0.901427 0.810965
vt 0.901588 0.810300
vt 0.902083 0.810300
vt 0.901427 0.810300
vt 0.904910 0.809593
vt 0.904910 0.809869
vt 0.904910 0.809317
vt 0.904910 0.808886
vt 0.904910 0.808221
vt 0.904910 0.807368
vt 0.904910 0.806393
vt 0.904910 0.811819
vt 0.904910 0.812793
vt 0.904910 0.810965
vt 0.904910 0.810300
vt 0.907735 0.849998
vt 0.907735 0.850356
vt 0.904909 0.850356
vt 0.904909 0.849998
vt 0.902083 0.850356
vt 0.902083 0.849998
vt 0.907735 0.850951
vt 0.904909 0.850951
vt 0.902083 0.850951
vt 0.907735 0.851771
vt 0.904909 0.851771
vt 0.902083 0.851771
vt 0.907735 0.852720
vt 0.904909 0.852720
vt 0.902083 0.852720
vt 0.907735 0.846866
vt 0.907735 0.847814
vt 0.904909 0.847814
vt 0.904909 0.846866
vt 0.902083 0.847814
vt 0.902083 0.846866
vt 0.907735 0.848635
vt 0.904909 0.848635
vt 0.902083 0.848635
vt 0.907735 0.849230
vt 0.904909 0.849230
vt 0.902083 0.849230
vt 0.907735 0.849587
vt 0.904909 0.849587
vt 0.902083 0.849587
vt 0.907735 0.849793
vt 0.904909 0.849793
vt 0.902083 0.849793
vt 0.908391 0.849998
vt 0.908391 0.850356
vt 0.908230 0.850356
vt 0.908230 0.849998
vt 0.908391 0.850951
vt 0.908230 0.850951
vt 0.908391 0.851771
vt 0.908230 0.851771
vt 0.908391 0.852720
vt 0.908230 0.852720
vt 0.908391 0.846866
vt 0.908391 0.847814
vt 0.908230 0.847814
vt 0.908230 0.846866
vt 0.908391 0.848635
vt 0.908230 0.848635
vt 0.908391 0.849230
vt 0.908230 0.849230
vt 0.908391 0.849587
vt 0.908230 0.849587
vt 0.908391 0.849793
vt 0.908230 0.849793
vt 0.901588 0.850356
vt 0.901588 0.849998
vt 0.901427 0.850356
vt 0.901427 0.849998
vt 0.901588 0.850951
vt 0.901427 0.850951
vt 0.901588 0.851771
vt 0.901427 0.851771
vt 0.901588 0.852720
vt 0.901427 0.852720
vt 0.901588 0.847814
vt 0.901588 0.846866
vt 0.901427 0.847814
vt 0.901427 0.846866
vt 0.901588 0.848635
vt 0.901427 0.848635
vt 0.901588 0.849230
vt 0.901427 0.849230
vt 0.901588 0.849587
vt 0.901427 0.849587
vt 0.901588 0.849793
vt 0.901427 0.849793
vt 0.901389 0.728760
vt 0.901452 0.728760
vt 0.901452 0.729000
vt 0.901389 0.729000
vt 0.908430 0.849793
vt 0.908430 0.849998
vt 0.901389 0.811819
vt 0.901389 0.810965
vt 0.908430 0.850951
vt 0.908430 0.851771
vt 0.901389 0.812793
vt 0.908430 0.852720
vt 0.901452 0.716578
vt 0.901452 0.725938
vt 0.901389 0.725938
vt 0.901389 0.716578
vt 0.901515 0.716578
vt 0.901515 0.725938
vt 0.901452 0.740171
vt 0.901452 0.741484
vt 0.901389 0.741484
vt 0.901389 0.740171
vt 0.908430 0.847814
vt 0.908430 0.848635
vt 0.901389 0.808886
vt 0.901389 0.808221
vt 0.908430 0.849230
vt 0.901389 0.809317
vt 0.908430 0.849587
vt 0.901389 0.809593
vt 0.908431 0.810300
vt 0.908431 0.810965
vt 0.901452 0.754565
vt 0.901452 0.753253
vt 0.901515 0.753253
vt 0.901515 0.754565
vt 0.901389 0.810300
vt 0.901389 0.809869
vt 0.901452 0.728366
vt 0.901515 0.728366
vt 0.901515 0.728760
vt 0.901389 0.766371
vt 0.901452 0.766371
vt 0.901452 0.767001
vt 0.901389 0.767001
vt 0.901389 0.850951
vt 0.901389 0.850356
vt 0.908431 0.809869
vt 0.901452 0.765977
vt 0.901515 0.765977
vt 0.901515 0.766371
vt 0.908431 0.811819
vt 0.908431 0.812793
vt 0.901389 0.847814
vt 0.901389 0.846866
vt 0.908431 0.806393
vt 0.908431 0.807368
vt 0.901452 0.778159
vt 0.901452 0.768799
vt 0.901515 0.768799
vt 0.901515 0.778159
vt 0.901389 0.754565
vt 0.901389 0.753253
vt 0.901389 0.848635
vt 0.908431 0.808221
vt 0.908431 0.808886
vt 0.901452 0.762675
vt 0.901515 0.762675
vt 0.901515 0.763636
vt 0.901452 0.763636
vt 0.908431 0.809317
vt 0.901389 0.849998
vt 0.901389 0.849793
vt 0.908431 0.809593
vt 0.901389 0.849587
vt 0.901452 0.765102
vt 0.901515 0.765102
vt 0.901515 0.765496
vt 0.901452 0.765496
vt 0.901452 0.751374
vt 0.901389 0.751374
vt 0.907737 0.824467
vt 0.908232 0.824467
vt 0.908232 0.824506
vt 0.907737 0.824506
vt 0.901427 0.864377
vt 0.901588 0.864377
vt 0.901588 0.864416
vt 0.901427 0.864416
vt 0.901389 0.780496
vt 0.901452 0.780496
vt 0.901452 0.780704
vt 0.901389 0.780704
vt 0.902083 0.864377
vt 0.902083 0.864416
vt 0.901427 0.824467
vt 0.901588 0.824467
vt 0.901588 0.824506
vt 0.901427 0.824506
vt 0.904909 0.864377
vt 0.907735 0.864377
vt 0.907735 0.864416
vt 0.904909 0.864416
vt 0.901389 0.713539
vt 0.901452 0.713539
vt 0.901452 0.714034
vt 0.901389 0.714034
vt 0.908230 0.864377
vt 0.908391 0.864377
vt 0.908391 0.864416
vt 0.908230 0.864416
vt 0.904910 0.824467
vt 0.904910 0.824506
vt 0.902083 0.824467
vt 0.902083 0.824506
vt 0.901515 0.713539
vt 0.901515 0.714034
vt 0.908393 0.795085
vt 0.908393 0.794629
vt 0.908431 0.794629
vt 0.908431 0.795085
vt 0.902083 0.835132
vt 0.901588 0.835132
vt 0.901588 0.835093
vt 0.902083 0.835093
vt 0.908232 0.794629
vt 0.907737 0.794629
vt 0.907737 0.794591
vt 0.908232 0.794591
vt 0.901452 0.750688
vt 0.901515 0.750688
vt 0.901515 0.750896
vt 0.901452 0.750896
vt 0.904910 0.794629
vt 0.902083 0.794629
vt 0.902083 0.794591
vt 0.904910 0.794591
vt 0.908391 0.835132
vt 0.908230 0.835132
vt 0.908230 0.835093
vt 0.908391 0.835093
vt 0.901588 0.794629
vt 0.901427 0.794629
vt 0.901427 0.794591
vt 0.901588 0.794591
vt 0.901452 0.744049
vt 0.901515 0.744049
vt 0.901515 0.744543
vt 0.901452 0.744543
vt 0.904909 0.835132
vt 0.904909 0.835093
vt 0.901389 0.744049
vt 0.901389 0.744543
vt 0.907735 0.835132
vt 0.907735 0.835093
vt 0.902083 0.822165
vt 0.904910 0.822165
vt 0.907737 0.822165
vt 0.901427 0.822165
vt 0.901588 0.822165
vt 0.908232 0.822165
vt 0.908393 0.822165
vt 0.901427 0.862079
vt 0.901588 0.862079
vt 0.902083 0.862079
vt 0.907735 0.862079
vt 0.908230 0.862079
vt 0.908391 0.862079
vt 0.904909 0.862079
vt 0.908431 0.822165
vt 0.901389 0.862079
vt 0.901389 0.852720
vt 0.901389 0.822165
vt 0.908430 0.862079
vt 0.902083 0.798275
vt 0.902083 0.796974
vt 0.904910 0.796974
vt 0.904910 0.798275
vt 0.907737 0.796974
vt 0.907737 0.798275
vt 0.901427 0.798275
vt 0.901427 0.796974
vt 0.901588 0.796974
vt 0.901588 0.798275
vt 0.908232 0.796974
vt 0.908232 0.798275
vt 0.908393 0.796974
vt 0.908393 0.798275
vt 0.901427 0.838756
vt 0.901427 0.837431
vt 0.901588 0.837431
vt 0.901588 0.838756
vt 0.902083 0.837431
vt 0.902083 0.838756
vt 0.907735 0.838756
vt 0.907735 0.837431
vt 0.908230 0.837431
vt 0.908230 0.838756
vt 0.908391 0.837431
vt 0.908391 0.838756
vt 0.904909 0.837431
vt 0.904909 0.838756
vt 0.908431 0.796974
vt 0.908431 0.798275
vt 0.901389 0.838756
vt 0.901389 0.806393
vt 0.901389 0.798275
vt 0.901452 0.743363
vt 0.901515 0.741484
vt 0.901515 0.743363
vt 0.904910 0.824040
vt 0.902083 0.824040
vt 0.907737 0.824040
vt 0.901588 0.824040
vt 0.901427 0.824040
vt 0.908232 0.824040
vt 0.908393 0.824040
vt 0.908393 0.824467
vt 0.901588 0.863951
vt 0.901427 0.863951
vt 0.902083 0.863951
vt 0.908230 0.863951
vt 0.907735 0.863951
vt 0.908391 0.863951
vt 0.904909 0.863951
vt 0.908431 0.824040
vt 0.908431 0.824467
vt 0.901389 0.863951
vt 0.901515 0.780032
vt 0.901452 0.780032
vt 0.901389 0.824040
vt 0.901389 0.714706
vt 0.901452 0.714706
vt 0.908430 0.863951
vt 0.904910 0.795085
vt 0.902083 0.795085
vt 0.907737 0.795085
vt 0.901588 0.795085
vt 0.901427 0.795085
vt 0.908232 0.795085
vt 0.901588 0.835559
vt 0.901427 0.835559
vt 0.901427 0.835132
vt 0.902083 0.835559
vt 0.908230 0.835559
vt 0.907735 0.835559
vt 0.908391 0.835559
vt 0.904909 0.835559
vt 0.901389 0.750688
vt 0.901389 0.750896
vt 0.901389 0.837431
vt 0.901389 0.835559
vt 0.901515 0.751374
vt 0.901389 0.796974
vt 0.901389 0.795085
vt 0.901389 0.743841
vt 0.901389 0.743363
vt 0.901452 0.743841
vt 0.908430 0.835559
vt 0.908430 0.837431
vt 0.076262 0.173404
vt 0.074024 0.616320
vt 0.901389 0.765737
vt 0.901452 0.765737
vt 0.901389 0.765977
vt 0.901389 0.765496
vt 0.901389 0.765102
vt 0.901389 0.764473
vt 0.901452 0.764473
vt 0.901389 0.763636
vt 0.901389 0.762675
vt 0.901389 0.767838
vt 0.901452 0.767838
vt 0.901389 0.768799
vt 0.901389 0.728366
vt 0.901452 0.729241
vt 0.901389 0.729241
vt 0.901452 0.729635
vt 0.901389 0.729635
vt 0.901452 0.730264
vt 0.901389 0.730264
vt 0.901452 0.731101
vt 0.901389 0.731101
vt 0.901452 0.732062
vt 0.901389 0.732062
vt 0.901452 0.726899
vt 0.901389 0.726899
vt 0.901452 0.727736
vt 0.901389 0.727736
vt 0.901515 0.729000
vt 0.901515 0.727736
vt 0.901515 0.726899
vt 0.901515 0.731101
vt 0.901515 0.732062
vt 0.901515 0.730264
vt 0.901515 0.729635
vt 0.901515 0.729241
vt 0.908430 0.850356
vt 0.901515 0.767001
vt 0.901389 0.851771
vt 0.901515 0.767838
vt 0.901515 0.764473
vt 0.901389 0.849230
vt 0.901515 0.765737
vt 0.901389 0.780032
vt 0.901515 0.780704
vt 0.901515 0.781198
vt 0.901452 0.781198
vt 0.901389 0.781198
vt 0.901452 0.784023
vt 0.901389 0.784023
vt 0.901389 0.710714
vt 0.901452 0.710714
vt 0.901515 0.714242
vt 0.901452 0.714242
vt 0.901515 0.714706
vt 0.901515 0.784023
vt 0.901389 0.714242
vt 0.901515 0.710714
vt 0.901389 0.750194
vt 0.901452 0.750194
vt 0.901389 0.747368
vt 0.901452 0.747368
vt 0.901515 0.750194
vt 0.901427 0.835093
vt 0.901515 0.747368
vt 0.901515 0.743841
vt 0.901389 0.807368
vt 0.908430 0.846866
vt 0.901515 0.740171
vt 0.901515 0.780496
vt 0.908440 0.837431
vt 0.908440 0.838756
vt 0.908430 0.838756
vt 0.901389 0.778159
vt 0.901379 0.765977
vt 0.901379 0.765737
vt 0.901369 0.765977
vt 0.901369 0.765737
vt 0.908451 0.809593
vt 0.908451 0.809869
vt 0.908441 0.809869
vt 0.908441 0.809593
vt 0.901379 0.765496
vt 0.901369 0.765496
vt 0.908451 0.809317
vt 0.908441 0.809317
vt 0.901379 0.765102
vt 0.901369 0.765102
vt 0.908451 0.808886
vt 0.908441 0.808886
vt 0.901379 0.764473
vt 0.901369 0.764473
vt 0.908451 0.808221
vt 0.908441 0.808221
vt 0.901379 0.763636
vt 0.901369 0.763636
vt 0.908451 0.807367
vt 0.908441 0.807367
vt 0.901379 0.762675
vt 0.901369 0.762675
vt 0.908451 0.806393
vt 0.908441 0.806393
vt 0.901379 0.768799
vt 0.901379 0.767838
vt 0.901369 0.768799
vt 0.901369 0.767838
vt 0.908451 0.811819
vt 0.908451 0.812793
vt 0.908441 0.812793
vt 0.908441 0.811819
vt 0.901379 0.767001
vt 0.901369 0.767001
vt 0.908451 0.810965
vt 0.908441 0.810965
vt 0.901379 0.766371
vt 0.901369 0.766371
vt 0.908451 0.810300
vt 0.908441 0.810300
vt 0.901379 0.729000
vt 0.901379 0.728760
vt 0.901369 0.729000
vt 0.901369 0.728760
vt 0.901369 0.809869
vt 0.901369 0.809593
vt 0.901379 0.809593
vt 0.901379 0.809869
vt 0.901379 0.729241
vt 0.901369 0.729241
vt 0.901369 0.809317
vt 0.901379 0.809317
vt 0.901379 0.729635
vt 0.901369 0.729635
vt 0.901369 0.808886
vt 0.901379 0.808886
vt 0.901379 0.730264
vt 0.901369 0.730264
vt 0.901369 0.808221
vt 0.901379 0.808221
vt 0.901379 0.731101
vt 0.901369 0.731101
vt 0.901369 0.807367
vt 0.901379 0.807367
vt 0.901379 0.732062
vt 0.901369 0.732062
vt 0.901369 0.806393
vt 0.901379 0.806393
vt 0.901379 0.726899
vt 0.901379 0.725938
vt 0.901369 0.726899
vt 0.901369 0.725938
vt 0.901369 0.812793
vt 0.901369 0.811819
vt 0.901379 0.811819
vt 0.901379 0.812793
vt 0.901379 0.727736
vt 0.901369 0.727736
vt 0.901369 0.810965
vt 0.901379 0.810965
vt 0.901379 0.728366
vt 0.901369 0.728366
vt 0.901369 0.810300
vt 0.901379 0.810300
vt 0.901525 0.728366
vt 0.901525 0.728760
vt 0.901535 0.728366
vt 0.901535 0.728760
vt 0.908449 0.849998
vt 0.908449 0.850356
vt 0.908440 0.850356
vt 0.908440 0.849998
vt 0.901525 0.727736
vt 0.901535 0.727736
vt 0.908449 0.850951
vt 0.908440 0.850951
vt 0.901525 0.726899
vt 0.901535 0.726899
vt 0.908449 0.851771
vt 0.908440 0.851771
vt 0.901525 0.725938
vt 0.901535 0.725938
vt 0.908449 0.852720
vt 0.908440 0.852720
vt 0.901525 0.731101
vt 0.901525 0.732062
vt 0.901535 0.731101
vt 0.901535 0.732062
vt 0.908449 0.846866
vt 0.908449 0.847814
vt 0.908440 0.847814
vt 0.908440 0.846866
vt 0.901525 0.730264
vt 0.901535 0.730264
vt 0.908449 0.848635
vt 0.908440 0.848635
vt 0.901525 0.729635
vt 0.901535 0.729635
vt 0.908449 0.849230
vt 0.908440 0.849230
vt 0.901525 0.729241
vt 0.901535 0.729241
vt 0.908449 0.849587
vt 0.908440 0.849587
vt 0.901525 0.729000
vt 0.901535 0.729000
vt 0.908449 0.849793
vt 0.908440 0.849793
vt 0.901525 0.765977
vt 0.901525 0.766371
vt 0.901535 0.765977
vt 0.901535 0.766371
vt 0.901369 0.850356
vt 0.901369 0.849998
vt 0.901379 0.849998
vt 0.901379 0.850356
vt 0.901525 0.767001
vt 0.901535 0.767001
vt 0.901369 0.850951
vt 0.901379 0.850951
vt 0.901525 0.767838
vt 0.901535 0.767838
vt 0.901369 0.851771
vt 0.901379 0.851771
vt 0.901525 0.768799
vt 0.901535 0.768799
vt 0.901369 0.852720
vt 0.901379 0.852720
vt 0.901525 0.762675
vt 0.901525 0.763636
vt 0.901535 0.762675
vt 0.901535 0.763636
vt 0.901369 0.847814
vt 0.901369 0.846866
vt 0.901379 0.846866
vt 0.901379 0.847814
vt 0.901525 0.764473
vt 0.901535 0.764473
vt 0.901369 0.848635
vt 0.901379 0.848635
vt 0.901525 0.765102
vt 0.901535 0.765102
vt 0.901369 0.849230
vt 0.901379 0.849230
vt 0.901525 0.765496
vt 0.901535 0.765496
vt 0.901369 0.849587
vt 0.901379 0.849587
vt 0.901525 0.765737
vt 0.901535 0.765737
vt 0.901369 0.849793
vt 0.901379 0.849793
vt 0.908393 0.824515
vt 0.908232 0.824516
vt 0.908393 0.824525
vt 0.908232 0.824525
vt 0.901369 0.780704
vt 0.901369 0.780496
vt 0.901379 0.780496
vt 0.901379 0.780704
vt 0.901588 0.864426
vt 0.901427 0.864426
vt 0.901588 0.864435
vt 0.901427 0.864435
vt 0.901535 0.780496
vt 0.901535 0.780704
vt 0.901525 0.780704
vt 0.901525 0.780496
vt 0.907737 0.824516
vt 0.907737 0.824525
vt 0.901369 0.781198
vt 0.901379 0.781198
vt 0.902083 0.864426
vt 0.902083 0.864435
vt 0.901535 0.781198
vt 0.901525 0.781198
vt 0.902083 0.824516
vt 0.901588 0.824516
vt 0.902083 0.824525
vt 0.901588 0.824525
vt 0.901369 0.714034
vt 0.901369 0.713539
vt 0.901379 0.713539
vt 0.901379 0.714034
vt 0.908230 0.864426
vt 0.907735 0.864426
vt 0.908230 0.864435
vt 0.907735 0.864435
vt 0.901535 0.713539
vt 0.901535 0.714034
vt 0.901525 0.714034
vt 0.901525 0.713539
vt 0.901427 0.824515
vt 0.901427 0.824525
vt 0.901369 0.714242
vt 0.901379 0.714242
vt 0.908391 0.864426
vt 0.908391 0.864435
vt 0.901535 0.714242
vt 0.901525 0.714242
vt 0.904910 0.824516
vt 0.904910 0.824525
vt 0.901369 0.784023
vt 0.901379 0.784023
vt 0.904909 0.864426
vt 0.904909 0.864435
vt 0.901535 0.784023
vt 0.901525 0.784023
vt 0.901369 0.710714
vt 0.901379 0.710714
vt 0.901535 0.710714
vt 0.901525 0.710714
vt 0.908232 0.794581
vt 0.908393 0.794581
vt 0.908232 0.794571
vt 0.908393 0.794571
vt 0.901369 0.750896
vt 0.901369 0.750688
vt 0.901379 0.750688
vt 0.901379 0.750896
vt 0.901427 0.835083
vt 0.901588 0.835083
vt 0.901427 0.835073
vt 0.901588 0.835073
vt 0.901535 0.750688
vt 0.901535 0.750896
vt 0.901525 0.750896
vt 0.901525 0.750688
vt 0.907737 0.794581
vt 0.907737 0.794571
vt 0.901369 0.750194
vt 0.901379 0.750194
vt 0.902083 0.835083
vt 0.902083 0.835073
vt 0.901535 0.750194
vt 0.901525 0.750194
vt 0.901588 0.794581
vt 0.902083 0.794581
vt 0.901588 0.794571
vt 0.902083 0.794571
vt 0.901369 0.744543
vt 0.901369 0.744049
vt 0.901379 0.744049
vt 0.901379 0.744543
vt 0.907735 0.835083
vt 0.908230 0.835083
vt 0.907735 0.835073
vt 0.908230 0.835073
vt 0.901535 0.744049
vt 0.901535 0.744543
vt 0.901525 0.744543
vt 0.901525 0.744049
vt 0.901427 0.794581
vt 0.901427 0.794571
vt 0.901369 0.743841
vt 0.901379 0.743841
vt 0.908391 0.835083
vt 0.908391 0.835073
vt 0.901535 0.743841
vt 0.901525 0.743841
vt 0.904910 0.794581
vt 0.904910 0.794571
vt 0.901369 0.747368
vt 0.901379 0.747368
vt 0.904909 0.835083
vt 0.904909 0.835073
vt 0.901535 0.747368
vt 0.901525 0.747368
vt 0.901379 0.716578
vt 0.901369 0.716578
vt 0.901369 0.822165
vt 0.901379 0.822165
vt 0.901379 0.778159
vt 0.901369 0.778159
vt 0.908451 0.822165
vt 0.908441 0.822165
vt 0.901525 0.778159
vt 0.901535 0.778159
vt 0.901369 0.862079
vt 0.901379 0.862079
vt 0.901525 0.716578
vt 0.901535 0.716578
vt 0.908449 0.862079
vt 0.908440 0.862079
vt 0.901379 0.741484
vt 0.901379 0.740171
vt 0.901369 0.741483
vt 0.901369 0.740171
vt 0.901369 0.798275
vt 0.901369 0.796974
vt 0.901379 0.796974
vt 0.901379 0.798275
vt 0.901379 0.754565
vt 0.901369 0.754565
vt 0.908451 0.798275
vt 0.908441 0.798275
vt 0.901525 0.753253
vt 0.901525 0.754565
vt 0.901535 0.753253
vt 0.901535 0.754565
vt 0.901369 0.838756
vt 0.901369 0.837431
vt 0.901379 0.837431
vt 0.901379 0.838756
vt 0.901525 0.740171
vt 0.901535 0.740171
vt 0.908449 0.838756
vt 0.901379 0.714706
vt 0.901369 0.714706
vt 0.901369 0.824040
vt 0.901379 0.824040
vt 0.901379 0.780032
vt 0.901369 0.780031
vt 0.908451 0.824040
vt 0.908441 0.824040
vt 0.908451 0.824467
vt 0.901525 0.780032
vt 0.901535 0.780031
vt 0.901369 0.863951
vt 0.901379 0.863951
vt 0.901525 0.714706
vt 0.901535 0.714706
vt 0.908449 0.863951
vt 0.908440 0.863951
vt 0.901379 0.743363
vt 0.901369 0.743363
vt 0.901369 0.795085
vt 0.901379 0.795085
vt 0.901379 0.751374
vt 0.901369 0.751374
vt 0.908451 0.794629
vt 0.908451 0.795085
vt 0.908441 0.795085
vt 0.901379 0.753253
vt 0.901369 0.753253
vt 0.908451 0.796974
vt 0.908441 0.796974
vt 0.901525 0.751374
vt 0.901535 0.751374
vt 0.901369 0.835559
vt 0.901379 0.835559
vt 0.901525 0.743363
vt 0.901535 0.743363
vt 0.908449 0.835559
vt 0.908440 0.835559
vt 0.901525 0.741484
vt 0.901535 0.741483
vt 0.908449 0.837431
vt 0.560640 0.392278
vt 0.531981 0.392278
vt 0.531981 0.391793
vt 0.560640 0.391793
vt 0.589298 0.392278
vt 0.589298 0.391793
vt 0.617956 0.392278
vt 0.646614 0.392278
vt 0.531981 0.392763
vt 0.503323 0.392763
vt 0.503323 0.392278
vt 0.589298 0.392763
vt 0.560640 0.392763
vt 0.646614 0.392763
vt 0.617956 0.392763
vt 0.589298 0.358936
vt 0.589298 0.388481
vt 0.560640 0.358936
vt 0.560640 0.388481
vt 0.468166 0.845001
vt 0.467668 0.845001
vt 0.467668 0.816583
vt 0.468167 0.816583
vt 0.468166 0.958673
vt 0.589298 0.738808
vt 0.560640 0.738808
vt 0.531981 0.738808
vt 0.531981 0.358936
vt 0.531981 0.388481
vt 0.503323 0.358936
vt 0.503323 0.388481
vt 0.503323 0.391793
vt 0.642836 0.963156
vt 0.640339 0.963156
vt 0.642836 0.963655
vt 0.640339 0.963655
vt 0.670971 0.772327
vt 0.667009 0.772327
vt 0.666739 0.771842
vt 0.670971 0.771842
vt 0.640339 0.783183
vt 0.640339 0.783682
vt 0.839524 0.392464
vt 0.839522 0.392949
vt 0.642837 0.783682
vt 0.642837 0.783183
vt 0.843484 0.392965
vt 0.843756 0.392481
vt 0.644638 0.788165
vt 0.645137 0.788165
vt 0.474665 0.392763
vt 0.474665 0.392278
vt 0.474665 0.391793
vt 0.644638 0.961355
vt 0.645137 0.961355
vt 0.650762 0.392763
vt 0.651031 0.392278
vt 0.468166 0.961354
vt 0.467667 0.961354
vt 0.467667 0.958673
vt 0.470517 0.772635
vt 0.470248 0.772150
vt 0.468167 0.788164
vt 0.644638 0.785484
vt 0.645137 0.785484
vt 0.470517 0.392763
vt 0.470248 0.392278
vt 0.470153 0.391793
vt 0.467668 0.788164
vt 0.646614 0.772150
vt 0.646614 0.772635
vt 0.468167 0.785483
vt 0.467668 0.785483
vt 0.650762 0.772635
vt 0.651031 0.772150
vt 0.469968 0.963156
vt 0.469968 0.963655
vt 0.844225 0.772327
vt 0.844495 0.771842
vt 0.469968 0.783682
vt 0.469968 0.783183
vt 0.666269 0.392255
vt 0.666002 0.391769
vt 0.456900 0.759302
vt 0.454661 0.759301
vt 0.454661 0.759042
vt 0.456902 0.759042
vt 0.454661 0.758782
vt 0.456899 0.758781
vt 0.273189 0.758784
vt 0.273189 0.759044
vt 0.270947 0.759044
vt 0.273189 0.759303
vt 0.270950 0.759304
vt 0.259967 0.773948
vt 0.257729 0.773949
vt 0.257729 0.771788
vt 0.259965 0.771788
vt 0.257729 0.769627
vt 0.259966 0.769628
vt 0.076261 0.773946
vt 0.074024 0.773945
vt 0.074025 0.771785
vt 0.076261 0.771785
vt 0.074024 0.769626
vt 0.076261 0.769624
vt 0.260063 0.769632
vt 0.260061 0.771788
vt 0.260063 0.773944
vt 0.260159 0.769642
vt 0.260157 0.771788
vt 0.260160 0.773933
vt 0.865817 0.733193
vt 0.865904 0.733196
vt 0.865922 0.734366
vt 0.865836 0.734364
vt 0.865926 0.735522
vt 0.865839 0.735519
vt 0.865991 0.733198
vt 0.866009 0.734369
vt 0.866012 0.735524
vt 0.867844 0.733161
vt 0.867931 0.733163
vt 0.867928 0.734355
vt 0.867842 0.734352
vt 0.867952 0.735490
vt 0.867866 0.735487
vt 0.868017 0.733166
vt 0.868036 0.734336
vt 0.868039 0.735492
vt 0.270764 0.758768
vt 0.270850 0.759044
vt 0.270761 0.759043
vt 0.270855 0.759309
vt 0.270764 0.759319
vt 0.887088 0.733433
vt 0.887177 0.733432
vt 0.887188 0.734593
vt 0.887098 0.734593
vt 0.887199 0.735753
vt 0.887109 0.735754
vt 0.886998 0.733434
vt 0.887008 0.734594
vt 0.887019 0.735754
vt 0.456994 0.758776
vt 0.457086 0.758766
vt 0.457088 0.759041
vt 0.457000 0.759042
vt 0.457086 0.759317
vt 0.456995 0.759307
vt 0.073928 0.769629
vt 0.073929 0.771785
vt 0.073927 0.773941
vt 0.073831 0.769640
vt 0.073834 0.771785
vt 0.073831 0.773931
vt 0.889104 0.733414
vt 0.889194 0.733413
vt 0.889205 0.734574
vt 0.889115 0.734575
vt 0.889216 0.735734
vt 0.889126 0.735735
vt 0.889014 0.733415
vt 0.889025 0.734575
vt 0.889036 0.735736
vt 0.888117 0.735744
vt 0.888107 0.734584
vt 0.888096 0.733423
vt 0.866949 0.735495
vt 0.866925 0.734360
vt 0.866907 0.733190
vt 0.334464 0.023587
vt 0.421390 0.388507
vt 0.421391 0.758782
vt 0.450124 0.758782
vt 0.450123 0.759042
vt 0.224461 0.771787
vt 0.253193 0.771788
vt 0.253193 0.773949
vt 0.224461 0.773949
vt 0.450123 0.759301
vt 0.422856 0.023588
vt 0.392661 0.025897
vt 0.421391 0.790253
vt 0.253193 0.769626
vt 0.335192 0.388507
vt 0.080797 0.769624
vt 0.080797 0.771785
vt 0.421391 0.757480
vt 0.260157 0.616363
vt 0.334462 0.939487
vt 0.422855 0.939486
vt 0.196496 0.954299
vt 0.107985 0.954297
vt 0.551918 0.976562
vt 0.363927 0.939635
vt 0.581421 0.974203
vt 0.454659 0.354473
vt 0.450123 0.354473
vt 0.076262 0.240981
vt 0.080799 0.240981
vt 0.273192 0.236892
vt 0.277729 0.236892
vt 0.257731 0.359702
vt 0.363928 0.023439
vt 0.363925 0.756237
vt 0.335192 0.757480
vt 0.277727 0.354472
vt 0.109532 0.359702
vt 0.080799 0.359702
vt 0.107980 0.965033
vt 0.137500 0.965033
vt 0.167020 0.965033
vt 0.392658 0.756237
vt 0.885390 0.343228
vt 0.884472 0.343236
vt 0.335192 0.758783
vt 0.883553 0.343245
vt 0.195728 0.771787
vt 0.195728 0.773949
vt 0.862804 0.343143
vt 0.861887 0.343151
vt 0.109530 0.771786
vt 0.863741 0.343114
vt 0.861801 0.343149
vt 0.861714 0.343146
vt 0.335192 0.790253
vt 0.260155 0.359660
vt 0.260065 0.359691
vt 0.259968 0.359702
vt 0.270953 0.354472
vt 0.270857 0.354483
vt 0.270767 0.354513
vt 0.863914 0.343119
vt 0.863828 0.343117
vt 0.456993 0.354484
vt 0.456897 0.354473
vt 0.457083 0.354515
vt 0.363925 0.354473
vt 0.883464 0.343246
vt 0.883373 0.343247
vt 0.195729 0.359702
vt 0.885480 0.343227
vt 0.885570 0.343226
vt 0.224461 0.775192
vt 0.073929 0.359692
vt 0.073838 0.359661
vt 0.253193 0.775192
vt 0.074025 0.359703
vt 0.076262 0.359703
vt 0.273191 0.354472
vt 0.257730 0.775192
vt 0.273189 0.760546
vt 0.450123 0.760544
vt 0.454660 0.760544
vt 0.137500 0.966027
vt 0.167020 0.966027
vt 0.866947 0.736686
vt 0.867863 0.736679
vt 0.887210 0.736944
vt 0.888128 0.736935
vt 0.887221 0.738135
vt 0.887030 0.736946
vt 0.887120 0.736945
vt 0.887132 0.738136
vt 0.887041 0.738137
vt 0.456898 0.760545
vt 0.456994 0.760545
vt 0.456995 0.761787
vt 0.456898 0.761787
vt 0.073827 0.775188
vt 0.073925 0.775188
vt 0.073828 0.776432
vt 0.889047 0.736927
vt 0.889137 0.736926
vt 0.889148 0.738117
vt 0.270951 0.760547
vt 0.076261 0.775189
vt 0.259968 0.775191
vt 0.074022 0.775188
vt 0.865944 0.736692
vt 0.866030 0.736694
vt 0.865857 0.736689
vt 0.260066 0.775191
vt 0.260163 0.775190
vt 0.270855 0.760547
vt 0.270759 0.760547
vt 0.867970 0.736660
vt 0.868057 0.736662
vt 0.889227 0.736925
vt 0.889238 0.738117
vt 0.457090 0.760545
vt 0.457092 0.761787
vt 0.196540 0.966027
vt 0.363925 0.726371
vt 0.392657 0.726371
vt 0.363924 0.696506
vt 0.392657 0.696505
vt 0.363924 0.666640
vt 0.392657 0.666640
vt 0.363924 0.636774
vt 0.392657 0.636774
vt 0.109531 0.616321
vt 0.109531 0.646472
vt 0.109530 0.676624
vt 0.109530 0.706776
vt 0.421390 0.537621
vt 0.421390 0.509051
vt 0.450122 0.509051
vt 0.421390 0.480481
vt 0.450122 0.480481
vt 0.421390 0.451912
vt 0.450123 0.451912
vt 0.253195 0.429550
vt 0.224462 0.429550
vt 0.253196 0.458677
vt 0.224463 0.458677
vt 0.253196 0.487803
vt 0.224463 0.487803
vt 0.253196 0.516930
vt 0.224463 0.516930
vt 0.273188 0.537621
vt 0.277725 0.537621
vt 0.273188 0.509050
vt 0.277725 0.509050
vt 0.273189 0.480481
vt 0.277726 0.480481
vt 0.273189 0.451911
vt 0.277726 0.451911
vt 0.454659 0.451912
vt 0.454659 0.480481
vt 0.454659 0.509051
vt 0.257732 0.458677
vt 0.257733 0.487803
vt 0.257733 0.516930
vt 0.335191 0.537621
vt 0.363924 0.537621
vt 0.335191 0.509051
vt 0.363924 0.509051
vt 0.335191 0.480481
vt 0.363924 0.480481
vt 0.335192 0.451911
vt 0.363924 0.451911
vt 0.076262 0.546057
vt 0.076262 0.516930
vt 0.080799 0.516930
vt 0.076262 0.487803
vt 0.080799 0.487803
vt 0.076262 0.458677
vt 0.080799 0.458677
vt 0.863750 0.520148
vt 0.864667 0.520140
vt 0.863466 0.492499
vt 0.864383 0.492491
vt 0.863182 0.464850
vt 0.864099 0.464842
vt 0.862878 0.437222
vt 0.863794 0.437214
vt 0.865583 0.520132
vt 0.865299 0.492483
vt 0.865015 0.464834
vt 0.864731 0.437185
vt 0.886117 0.520306
vt 0.887035 0.520297
vt 0.885860 0.492657
vt 0.886778 0.492649
vt 0.885603 0.465009
vt 0.886521 0.465000
vt 0.885346 0.437360
vt 0.886264 0.437352
vt 0.885198 0.520314
vt 0.884941 0.492666
vt 0.884684 0.465017
vt 0.884427 0.437369
vt 0.885108 0.520315
vt 0.884852 0.492667
vt 0.884595 0.465018
vt 0.884338 0.437370
vt 0.885018 0.520316
vt 0.884761 0.492668
vt 0.884504 0.465019
vt 0.884247 0.437370
vt 0.456993 0.537629
vt 0.457082 0.537654
vt 0.456993 0.509055
vt 0.457082 0.509068
vt 0.456993 0.480481
vt 0.457082 0.480481
vt 0.456993 0.451908
vt 0.457082 0.451895
vt 0.456896 0.537621
vt 0.456896 0.509051
vt 0.456897 0.480481
vt 0.456896 0.451912
vt 0.073928 0.546048
vt 0.074024 0.546057
vt 0.073928 0.516926
vt 0.074024 0.516930
vt 0.073928 0.487803
vt 0.074025 0.487803
vt 0.073929 0.458681
vt 0.074025 0.458677
vt 0.073839 0.546024
vt 0.073839 0.516914
vt 0.073839 0.487803
vt 0.073839 0.458693
vt 0.887124 0.520296
vt 0.887215 0.520296
vt 0.886868 0.492648
vt 0.886958 0.492647
vt 0.886611 0.464999
vt 0.886701 0.464999
vt 0.886354 0.437351
vt 0.886444 0.437350
vt 0.865690 0.520113
vt 0.865386 0.492485
vt 0.865102 0.464836
vt 0.864818 0.437188
vt 0.865777 0.520116
vt 0.865473 0.492488
vt 0.865188 0.464839
vt 0.864904 0.437190
vt 0.270766 0.537653
vt 0.270855 0.537629
vt 0.270766 0.509067
vt 0.270855 0.509055
vt 0.270766 0.480480
vt 0.270855 0.480480
vt 0.270767 0.451894
vt 0.270856 0.451906
vt 0.270951 0.537621
vt 0.270951 0.509050
vt 0.270951 0.480480
vt 0.270952 0.451911
vt 0.259970 0.546057
vt 0.260066 0.546049
vt 0.259970 0.516930
vt 0.260066 0.516926
vt 0.259970 0.487803
vt 0.260066 0.487803
vt 0.259970 0.458677
vt 0.260066 0.458681
vt 0.260155 0.546024
vt 0.260155 0.516914
vt 0.260155 0.487803
vt 0.260155 0.458693
vt 0.863577 0.520143
vt 0.863664 0.520145
vt 0.863293 0.492494
vt 0.863380 0.492496
vt 0.862988 0.464866
vt 0.863096 0.464848
vt 0.862704 0.437217
vt 0.862791 0.437220
vt 0.306458 0.537621
vt 0.306458 0.509051
vt 0.306458 0.480481
vt 0.306459 0.451911
vt 0.138264 0.429551
vt 0.109532 0.429551
vt 0.138264 0.458677
vt 0.109531 0.458677
vt 0.138264 0.487804
vt 0.109531 0.487803
vt 0.138264 0.516930
vt 0.109531 0.516930
vt 0.195730 0.429551
vt 0.166997 0.429551
vt 0.195730 0.458677
vt 0.166997 0.458677
vt 0.195730 0.487803
vt 0.166997 0.487804
vt 0.195730 0.516930
vt 0.166997 0.516930
vt 0.392657 0.537621
vt 0.392657 0.509051
vt 0.392657 0.480481
vt 0.392657 0.451912
vt 0.270955 0.236892
vt 0.273192 0.266287
vt 0.270955 0.266287
vt 0.273191 0.295682
vt 0.270954 0.295682
vt 0.273191 0.325077
vt 0.270954 0.325077
vt 0.456897 0.236894
vt 0.454660 0.236894
vt 0.456897 0.266289
vt 0.454660 0.266289
vt 0.456897 0.295683
vt 0.454660 0.295683
vt 0.456897 0.325078
vt 0.454660 0.325078
vt 0.074025 0.240981
vt 0.076262 0.270662
vt 0.074025 0.270662
vt 0.076262 0.300342
vt 0.074025 0.300342
vt 0.076262 0.330022
vt 0.074025 0.330022
vt 0.259967 0.240980
vt 0.257730 0.240980
vt 0.259968 0.270660
vt 0.257730 0.270660
vt 0.259968 0.300341
vt 0.257731 0.300341
vt 0.259968 0.330021
vt 0.257731 0.330021
vt 0.073928 0.240979
vt 0.073928 0.270657
vt 0.073928 0.300335
vt 0.073928 0.330013
vt 0.073833 0.240973
vt 0.073834 0.270645
vt 0.073835 0.300317
vt 0.073837 0.329989
vt 0.884518 0.229988
vt 0.884428 0.229989
vt 0.884781 0.258298
vt 0.884691 0.258298
vt 0.885044 0.286607
vt 0.884954 0.286608
vt 0.885307 0.314917
vt 0.885217 0.314918
vt 0.224461 0.240981
vt 0.195728 0.240981
vt 0.224461 0.270661
vt 0.195729 0.270661
vt 0.224461 0.300341
vt 0.195729 0.300341
vt 0.224462 0.330021
vt 0.195729 0.330022
vt 0.884338 0.229990
vt 0.884601 0.258299
vt 0.884864 0.286609
vt 0.885127 0.314918
vt 0.138264 0.240981
vt 0.109531 0.240981
vt 0.138264 0.270661
vt 0.109531 0.270662
vt 0.138264 0.300342
vt 0.109531 0.300342
vt 0.138264 0.330022
vt 0.109531 0.330022
vt 0.166996 0.240981
vt 0.166996 0.270661
vt 0.166996 0.300342
vt 0.166996 0.330022
vt 0.882501 0.230007
vt 0.882412 0.230008
vt 0.882765 0.258316
vt 0.882675 0.258317
vt 0.883027 0.286626
vt 0.882938 0.286627
vt 0.883290 0.314935
vt 0.883201 0.314936
vt 0.392659 0.236894
vt 0.363926 0.236893
vt 0.392658 0.266288
vt 0.363926 0.266288
vt 0.392658 0.295683
vt 0.363926 0.295683
vt 0.392658 0.325078
vt 0.363925 0.325078
vt 0.450123 0.236894
vt 0.421391 0.236894
vt 0.450123 0.266289
vt 0.421391 0.266288
vt 0.450123 0.295683
vt 0.421391 0.295683
vt 0.450123 0.325078
vt 0.421390 0.325078
vt 0.882322 0.230008
vt 0.882584 0.258318
vt 0.882847 0.286628
vt 0.883110 0.314937
vt 0.335194 0.236893
vt 0.335193 0.266288
vt 0.335193 0.295683
vt 0.335193 0.325077
vt 0.457089 0.236903
vt 0.456994 0.236896
vt 0.457088 0.266306
vt 0.456994 0.266293
vt 0.457086 0.295709
vt 0.456993 0.295690
vt 0.457085 0.325112
vt 0.456993 0.325087
vt 0.862630 0.229909
vt 0.862543 0.229907
vt 0.862926 0.258229
vt 0.862840 0.258226
vt 0.863229 0.286513
vt 0.863142 0.286511
vt 0.863531 0.314797
vt 0.863424 0.314816
vt 0.862716 0.229912
vt 0.863013 0.258231
vt 0.863315 0.286516
vt 0.863618 0.314800
vt 0.270858 0.236895
vt 0.270763 0.236901
vt 0.270858 0.266292
vt 0.270764 0.266304
vt 0.270858 0.295688
vt 0.270765 0.295707
vt 0.270857 0.325085
vt 0.270766 0.325110
vt 0.260064 0.240978
vt 0.260064 0.270656
vt 0.260064 0.300334
vt 0.260064 0.330012
vt 0.260159 0.240972
vt 0.260158 0.270644
vt 0.260157 0.300316
vt 0.260156 0.329988
vt 0.860624 0.229920
vt 0.860516 0.229939
vt 0.860920 0.258240
vt 0.860813 0.258259
vt 0.861202 0.286545
vt 0.861115 0.286543
vt 0.861504 0.314829
vt 0.861418 0.314827
vt 0.860710 0.229923
vt 0.861007 0.258243
vt 0.861309 0.286527
vt 0.861591 0.314832
vt 0.861627 0.229915
vt 0.861923 0.258234
vt 0.862226 0.286519
vt 0.862507 0.314824
vt 0.883420 0.229998
vt 0.883683 0.258308
vt 0.883946 0.286617
vt 0.884209 0.314927
vt 0.080799 0.270662
vt 0.080799 0.300342
vt 0.080799 0.330022
vt 0.306461 0.236893
vt 0.306461 0.266288
vt 0.277729 0.266287
vt 0.306461 0.295682
vt 0.277728 0.295682
vt 0.306460 0.325077
vt 0.277728 0.325077
vt 0.253193 0.240980
vt 0.253194 0.270661
vt 0.253194 0.300341
vt 0.253194 0.330021
vt 0.306461 0.904113
vt 0.335194 0.904113
vt 0.306460 0.875648
vt 0.335193 0.875648
vt 0.306460 0.847183
vt 0.335193 0.847183
vt 0.306460 0.818719
vt 0.335192 0.818718
vt 0.392659 0.904112
vt 0.421392 0.904112
vt 0.392659 0.875647
vt 0.421392 0.875647
vt 0.392659 0.847183
vt 0.421391 0.847182
vt 0.392658 0.818718
vt 0.421391 0.818717
vt 0.363926 0.904113
vt 0.363926 0.875648
vt 0.363926 0.847183
vt 0.363925 0.818718
vt 0.450125 0.904112
vt 0.450124 0.875647
vt 0.450124 0.847182
vt 0.450124 0.818717
vt 0.080794 0.918772
vt 0.109527 0.918772
vt 0.080795 0.890304
vt 0.109528 0.890304
vt 0.080795 0.861836
vt 0.109528 0.861836
vt 0.080796 0.833368
vt 0.109528 0.833369
vt 0.138260 0.918772
vt 0.166993 0.918773
vt 0.138260 0.890305
vt 0.166993 0.890305
vt 0.138261 0.861837
vt 0.166994 0.861838
vt 0.138261 0.833369
vt 0.166994 0.833370
vt 0.076258 0.890304
vt 0.076258 0.861836
vt 0.076259 0.833368
vt 0.195726 0.918773
vt 0.195726 0.890306
vt 0.195727 0.861838
vt 0.195727 0.833370
vt 0.224459 0.918774
vt 0.224459 0.890306
vt 0.224460 0.861838
vt 0.224460 0.833370
vt 0.868424 0.876180
vt 0.867209 0.848525
vt 0.868125 0.848517
vt 0.866925 0.820876
vt 0.867841 0.820868
vt 0.866626 0.793213
vt 0.867543 0.793205
vt 0.889167 0.848792
vt 0.890086 0.848784
vt 0.888910 0.821126
vt 0.889829 0.821117
vt 0.888653 0.793460
vt 0.889572 0.793451
vt 0.887478 0.765801
vt 0.887388 0.765802
vt 0.887735 0.793468
vt 0.887645 0.793469
vt 0.887992 0.821134
vt 0.887902 0.821135
vt 0.888249 0.848801
vt 0.888159 0.848802
vt 0.457096 0.790648
vt 0.457003 0.790638
vt 0.457101 0.819508
vt 0.457010 0.819490
vt 0.457105 0.848369
vt 0.457018 0.848341
vt 0.457110 0.877229
vt 0.457025 0.877192
vt 0.073894 0.891849
vt 0.073973 0.891805
vt 0.073901 0.862995
vt 0.073985 0.862962
vt 0.073909 0.834141
vt 0.073997 0.834119
vt 0.889495 0.765783
vt 0.889405 0.765784
vt 0.889752 0.793449
vt 0.889662 0.793450
vt 0.890009 0.821116
vt 0.889919 0.821117
vt 0.890266 0.848782
vt 0.890176 0.848783
vt 0.277728 0.904114
vt 0.273191 0.875649
vt 0.277727 0.875649
vt 0.273190 0.847184
vt 0.277727 0.847184
vt 0.273190 0.818719
vt 0.277727 0.818719
vt 0.270928 0.819470
vt 0.270917 0.848310
vt 0.270906 0.877150
vt 0.456910 0.790627
vt 0.456922 0.819468
vt 0.454661 0.818717
vt 0.456934 0.848308
vt 0.454661 0.847182
vt 0.456946 0.877148
vt 0.454661 0.875647
vt 0.259991 0.834122
vt 0.257730 0.833371
vt 0.260003 0.862965
vt 0.257729 0.861839
vt 0.260014 0.891808
vt 0.257729 0.890307
vt 0.866539 0.793210
vt 0.866838 0.820874
vt 0.867122 0.848523
vt 0.867314 0.876204
vt 0.867036 0.848520
vt 0.866731 0.820892
vt 0.866453 0.793208
vt 0.260100 0.920706
vt 0.260182 0.920752
vt 0.260093 0.891852
vt 0.260178 0.891889
vt 0.260086 0.862998
vt 0.260174 0.863025
vt 0.260079 0.834143
vt 0.260170 0.834162
vt 0.270820 0.906046
vt 0.270827 0.877194
vt 0.270833 0.848343
vt 0.270840 0.819492
vt 0.270738 0.906092
vt 0.270742 0.877232
vt 0.270746 0.848371
vt 0.270750 0.819510
vt 0.869427 0.876175
vt 0.869514 0.876177
vt 0.869128 0.848511
vt 0.869236 0.848493
vt 0.868845 0.820862
vt 0.868931 0.820865
vt 0.868545 0.793199
vt 0.868653 0.793180
vt 0.869341 0.876172
vt 0.869042 0.848509
vt 0.868758 0.820860
vt 0.868459 0.793197
vt 0.073823 0.805296
vt 0.073819 0.834159
vt 0.073814 0.863022
vt 0.073809 0.891886
vt 0.887298 0.765803
vt 0.887555 0.793470
vt 0.887812 0.821136
vt 0.888069 0.848802
vt 0.253192 0.918774
vt 0.253192 0.890306
vt 0.253193 0.861839
vt 0.253193 0.833371
vt 0.457033 0.057147
vt 0.457026 0.086115
vt 0.457018 0.115083
vt 0.457011 0.144051
vt 0.457115 0.057101
vt 0.457110 0.086078
vt 0.457106 0.115055
vt 0.457101 0.144032
vt 0.880793 0.055702
vt 0.880702 0.055703
vt 0.881051 0.083480
vt 0.880960 0.083481
vt 0.881309 0.111258
vt 0.881218 0.111259
vt 0.881567 0.139036
vt 0.881477 0.139037
vt 0.880882 0.055701
vt 0.881140 0.083479
vt 0.881398 0.111257
vt 0.881656 0.139035
vt 0.881801 0.055693
vt 0.882059 0.083471
vt 0.882317 0.111249
vt 0.882575 0.139027
vt 0.859782 0.055694
vt 0.860084 0.083443
vt 0.860366 0.111213
vt 0.860663 0.138998
vt 0.166995 0.059077
vt 0.166995 0.087659
vt 0.166995 0.116240
vt 0.166995 0.144822
vt 0.754380 0.905251
vt 0.782949 0.905251
vt 0.697240 0.934655
vt 0.725810 0.934655
vt 0.754380 0.934655
vt 0.782949 0.934655
vt 0.500444 0.785483
vt 0.528423 0.785483
vt 0.528423 0.788165
vt 0.556402 0.785483
vt 0.556402 0.788165
vt 0.584381 0.785483
vt 0.584381 0.788165
vt 0.612360 0.816583
vt 0.584381 0.816583
vt 0.556402 0.816583
vt 0.528423 0.816583
vt 0.528423 0.958673
vt 0.528423 0.961355
vt 0.556402 0.958673
vt 0.556402 0.961355
vt 0.584381 0.958674
vt 0.584381 0.961355
vt 0.698582 0.358557
vt 0.726797 0.358670
vt 0.726679 0.388215
vt 0.755012 0.358783
vt 0.754894 0.388328
vt 0.783227 0.358896
vt 0.783109 0.388441
vt 0.699187 0.738500
vt 0.699187 0.768045
vt 0.727402 0.738500
vt 0.727402 0.768045
vt 0.755617 0.738500
vt 0.755617 0.768045
vt 0.783832 0.738500
vt 0.783832 0.768045
vt 0.812786 0.209812
vt 0.784198 0.209698
vt 0.755610 0.209583
vt 0.727022 0.209469
vt 0.698440 0.589299
vt 0.727029 0.589299
vt 0.755617 0.589299
vt 0.784205 0.589299
vt 0.698429 0.024810
vt 0.727389 0.024926
vt 0.727376 0.029512
vt 0.756349 0.025042
vt 0.756331 0.029628
vt 0.785310 0.025158
vt 0.785286 0.029744
vt 0.813538 0.404756
vt 0.784572 0.409342
vt 0.784578 0.404756
vt 0.755617 0.409342
vt 0.755617 0.404756
vt 0.726662 0.409342
vt 0.726656 0.404756
vt 0.697240 0.782875
vt 0.725810 0.782875
vt 0.754380 0.782875
vt 0.782949 0.782875
vt 0.612360 0.930256
vt 0.612360 0.901837
vt 0.584381 0.930256
vt 0.584381 0.901837
vt 0.556402 0.930256
vt 0.556402 0.901837
vt 0.528423 0.930255
vt 0.528423 0.901837
vt 0.697240 0.964058
vt 0.697240 0.968819
vt 0.725810 0.964058
vt 0.725810 0.968819
vt 0.754380 0.964058
vt 0.754380 0.968819
vt 0.782949 0.964058
vt 0.782949 0.968819
vt 0.612360 0.845001
vt 0.584381 0.845001
vt 0.556402 0.845001
vt 0.528423 0.845001
vt 0.699216 0.023570
vt 0.727785 0.023685
vt 0.756354 0.023799
vt 0.784923 0.023914
vt 0.612360 0.873419
vt 0.584381 0.873419
vt 0.556402 0.873419
vt 0.528423 0.873419
vt 0.812756 0.403513
vt 0.784186 0.403513
vt 0.755617 0.403513
vt 0.727048 0.403513
vt 0.843079 0.059722
vt 0.814123 0.059606
vt 0.785167 0.059490
vt 0.756212 0.059374
vt 0.727256 0.059258
vt 0.697705 0.439089
vt 0.726661 0.439089
vt 0.755617 0.439089
vt 0.784573 0.439089
vt 0.784576 0.558076
vt 0.813536 0.558076
vt 0.784575 0.528329
vt 0.813534 0.528329
vt 0.784575 0.498582
vt 0.813532 0.498582
vt 0.784574 0.468835
vt 0.813530 0.468835
vt 0.755617 0.558076
vt 0.755617 0.528329
vt 0.755617 0.498582
vt 0.755617 0.468835
vt 0.726657 0.558076
vt 0.726658 0.528329
vt 0.726659 0.498582
vt 0.726660 0.468835
vt 0.697698 0.558076
vt 0.697700 0.528329
vt 0.697702 0.498582
vt 0.697703 0.468835
vt 0.668738 0.558075
vt 0.668741 0.528329
vt 0.668744 0.498582
vt 0.668747 0.468835
vt 0.697816 0.178128
vt 0.726776 0.178245
vt 0.697938 0.148382
vt 0.726896 0.148498
vt 0.698058 0.118635
vt 0.727016 0.118751
vt 0.698179 0.088889
vt 0.727136 0.089005
vt 0.755735 0.178361
vt 0.755854 0.148614
vt 0.755973 0.118867
vt 0.756093 0.089121
vt 0.784694 0.178477
vt 0.784813 0.148730
vt 0.784931 0.118983
vt 0.785049 0.089237
vt 0.813654 0.178592
vt 0.813771 0.148846
vt 0.813888 0.119099
vt 0.814006 0.089353
vt 0.842729 0.148962
vt 0.842846 0.119215
vt 0.842962 0.089469
vt 0.531236 0.059525
vt 0.501832 0.059525
vt 0.531236 0.089271
vt 0.501832 0.089271
vt 0.531236 0.119018
vt 0.501832 0.119018
vt 0.531236 0.148765
vt 0.501832 0.148765
vt 0.501832 0.558384
vt 0.531236 0.558385
vt 0.501832 0.528637
vt 0.531236 0.528638
vt 0.501832 0.498891
vt 0.531236 0.498891
vt 0.501832 0.469144
vt 0.531236 0.469144
vt 0.560640 0.558385
vt 0.590043 0.558385
vt 0.560640 0.528638
vt 0.590043 0.528638
vt 0.560640 0.498891
vt 0.590043 0.498891
vt 0.560640 0.469144
vt 0.590043 0.469144
vt 0.619447 0.558384
vt 0.619447 0.528637
vt 0.648851 0.528637
vt 0.619447 0.498891
vt 0.648851 0.498891
vt 0.619447 0.469144
vt 0.648850 0.469144
vt 0.472429 0.059525
vt 0.472429 0.089271
vt 0.472429 0.119018
vt 0.472429 0.148764
vt 0.560640 0.059525
vt 0.560640 0.089271
vt 0.560640 0.119018
vt 0.560640 0.148765
vt 0.590043 0.059525
vt 0.590043 0.089271
vt 0.590043 0.119018
vt 0.590043 0.148765
vt 0.619447 0.059525
vt 0.619447 0.089271
vt 0.619447 0.119018
vt 0.619447 0.148765
vt 0.472428 0.528637
vt 0.472429 0.498891
vt 0.472429 0.469144
vt 0.648851 0.089271
vt 0.648851 0.119018
vt 0.648851 0.148765
vt 0.664163 0.558075
vt 0.664166 0.528329
vt 0.664169 0.498582
vt 0.664172 0.468835
vt 0.668979 0.148266
vt 0.669101 0.118519
vt 0.669223 0.088773
vt 0.847653 0.059741
vt 0.847537 0.089487
vt 0.847420 0.119233
vt 0.847304 0.148980
vt 0.467668 0.439397
vt 0.467668 0.469144
vt 0.467668 0.498891
vt 0.467668 0.528637
vt 0.653611 0.178511
vt 0.653611 0.148764
vt 0.653611 0.119018
vt 0.653611 0.089271
vt 0.467668 0.059525
vt 0.467668 0.089271
vt 0.467668 0.119018
vt 0.467668 0.148764
vt 0.653611 0.439397
vt 0.653611 0.469144
vt 0.653611 0.498891
vt 0.653611 0.528637
vt 0.664771 0.059008
vt 0.664648 0.088754
vt 0.664527 0.118501
vt 0.664404 0.148247
vt 0.842496 0.558075
vt 0.847070 0.558075
vt 0.842493 0.528329
vt 0.847067 0.528328
vt 0.842490 0.498582
vt 0.847065 0.498582
vt 0.842487 0.468835
vt 0.847062 0.468835
vt 0.812047 0.620320
vt 0.783832 0.620320
vt 0.812047 0.649865
vt 0.783832 0.649865
vt 0.812047 0.679410
vt 0.783832 0.679410
vt 0.812047 0.708955
vt 0.783832 0.708955
vt 0.755617 0.620320
vt 0.755617 0.649865
vt 0.755617 0.679410
vt 0.755617 0.708955
vt 0.727401 0.620320
vt 0.727401 0.649865
vt 0.727401 0.679410
vt 0.727401 0.708955
vt 0.699186 0.620320
vt 0.699186 0.649865
vt 0.699186 0.679410
vt 0.699186 0.708955
vt 0.670971 0.620320
vt 0.670971 0.649865
vt 0.670971 0.679410
vt 0.670971 0.708955
vt 0.811916 0.240830
vt 0.783701 0.240717
vt 0.811798 0.270375
vt 0.783582 0.270262
vt 0.811679 0.299920
vt 0.783464 0.299807
vt 0.811561 0.329465
vt 0.783346 0.329351
vt 0.755486 0.240604
vt 0.755367 0.270149
vt 0.755249 0.299694
vt 0.755131 0.329238
vt 0.727271 0.240491
vt 0.727152 0.270036
vt 0.727034 0.299581
vt 0.726916 0.329125
vt 0.699056 0.240378
vt 0.698937 0.269923
vt 0.698819 0.299468
vt 0.698701 0.329012
vt 0.670841 0.240265
vt 0.670722 0.269810
vt 0.670604 0.299355
vt 0.670486 0.328900
vt 0.531981 0.240755
vt 0.503323 0.240755
vt 0.531981 0.270300
vt 0.503323 0.270300
vt 0.531981 0.299845
vt 0.503323 0.299845
vt 0.531981 0.329390
vt 0.503323 0.329390
vt 0.474665 0.240755
vt 0.474665 0.270300
vt 0.474665 0.299845
vt 0.474665 0.329391
vt 0.560640 0.240755
vt 0.560640 0.270300
vt 0.560640 0.299845
vt 0.560640 0.329390
vt 0.531981 0.620628
vt 0.503323 0.620628
vt 0.531981 0.650173
vt 0.503323 0.650173
vt 0.531981 0.679718
vt 0.503323 0.679718
vt 0.531981 0.709263
vt 0.503323 0.709263
vt 0.560640 0.620628
vt 0.560640 0.650173
vt 0.560640 0.679718
vt 0.560640 0.709263
vt 0.589298 0.620628
vt 0.589298 0.650173
vt 0.589298 0.679718
vt 0.589298 0.709263
vt 0.617956 0.620628
vt 0.617956 0.650173
vt 0.617956 0.679718
vt 0.617956 0.709263
vt 0.589298 0.240755
vt 0.589298 0.270300
vt 0.589298 0.299845
vt 0.589298 0.329390
vt 0.617956 0.240755
vt 0.617956 0.270300
vt 0.617956 0.299845
vt 0.617956 0.329391
vt 0.474665 0.620628
vt 0.474665 0.650173
vt 0.474665 0.679718
vt 0.474665 0.709263
vt 0.666514 0.240248
vt 0.666396 0.269793
vt 0.666277 0.299338
vt 0.666159 0.328882
vt 0.844589 0.620320
vt 0.840263 0.620320
vt 0.844589 0.649865
vt 0.840263 0.649865
vt 0.844589 0.679410
vt 0.840263 0.679410
vt 0.844589 0.708955
vt 0.840263 0.708955
vt 0.651126 0.620628
vt 0.646614 0.620628
vt 0.651126 0.650173
vt 0.646614 0.650173
vt 0.651126 0.679718
vt 0.646614 0.679718
vt 0.651126 0.709263
vt 0.646614 0.709263
vt 0.470153 0.240756
vt 0.470153 0.270301
vt 0.470153 0.299846
vt 0.470153 0.329391
vt 0.470153 0.620628
vt 0.470153 0.650173
vt 0.470153 0.679718
vt 0.470153 0.709263
vt 0.651126 0.240756
vt 0.646614 0.240755
vt 0.651126 0.270301
vt 0.646614 0.270300
vt 0.651126 0.299846
vt 0.646614 0.299845
vt 0.651126 0.329391
vt 0.646614 0.329391
vt 0.844458 0.240961
vt 0.840131 0.240943
vt 0.844339 0.270506
vt 0.840013 0.270488
vt 0.844221 0.300051
vt 0.839894 0.300033
vt 0.844102 0.329595
vt 0.839776 0.329578
vt 0.666644 0.620320
vt 0.666645 0.649865
vt 0.666645 0.679410
vt 0.666645 0.708955
usemtl box-with-sticker-001
s 1
f 32/1 29/2 9/3 10/4
f 34/5 36/6 12/7 11/8
f 22/9 23/10 6/11 5/12
f 26/13 27/14 8/15 7/16
f 36/6 34/5 42/17 70/18
f 70/18 42/17 41/19 71/20
f 71/21 41/22 40/23 72/24
f 72/24 40/23 33/25 35/26
f 23/10 22/9 69/27 37/28
f 37/28 69/27 68/29 38/30
f 38/31 68/32 67/33 39/34
f 39/34 67/33 21/35 24/36
f 27/14 26/13 46/37 51/38
f 51/38 46/37 47/39 50/40
f 50/41 47/42 48/43 49/44
f 49/44 48/43 25/45 28/46
f 29/2 32/1 52/47 45/48
f 45/48 52/47 53/49 44/50
f 44/51 53/52 54/53 43/54
f 43/54 54/53 31/55 30/56
f 31/55 73/57 74/58 30/56
f 73/57 28/46 25/45 74/58
f 33/25 75/59 76/60 35/26
f 75/59 24/36 21/35 76/60
f 935/61 1077/62 2734/63 88/64
f 2618/65 2619/66 94/67 95/68
f 2617/69 2618/65 95/68 96/70
f 2566/71 2617/69 96/70 97/72
f 2565/73 2566/71 97/72 98/74
f 1082/75 2565/73 98/74 937/76
f 2733/77 2734/63 2729/78 2728/79
f 2732/80 2733/77 2728/79 2727/81
f 2731/82 2732/80 2727/81 2726/83
f 2730/84 2731/82 2726/83 2725/85
f 1071/86 2730/84 2725/85 1072/87
f 2728/79 2729/78 2634/88 2633/89
f 2727/81 2728/79 2633/89 2632/90
f 2726/83 2727/81 2632/90 2631/91
f 2725/85 2726/83 2631/91 2630/92
f 1072/87 2725/85 2630/92 1073/93
f 2633/89 2634/88 99/94 100/95
f 2632/90 2633/89 100/95 101/96
f 2631/91 2632/90 101/96 102/97
f 2630/92 2631/91 102/97 103/98
f 1073/93 2630/92 103/98 931/99
f 92/100 93/101 2629/102 2628/103
f 91/104 92/100 2628/103 2627/105
f 90/106 91/104 2627/105 2626/107
f 2858/108 2857/109 2852/110 2853/111
f 2856/112 2855/113 2850/114 2851/115
f 416/116 417/117 752/118 751/119
f 2745/120 2858/108 2853/111 2746/121
f 2787/122 414/123 749/124 2788/125
f 415/126 416/116 751/119 750/127
f 2837/128 2836/129 115/130 114/131
f 2835/132 2834/133 117/134 116/135
f 2827/136 156/137 157/138 2828/139
f 2838/140 2837/128 114/131 113/141
f 107/142 153/143 154/144 106/145
f 105/146 155/147 156/137 2827/136
f 2831/148 380/149 381/150 2832/151
f 830/152 760/153 153/143 107/142
f 973/154 941/155 352/156 2829/157
f 2830/158 353/159 380/149 2831/148
f 750/127 751/119 782/160 781/161
f 752/118 779/162 784/163 783/164
f 2827/136 2828/139 554/165 553/166
f 749/124 750/127 781/161 780/167
f 107/142 106/145 551/168 550/169
f 105/146 2827/136 553/166 552/170
f 110/171 160/172 161/173 109/174
f 830/152 107/142 550/169 2771/175
f 972/176 939/177 158/178 112/179
f 111/180 159/181 160/172 110/171
f 116/135 348/182 349/183 115/130
f 114/131 350/184 351/185 113/141
f 553/166 554/165 514/186 417/117
f 117/134 347/187 348/182 116/135
f 550/169 551/168 415/126 414/123
f 552/170 553/166 417/117 416/116
f 2683/188 2678/189 2677/190 2682/191
f 268/192 1803/193 1804/194 559/195
f 3458/196 3379/197 2790/198 2755/199
f 3533/200 2496/201 2497/202 3538/203
f 948/204 413/205 352/156 941/155
f 3434/206 3374/207 2772/208 2773/209
f 427/210 428/211 2676/212 2681/213
f 412/214 385/215 380/149 353/159
f 2679/216 2674/217 2673/218 2678/219
f 784/163 2751/220 2750/221 519/222
f 2674/217 2669/223 2668/224 2673/218
f 2673/218 2668/224 2667/225 2672/226
f 2688/227 435/228 104/229 2687/230
f 2825/231 829/232 811/233 2637/234
f 519/222 2750/221 972/176 112/179
f 543/235 542/236 2715/237 2716/238
f 542/236 541/239 2714/240 2715/237
f 2689/241 436/242 435/228 2688/227
f 2695/243 2685/244 2684/245 2694/246
f 540/247 539/248 2712/249 2713/250
f 2508/251 2533/252 1102/253 1084/254
f 3494/255 638/256 639/257 3495/258
f 2684/245 2679/259 2678/189 2683/188
f 2691/260 471/261 470/262 2690/263
f 558/264 559/195 3528/265 3527/266
f 2599/267 2735/268 865/269 815/270
f 645/271 644/272 654/273 655/274
f 2806/275 2807/276 2640/277 2641/278
f 3838/279 1193/280 1215/281 3773/282
f 429/283 434/284 663/285 2671/286
f 3757/287 3773/282 1215/281 1210/288
f 3560/289 3559/290 1132/291 1133/292
f 3654/293 3659/294 3660/295 3655/296
f 1477/297 3562/298 1135/299 1402/300
f 3621/301 3620/302 3625/303 3626/304
f 3564/305 3565/306 221/307 222/308
f 3767/309 3768/310 1401/311 1317/312
f 3571/313 3572/314 3567/315 3566/316
f 3767/317 1317/318 1395/319 3778/320
f 3568/321 3569/322 3564/305 3563/323
f 3294/324 966/325 2790/198 3379/197
f 2362/326 1503/327 1211/328 1180/329
f 3575/330 3576/331 3571/313 3570/332
f 1428/333 1236/334 1399/335 1423/336
f 1480/337 3573/338 3568/321 1479/339
f 3742/340 3762/341 1393/342 1313/343
f 232/344 3549/345 3550/346 231/347
f 2608/348 812/349 866/350 2770/351
f 1123/352 1122/353 1330/354 1333/355
f 257/356 437/357 3577/358 3576/331
f 3747/359 3783/360 1208/361 1207/362
f 254/363 255/364 3574/365 3573/338
f 1137/366 1140/367 1439/368 1440/369
f 3590/370 3589/371 1150/372 1153/373
f 2600/374 2736/375 2735/268 2599/267
f 3752/376 1385/377 1336/378 3753/379
f 3607/380 3606/381 1171/382 1172/383
f 1407/384 472/385 3597/386 1550/387
f 3742/388 1313/389 1377/390 3737/391
f 3620/302 3619/392 3624/393 3625/303
f 1527/394 3592/395 1157/396 1384/397
f 3404/398 3399/399 2761/400 2762/401
f 2464/402 2462/403 3658/404 3653/405
f 3605/406 3604/407 1159/408 1170/409
f 295/410 300/411 301/412 296/413
f 507/414 495/415 3474/416 298/417
f 3373/418 855/419 854/420 3368/421
f 506/422 507/414 298/417 293/423
f 294/424 299/425 300/411 295/410
f 289/426 294/427 295/428 290/429
f 291/430 296/431 297/432 292/433
f 3472/434 291/430 292/433 3473/435
f 288/436 293/437 294/427 289/426
f 3363/438 853/439 852/440 3358/441
f 3469/442 288/436 289/426 3470/443
f 3471/444 290/429 291/430 3472/434
f 3466/445 3481/446 3482/447 3467/448
f 505/449 504/450 288/436 3469/442
f 503/451 502/452 3479/453 3464/454
f 3465/455 3480/456 3481/446 3466/445
f 3353/457 851/458 833/459 3318/460
f 3480/456 3485/461 3486/462 3481/446
f 3482/447 3487/463 3488/464 3483/465
f 3487/466 3492/467 3493/468 3488/469
f 3479/453 3484/470 3485/461 3480/456
f 3484/471 3489/472 3490/473 3485/474
f 3486/475 3491/476 3492/467 3487/466
f 3348/477 850/478 849/479 3343/480
f 3491/476 3496/481 3497/482 3492/467
f 501/483 500/484 3489/472 3484/471
f 500/484 489/485 3494/255 3489/472
f 3490/473 3495/258 3496/481 3491/476
f 284/486 3500/487 3501/488 285/489
f 286/490 3502/491 3503/492 287/493
f 3338/494 847/495 848/496 3443/497
f 3502/491 3507/498 3508/499 3503/492
f 283/500 3499/501 3500/487 284/486
f 3499/501 3504/502 3505/503 3500/487
f 3501/488 3506/504 3507/498 3502/491
f 3506/505 3511/506 3512/507 3507/508
f 499/509 498/510 3504/502 3499/501
f 498/511 497/512 3509/513 3504/514
f 3505/515 3510/516 3511/506 3506/505
f 3510/516 334/517 335/518 3511/506
f 3512/507 443/519 444/520 3513/521
f 3527/266 3528/265 3523/522 3522/523
f 3509/513 333/524 334/517 3510/516
f 3524/525 3525/526 3520/527 3519/528
f 3526/529 3527/266 3522/523 3521/530
f 3516/531 3517/532 259/533 260/534
f 471/261 3524/525 3519/528 470/262
f 104/229 3514/535 262/536 520/537
f 3515/538 3516/531 260/534 261/539
f 276/540 649/541 650/542 275/543
f 274/544 651/545 652/546 273/547
f 3537/548 3538/203 3518/549 3517/532
f 277/550 648/551 649/541 276/540
f 118/552 119/553 131/554 132/555
f 963/556 118/552 132/555 943/557
f 2771/175 550/169 414/123 2787/122
f 120/558 121/559 129/560 130/561
f 949/562 668/563 118/552 963/556
f 747/564 748/565 123/566 124/567
f 668/563 669/568 119/553 118/552
f 267/569 303/570 304/571 266/572
f 10/4 354/573 355/574 32/1
f 175/575 174/576 179/577 180/578
f 36/6 356/579 357/580 12/7
f 801/581 176/582 181/583 800/584
f 5/12 358/585 359/586 22/9
f 2576/587 2577/588 173/589 174/576
f 27/14 360/590 361/591 8/15
f 197/592 2575/593 175/575 176/582
f 28/46 362/594 363/595 49/44
f 97/72 2495/596 2494/597 98/74
f 49/44 363/595 364/598 50/41
f 95/68 2497/202 2496/201 96/70
f 50/40 364/599 365/600 51/38
f 934/601 1810/602 2498/603 94/67
f 51/38 365/600 360/590 27/14
f 1812/604 1813/605 102/97 101/96
f 32/1 355/574 366/606 52/47
f 1808/607 1811/608 100/95 99/94
f 52/47 366/606 367/609 53/49
f 2635/610 2636/611 166/612 165/613
f 53/52 367/614 368/615 54/53
f 2615/616 2616/617 164/618 163/619
f 54/53 368/615 369/620 31/55
f 788/621 2614/622 162/623 805/624
f 67/33 370/625 371/626 21/35
f 1812/604 647/627 657/628 1813/605
f 68/32 372/629 370/625 67/33
f 557/630 558/264 3527/266 3526/529
f 69/27 373/631 372/632 68/29
f 2839/633 2807/276 2806/275 2834/133
f 22/9 359/586 373/631 69/27
f 2849/634 2824/635 2823/636 2844/637
f 70/18 374/638 356/579 36/6
f 2833/639 829/232 2825/231 2854/640
f 71/20 375/641 374/638 70/18
f 2788/125 2644/642 2645/643 2787/122
f 72/24 376/644 375/645 71/21
f 2805/646 2642/647 2643/648 2789/649
f 35/26 377/650 376/644 72/24
f 3018/651 3013/652 167/653 168/654
f 76/60 378/655 377/650 35/26
f 3028/656 3023/657 169/658 170/659
f 21/35 371/626 378/655 76/60
f 2989/660 3033/661 171/662 804/663
f 31/55 369/620 379/664 73/57
f 81/665 169/658 168/654 80/666
f 73/57 379/664 362/594 28/46
f 83/667 171/662 170/659 82/668
f 124/567 123/566 683/669 684/670
f 125/671 124/567 684/670 685/672
f 946/673 718/674 127/675 964/676
f 2721/677 454/678 484/679 548/680
f 715/681 716/682 747/564 720/683
f 714/684 715/681 720/683 719/685
f 126/686 125/671 685/672 686/687
f 964/676 127/675 687/688 947/689
f 2502/690 1111/691 857/692 2822/693
f 386/694 9/3 29/2 387/695
f 1110/696 1109/697 859/698 858/699
f 388/700 34/5 11/8 389/701
f 2499/702 1805/703 862/704 2804/705
f 390/706 6/11 23/10 391/707
f 1114/708 1113/709 921/710 920/711
f 392/712 26/13 7/16 393/713
f 862/704 919/714 924/715 923/716
f 391/707 23/10 37/28 394/717
f 921/710 922/718 927/719 926/720
f 394/717 37/28 38/30 395/721
f 860/722 965/723 930/724 859/698
f 395/725 38/31 39/34 396/726
f 3249/727 487/728 533/729 3059/730
f 396/726 39/34 24/36 397/731
f 3064/732 531/733 530/734 3069/735
f 398/736 33/25 40/23 399/737
f 3094/738 538/739 537/740 3089/741
f 399/737 40/23 41/22 400/742
f 3079/743 535/744 534/745 3074/746
f 400/747 41/19 42/17 401/748
f 2708/749 2709/750 536/751 537/740
f 401/748 42/17 34/5 388/700
f 2567/752 1117/753 2560/754 1064/755
f 402/756 43/54 30/56 403/757
f 1066/758 2562/759 2563/760 1067/761
f 404/762 44/51 43/54 402/756
f 1058/763 1057/764 2558/765 2559/766
f 405/767 45/48 44/50 404/768
f 1055/769 1054/770 2555/771 2556/772
f 387/695 29/2 45/48 405/767
f 1055/769 1056/773 969/774 968/775
f 406/776 46/37 26/13 392/712
f 3429/777 2768/778 923/716 3279/779
f 407/780 47/39 46/37 406/776
f 3269/781 925/782 926/720 3264/783
f 408/784 48/43 47/42 407/785
f 1059/786 1060/787 1802/788 1805/703
f 409/789 25/45 48/43 408/784
f 1062/790 1063/791 1112/792 1113/709
f 403/757 30/56 74/58 410/793
f 968/775 969/774 1109/697 1110/696
f 410/793 74/58 25/45 409/789
f 2567/752 1064/755 1059/786 2568/794
f 411/795 75/59 33/25 398/736
f 1066/758 1067/761 1062/790 1061/796
f 397/731 24/36 75/59 411/795
f 428/211 429/283 2671/286 2676/212
f 708/797 709/798 714/684 713/799
f 713/799 714/684 719/685 718/674
f 711/800 712/801 717/802 716/682
f 703/803 704/804 709/805 708/806
f 960/807 703/803 708/806 961/808
f 2650/809 2655/810 2656/811 2651/812
f 2657/813 2662/814 2663/815 2658/816
f 417/117 514/186 779/162 752/118
f 418/817 5/12 6/11 419/818
f 414/123 415/126 750/127 749/124
f 420/819 11/8 12/7 421/820
f 2836/129 2835/132 116/135 115/130
f 422/821 19/822 4/823 423/824
f 2749/825 2838/140 113/141 971/826
f 424/827 2/828 16/829 425/830
f 106/145 154/144 155/147 105/146
f 425/830 16/829 63/831 426/832
f 2832/151 381/150 382/833 2833/639
f 426/832 63/831 62/834 427/835
f 2829/157 352/156 353/159 2830/158
f 427/210 62/836 61/837 428/211
f 751/119 752/118 783/164 782/160
f 428/211 61/837 15/838 429/283
f 2788/125 749/124 780/167 2789/649
f 430/839 64/840 19/822 422/821
f 106/145 105/146 552/170 551/168
f 431/841 65/842 64/840 430/839
f 109/174 161/173 336/843 108/844
f 432/845 66/846 65/847 431/848
f 112/179 158/178 159/181 111/180
f 433/849 20/850 66/846 432/845
f 115/130 349/183 350/184 114/131
f 434/284 78/851 20/850 433/849
f 806/852 756/853 347/187 117/134
f 429/283 15/838 78/851 434/284
f 551/168 552/170 416/116 415/126
f 89/854 90/106 2626/107 2625/855
f 121/559 122/856 128/857 129/560
f 938/858 89/854 2625/855 1080/859
f 1245/860 1249/861 3679/862 3680/863
f 475/864 476/865 3593/866 3594/867
f 1195/868 1196/869 1265/870 1267/871
f 3817/872 3772/873 1214/874 1194/875
f 3549/345 3548/876 3553/877 3554/878
f 1552/879 3607/380 1172/383 1408/880
f 3592/395 3591/881 1156/882 1157/396
f 533/729 487/728 453/883 2722/884
f 522/885 549/886 3524/525 471/261
f 3534/887 3535/888 3515/538 3514/535
f 670/889 671/890 121/559 120/558
f 262/536 445/891 494/892 520/537
f 3474/416 445/891 446/893 3475/894
f 3496/481 640/895 641/896 3497/482
f 719/685 720/683 125/671 126/686
f 435/228 3534/887 3514/535 104/229
f 3044/897 541/239 542/236 3039/898
f 449/899 358/585 5/12 418/817
f 127/675 126/686 686/687 687/688
f 3039/898 542/236 543/235 3034/900
f 88/64 2734/63 2733/77 87/901
f 421/820 12/7 357/580 450/902
f 709/798 710/903 715/681 714/684
f 785/904 804/663 171/662 83/667
f 3595/905 3594/867 3599/906 3600/907
f 3523/522 2495/596 2496/201 3533/200
f 2654/908 2659/909 2660/910 2655/810
f 451/911 389/701 11/8 420/819
f 3604/407 3603/912 1158/913 1159/408
f 2426/914 2425/915 1328/916 1329/917
f 150/918 705/919 704/804 149/920
f 419/818 6/11 390/706 452/921
f 2721/677 2722/884 453/883 454/678
f 453/883 7/16 8/15 454/678
f 2711/922 2712/249 455/923 456/924
f 455/923 10/4 9/3 456/924
f 2701/925 2702/926 457/927 458/928
f 457/927 3/929 18/930 458/928
f 2691/260 2692/931 459/932 460/933
f 459/932 13/934 1/935 460/933
f 2692/931 2682/191 461/936 459/932
f 461/936 57/937 13/934 459/932
f 2682/191 2677/190 462/938 461/936
f 462/938 56/939 57/937 461/936
f 2677/940 2672/226 463/941 462/942
f 463/941 55/943 56/944 462/942
f 2672/226 2667/225 464/945 463/941
f 464/945 14/946 55/943 463/941
f 2666/947 2701/925 458/928 465/948
f 458/928 18/930 58/949 465/948
f 2661/950 2666/947 465/948 466/951
f 465/948 58/949 59/952 466/951
f 2656/811 2661/953 466/954 467/955
f 466/954 59/956 60/957 467/955
f 2651/812 2656/811 467/955 468/958
f 467/955 60/957 17/959 468/958
f 826/960 2651/812 468/958 469/961
f 468/958 17/959 77/962 469/961
f 2667/225 826/960 469/961 464/945
f 469/961 77/962 14/946 464/945
f 2628/103 2629/102 2624/963 2623/964
f 2627/105 2628/103 2623/964 2622/965
f 2626/107 2627/105 2622/965 2621/966
f 2625/855 2626/107 2621/966 2620/967
f 473/968 474/969 3595/905 3596/970
f 1475/971 3552/972 3557/973 1476/974
f 1502/975 2401/976 1178/977 1213/978
f 710/903 711/800 716/682 715/681
f 3606/381 3605/406 1170/409 1171/382
f 3557/973 3556/979 3561/980 3562/298
f 3653/405 3658/404 3659/294 3654/293
f 3555/981 3554/878 3559/290 3560/289
f 119/553 120/558 130/561 131/554
f 266/572 304/571 305/982 265/983
f 3495/258 639/257 640/895 3496/481
f 489/485 488/984 638/256 3494/255
f 671/890 672/985 122/856 121/559
f 272/986 283/500 284/486 271/987
f 669/568 670/889 120/558 119/553
f 662/988 661/989 646/990 647/627
f 720/683 747/564 124/567 125/671
f 454/678 8/15 361/591 484/679
f 718/674 719/685 126/686 127/675
f 3054/991 539/248 540/247 3049/992
f 716/682 717/802 748/565 747/564
f 485/993 354/573 10/4 455/923
f 539/248 485/993 455/923 2712/249
f 2868/994 355/574 354/573 2859/995
f 3747/996 1207/997 1206/998 3788/999
f 3551/1000 3550/346 3555/981 3556/979
f 2663/815 2698/1001 2699/1002 2664/1003
f 456/924 9/3 386/694 486/1004
f 1136/1005 1137/366 1440/369 1441/1006
f 2652/1007 2657/1008 2658/1009 2653/1010
f 705/919 706/1011 711/1012 710/1013
f 487/728 393/713 7/16 453/883
f 3/929 488/984 489/485 18/930
f 293/423 298/417 299/425 294/424
f 19/822 490/1014 491/1015 4/823
f 290/429 295/428 296/431 291/430
f 13/934 492/1016 493/1017 1/935
f 504/450 506/1018 293/437 288/436
f 2/828 494/892 495/415 16/829
f 3470/443 289/426 290/429 3471/444
f 14/1019 496/1020 497/512 55/1021
f 3467/448 3482/447 3483/465 3468/1022
f 55/1021 497/512 498/511 56/1023
f 3464/454 3479/453 3480/456 3465/455
f 56/939 498/510 499/509 57/937
f 3481/446 3486/462 3487/463 3482/447
f 57/937 499/509 492/1016 13/934
f 502/452 501/1024 3484/470 3479/453
f 18/930 489/485 500/484 58/949
f 3485/474 3490/473 3491/476 3486/475
f 58/949 500/484 501/483 59/952
f 3492/467 3497/482 3498/1025 3493/468
f 59/1026 501/1024 502/452 60/1027
f 3489/472 3494/255 3495/258 3490/473
f 60/1027 502/452 503/451 17/1028
f 285/489 3501/488 3502/491 286/490
f 61/1029 504/450 505/449 15/1030
f 492/1016 499/509 3499/501 283/500
f 62/1031 506/1018 504/450 61/1029
f 3500/487 3505/503 3506/504 3501/488
f 63/831 507/414 506/422 62/834
f 3507/508 3512/507 3513/521 3508/1032
f 16/829 495/415 507/414 63/831
f 3504/514 3509/513 3510/516 3505/515
f 64/840 508/1033 490/1014 19/822
f 3511/506 335/518 443/519 3512/507
f 65/842 509/1034 508/1033 64/840
f 497/512 496/1020 333/524 3509/513
f 66/1035 510/1036 509/1037 65/1038
f 3525/526 3526/529 3521/530 3520/527
f 20/1039 511/1040 510/1036 66/1035
f 3517/532 3518/549 258/1041 259/533
f 78/1042 512/1043 511/1040 20/1039
f 3514/535 3515/538 261/539 262/536
f 15/1030 505/449 512/1043 78/1042
f 275/543 650/542 651/545 274/544
f 17/1028 503/451 513/1044 77/1045
f 523/1046 524/1047 648/551 277/550
f 77/1045 513/1044 496/1020 14/1019
f 3535/888 3536/1048 3516/531 3515/538
f 759/1049 773/1050 707/1051 152/1052
f 701/1053 702/1054 383/1055 384/1056
f 152/1052 707/1051 706/1011 151/1057
f 2687/230 104/229 520/537 424/827
f 696/1058 697/1059 702/1054 701/1053
f 695/1060 696/1058 701/1053 700/1061
f 700/1061 701/1053 384/1056 385/215
f 698/1062 699/1063 412/214 413/205
f 556/1064 557/630 3526/529 3525/526
f 699/1063 700/1061 385/215 412/214
f 424/827 520/537 494/892 2/828
f 3497/482 641/896 642/1065 3498/1025
f 661/989 660/1066 645/271 646/990
f 693/1067 694/1068 699/1063 698/1062
f 4/823 491/1015 521/1069 423/824
f 265/983 305/982 306/1070 264/1071
f 149/920 704/804 703/803 148/1072
f 151/1057 706/1011 705/919 150/918
f 1/935 493/1017 522/885 460/933
f 648/551 524/1047 525/1073 658/1074
f 959/1075 698/1062 413/205 948/204
f 528/1076 2706/1077 423/824 521/1069
f 457/927 523/1046 488/984 3/929
f 495/415 494/892 445/891 3474/416
f 591/1078 569/1079 568/1080 588/1081
f 593/1082 570/1083 571/1084 595/1085
f 581/1086 564/1087 565/1088 582/1089
f 585/1090 566/1091 567/1092 586/1093
f 595/1085 629/1094 601/1095 593/1082
f 629/1094 630/1096 600/1097 601/1095
f 630/1098 631/1099 599/1100 600/1101
f 631/1099 594/1102 592/1103 599/1100
f 582/1089 596/1104 628/1105 581/1086
f 596/1104 597/1106 627/1107 628/1105
f 597/1108 598/1109 626/1110 627/1111
f 598/1109 583/1112 580/1113 626/1110
f 586/1093 610/1114 605/1115 585/1090
f 610/1114 609/1116 606/1117 605/1115
f 609/1118 608/1119 607/1120 606/1121
f 608/1119 587/1122 584/1123 607/1120
f 588/1081 604/1124 611/1125 591/1078
f 604/1124 603/1126 612/1127 611/1125
f 603/1128 602/1129 613/1130 612/1131
f 602/1129 589/1132 590/1133 613/1130
f 590/1133 589/1132 633/1134 632/1135
f 632/1135 633/1134 584/1123 587/1122
f 592/1103 594/1102 635/1136 634/1137
f 634/1137 635/1136 580/1113 583/1112
f 800/584 181/583 186/1138 799/1139
f 174/576 173/589 178/1140 179/577
f 176/582 175/575 180/578 181/583
f 2577/588 2578/1141 172/1142 173/589
f 2575/593 2576/587 174/576 175/575
f 796/1143 197/592 176/582 801/581
f 96/70 2496/201 2495/596 97/72
f 94/67 2498/603 2497/202 95/68
f 1813/605 2493/1144 103/98 102/97
f 1811/608 1812/604 101/96 100/95
f 1801/1145 1808/607 99/94 936/1146
f 2616/617 2635/610 165/613 164/618
f 2614/622 2615/616 163/619 162/623
f 646/990 645/271 655/274 656/1147
f 644/272 643/1148 653/1149 654/273
f 264/1071 306/1070 307/1150 263/1151
f 2844/637 2823/636 2807/276 2839/633
f 2854/640 2825/231 2824/635 2849/634
f 2787/122 2645/643 2646/1152 2771/175
f 2789/649 2643/648 2644/642 2788/125
f 807/1153 786/1154 2642/647 2805/646
f 3023/657 3018/651 168/654 169/658
f 3033/661 3028/656 170/659 171/662
f 80/666 168/654 167/653 79/1155
f 958/1156 693/1067 698/1062 959/1075
f 79/1155 809/1157 808/1158 2646/1152
f 689/1159 690/1160 695/1161 694/1162
f 2637/234 811/233 810/1163 2636/611
f 686/687 689/1159 688/1164 687/688
f 2609/1165 813/1166 812/349 2608/348
f 683/669 692/1167 691/1168 684/670
f 2599/267 815/270 814/1169 2598/1170
f 344/1171 680/1172 681/1173 343/1174
f 2598/1170 814/1169 816/1175 2593/1176
f 755/1177 768/1178 678/1179 346/1180
f 2593/1176 816/1175 817/1181 2588/1182
f 679/1183 674/1184 675/1185 680/1172
f 2588/1186 817/1187 818/1188 2583/1189
f 676/1190 666/1191 667/1192 677/1193
f 2583/1189 818/1188 819/1194 2578/1141
f 673/1195 555/1196 664/1197 674/1198
f 192/1199 820/1200 813/1166 2609/1165
f 665/1201 670/889 669/568 666/1191
f 187/1202 821/1203 820/1200 192/1199
f 766/1204 765/1205 672/985 555/1196
f 182/1206 822/1207 821/1208 187/1209
f 131/554 130/561 135/1210 136/1211
f 177/1212 823/1213 822/1207 182/1206
f 134/1214 133/1215 138/1216 139/1217
f 172/1142 824/1218 823/1213 177/1212
f 137/1219 136/1211 141/1220 142/1221
f 2578/1141 819/1194 824/1218 172/1142
f 140/1222 139/1223 144/1224 145/1225
f 3008/1226 485/993 539/248 3054/991
f 952/1227 142/1228 147/1229 951/1230
f 85/1231 2731/82 2730/84 84/1232
f 173/589 172/1142 177/1212 178/1140
f 269/1233 286/490 287/493 268/192
f 180/578 179/577 184/1234 185/1235
f 98/74 2494/597 1804/194 937/76
f 799/1139 186/1138 191/1236 798/1237
f 1804/194 1803/193 870/1238 937/76
f 184/1234 183/1239 188/1240 189/1241
f 2719/1242 2724/1243 2723/1244 2720/1245
f 191/1246 190/1247 195/1248 196/1249
f 3619/392 3618/1250 3623/1251 3624/393
f 188/1252 187/1202 192/1199 193/1253
f 653/1149 527/1254 528/1076 278/1255
f 195/1248 194/1256 2611/1257 2612/1258
f 474/969 475/864 3594/867 3595/905
f 795/1259 2579/1260 197/592 796/1143
f 974/1261 1118/1262 2559/766 2754/1263
f 2581/1264 2582/1265 2577/588 2576/587
f 1807/1266 1806/1267 874/1268 931/99
f 2584/1269 2585/1270 2580/1271 2579/1260
f 2718/1272 2743/1273 2724/1243 2719/1242
f 2587/1274 2588/1186 2583/1189 2582/1265
f 3536/1048 3537/548 3517/532 3516/531
f 2590/1275 2591/1276 2586/1277 2585/1278
f 2493/1144 1807/1266 931/99 103/98
f 792/1279 2594/1280 2589/1281 793/1282
f 472/385 473/968 3596/970 3597/386
f 2596/1283 2597/1284 2592/1285 2591/1276
f 2752/1286 2557/1287 2556/772 2751/220
f 2603/1288 2602/1289 2595/1290 2594/1280
f 1244/1291 1245/860 3680/863 3681/1292
f 2600/374 2599/267 2598/1170 2597/1284
f 2620/967 2621/966 2566/71 2565/73
f 2612/1258 2611/1257 2606/1293 2605/1294
f 154/144 153/143 152/1052 151/1057
f 787/1295 2641/278 2614/622 788/621
f 493/1017 492/1016 283/500 272/986
f 2639/1296 2638/1297 2635/610 2616/617
f 2720/1245 2723/1244 2722/884 2721/677
f 83/667 82/668 2643/648 2642/647
f 951/1230 147/1229 341/1298 944/1299
f 80/666 79/1155 2646/1152 2645/643
f 444/520 3463/1300 1815/1301 1814/1302
f 525/1073 2703/1303 2704/1304 526/1305
f 3463/1300 3468/1022 1816/1306 1815/1301
f 277/550 638/256 488/984 523/1046
f 332/1307 3473/435 1818/1308 1817/1309
f 266/572 265/983 481/1310 480/1311
f 327/1312 332/1307 1817/1309 1819/1313
f 2824/635 2825/231 2637/234 2638/1297
f 322/1314 327/1312 1819/1313 1820/1315
f 2686/1316 2681/1317 2680/1318 2685/244
f 317/1319 322/1314 1820/1315 1821/1320
f 2678/219 2673/218 2672/226 2677/940
f 312/1321 317/1322 1821/1323 1822/1324
f 2807/276 2823/636 2639/1296 2640/277
f 307/1150 312/1321 1822/1324 1823/1325
f 302/1326 3478/1327 1825/1328 1824/1329
f 3409/1330 3404/398 2762/401 2763/1331
f 297/1332 302/1326 1824/1329 1826/1333
f 292/433 297/432 1826/1334 1827/1335
f 3473/435 292/433 1827/1335 1818/1308
f 3414/1336 3409/1330 2763/1331 2764/1337
f 3468/1022 3483/465 1828/1338 1816/1306
f 3483/465 3488/464 1829/1339 1828/1338
f 3488/469 3493/468 1830/1340 1829/1341
f 3419/1342 3414/1343 2764/1344 2765/1345
f 3493/468 3498/1025 1831/1346 1830/1340
f 287/493 3503/492 1833/1347 1832/1348
f 3503/492 3508/499 1834/1349 1833/1347
f 3424/1350 3419/1342 2765/1345 2766/1351
f 3508/1032 3513/521 1835/1352 1834/1353
f 3513/521 444/520 1814/1302 1835/1352
f 1825/1328 1809/1354 867/1355 878/1356
f 3384/1357 3319/1358 2756/1359 2757/1360
f 1832/1348 879/1361 870/1238 1803/193
f 1823/1325 889/1362 874/1268 1806/1267
f 1831/1346 1800/1363 871/1364 886/1365
f 3389/1366 3384/1357 2757/1360 2758/1367
f 3682/1368 3681/1292 3676/1369 3677/1370
f 3681/1292 3680/863 3675/1371 3676/1369
f 2353/1372 3677/1370 3672/1373 2354/1374
f 3394/1375 3389/1376 2758/1377 2759/1378
f 3677/1370 3676/1369 3671/1379 3672/1373
f 3674/1380 3673/1381 3668/1382 3669/1383
f 3591/881 3590/370 1153/373 1156/882
f 3333/1384 839/1385 840/1386 3398/1387
f 1404/1388 254/363 3573/338 1480/337
f 256/1389 257/356 3576/331 3575/330
f 233/1390 3548/876 3549/345 232/344
f 3328/1391 837/1392 838/1393 3448/1394
f 230/1395 3551/1000 3552/972 229/1396
f 3574/365 3575/330 3570/332 3569/322
f 1479/339 3568/321 3563/323 1478/1397
f 3323/1398 835/1399 836/1400 3454/1401
f 569/1079 591/1078 722/1402 721/1403
f 2878/1404 357/580 356/579 2869/1405
f 595/1085 571/1084 724/1406 723/1407
f 2888/1408 359/586 358/585 2879/1409
f 564/1087 581/1086 726/1410 725/1411
f 2898/1412 361/591 360/590 2889/1413
f 586/1093 567/1092 728/1414 727/1415
f 2908/1416 363/595 362/594 2899/1417
f 587/1122 608/1119 730/1418 729/1419
f 2913/1420 364/598 363/595 2908/1416
f 608/1119 609/1118 731/1421 730/1418
f 2918/1422 365/600 364/599 2913/1423
f 609/1116 610/1114 732/1424 731/1425
f 2889/1413 360/590 365/600 2918/1422
f 610/1114 586/1093 727/1415 732/1424
f 2923/1426 366/606 355/574 2868/994
f 591/1078 611/1125 733/1427 722/1402
f 2928/1428 367/609 366/606 2923/1426
f 611/1125 612/1127 734/1429 733/1427
f 2933/1430 368/615 367/614 2928/1431
f 612/1131 613/1130 735/1432 734/1433
f 2938/1434 369/620 368/615 2933/1430
f 613/1130 590/1133 736/1435 735/1432
f 2948/1436 371/626 370/625 2939/1437
f 626/1110 580/1113 738/1438 737/1439
f 2939/1437 370/625 372/629 2949/1440
f 627/1111 626/1110 737/1439 739/1441
f 2949/1442 372/632 373/631 2954/1443
f 628/1105 627/1107 739/1444 740/1445
f 2954/1443 373/631 359/586 2888/1408
f 581/1086 628/1105 740/1445 726/1410
f 2869/1405 356/579 374/638 2959/1446
f 629/1094 595/1085 723/1407 741/1447
f 2959/1446 374/638 375/641 2964/1448
f 630/1096 629/1094 741/1447 742/1449
f 2964/1450 375/645 376/644 2969/1451
f 631/1099 630/1098 742/1452 743/1453
f 2969/1451 376/644 377/650 2974/1454
f 594/1102 631/1099 743/1453 744/1455
f 2974/1454 377/650 378/655 2979/1456
f 635/1136 594/1102 744/1455 745/1457
f 2979/1456 378/655 371/626 2948/1436
f 580/1113 635/1136 745/1457 738/1438
f 2988/1458 379/664 369/620 2938/1434
f 590/1133 632/1135 746/1459 736/1435
f 2899/1417 362/594 379/664 2988/1458
f 632/1135 587/1122 729/1419 746/1459
f 2993/1460 2879/1409 358/585 449/899
f 341/1298 340/1461 159/181 158/178
f 944/1299 341/1298 158/178 939/177
f 940/1462 157/138 148/1072 945/1463
f 339/1464 338/1465 161/173 160/172
f 942/1466 351/185 342/1467 950/1468
f 384/1056 383/1055 382/833 381/150
f 351/185 350/184 343/1174 342/1467
f 2636/611 810/1163 828/1469 166/612
f 753/1470 754/1471 588/1081 568/1080
f 755/1177 756/853 570/1083 593/1082
f 757/1472 758/1473 582/1089 565/1088
f 759/1049 760/153 566/1091 585/1090
f 758/1473 761/1474 596/1104 582/1089
f 761/1474 762/1475 597/1106 596/1104
f 762/1476 763/1477 598/1109 597/1108
f 763/1477 764/1478 583/1112 598/1109
f 765/1205 766/1204 599/1100 592/1103
f 766/1204 767/1479 600/1101 599/1100
f 767/1480 768/1178 601/1095 600/1097
f 768/1178 755/1177 593/1082 601/1095
f 769/1481 770/1482 589/1132 602/1129
f 771/1483 769/1481 602/1129 603/1128
f 772/1484 771/1485 603/1126 604/1124
f 754/1471 772/1484 604/1124 588/1081
f 773/1050 759/1049 585/1090 605/1115
f 774/1486 773/1050 605/1115 606/1117
f 775/1487 774/1488 606/1121 607/1120
f 776/1489 775/1487 607/1120 584/1123
f 770/1482 777/1490 633/1134 589/1132
f 777/1490 776/1489 584/1123 633/1134
f 778/1491 765/1205 592/1103 634/1137
f 764/1478 778/1491 634/1137 583/1112
f 2823/636 2824/635 2638/1297 2639/1296
f 2694/246 2684/245 2683/188 2693/1492
f 514/186 2753/1493 2752/1286 779/162
f 806/852 2806/275 2641/278 787/1295
f 690/1160 691/1168 696/1494 695/1161
f 785/904 786/1154 565/1088 564/1087
f 957/1495 688/1164 693/1496 958/1497
f 787/1295 788/621 571/1084 570/1083
f 684/670 691/1168 690/1160 685/672
f 789/1498 790/1499 563/1500 578/1501
f 343/1174 681/1173 682/1502 342/1467
f 791/1503 792/1279 575/1504 561/1505
f 346/1180 678/1179 679/1183 345/1506
f 792/1279 793/1282 622/1507 575/1504
f 680/1172 675/1185 676/1508 681/1173
f 793/1282 794/1509 621/1510 622/1507
f 768/1178 767/1480 673/1511 678/1179
f 794/1512 795/1259 620/1513 621/1514
f 674/1198 664/1197 665/1201 675/1515
f 795/1259 796/1143 574/1516 620/1513
f 666/1191 669/568 668/563 667/1192
f 797/1517 789/1498 578/1501 623/1518
f 555/1196 672/985 671/890 664/1197
f 798/1519 797/1517 623/1518 624/1520
f 130/561 129/560 134/1214 135/1210
f 799/1139 798/1237 624/1521 625/1522
f 943/557 132/555 137/1219 953/1523
f 800/584 799/1139 625/1522 579/1524
f 136/1211 135/1210 140/1525 141/1220
f 801/581 800/584 579/1524 637/1526
f 139/1223 138/1527 143/1528 144/1224
f 796/1143 801/581 637/1526 574/1516
f 142/1228 141/1529 146/1530 147/1229
f 82/668 170/659 169/658 81/665
f 3528/265 2494/597 2495/596 3523/522
f 3049/992 540/247 541/239 3044/897
f 2834/133 2806/275 806/852 117/134
f 2690/263 470/262 436/242 2689/241
f 3570/332 3571/313 3566/316 3565/306
f 3563/323 3564/305 222/308 223/1531
f 2771/175 2646/1152 808/1158 830/152
f 450/902 543/235 2716/238 421/820
f 3566/316 3567/315 219/1532 220/1533
f 3561/980 3560/289 1133/292 1134/1534
f 1476/974 3557/973 3562/298 1477/297
f 2828/139 157/138 940/1462 974/1261
f 2693/1492 2683/188 2682/191 2692/931
f 2675/1535 2670/1536 2669/223 2674/217
f 2833/639 382/833 753/1470 829/232
f 3318/460 833/459 834/1537 3438/1538
f 3003/1539 2894/1540 728/1414 827/1541
f 804/663 785/904 564/1087 725/1411
f 349/183 348/182 345/1506 344/1171
f 2998/1542 2874/1543 724/1406 805/624
f 3008/1226 2859/995 354/573 485/993
f 788/621 805/624 724/1406 571/1084
f 425/830 426/832 2686/1316 2696/1544
f 3013/652 3003/1539 827/1541 167/653
f 779/162 2752/1286 2751/220 784/163
f 806/852 787/1295 570/1083 756/853
f 2828/139 974/1261 2754/1263 554/165
f 786/1154 807/1153 757/1472 565/1088
f 694/1068 695/1060 700/1061 699/1063
f 808/1158 809/1157 567/1092 566/1091
f 691/1168 692/1167 697/1545 696/1494
f 810/1163 811/233 568/1080 569/1079
f 688/1164 689/1159 694/1162 693/1496
f 812/349 813/1166 577/1546 562/1547
f 685/672 690/1160 689/1159 686/687
f 814/1169 815/270 560/1548 572/1549
f 770/1482 769/1481 692/1167 683/669
f 816/1175 814/1169 572/1549 616/1550
f 345/1506 679/1183 680/1172 344/1171
f 817/1181 816/1175 616/1550 615/1551
f 681/1173 676/1508 677/1552 682/1502
f 818/1188 817/1187 615/1553 614/1554
f 678/1179 673/1511 674/1184 679/1183
f 819/1194 818/1188 614/1554 573/1555
f 675/1515 665/1201 666/1191 676/1190
f 813/1166 820/1200 617/1556 577/1546
f 767/1479 766/1204 555/1196 673/1195
f 820/1200 821/1203 618/1557 617/1556
f 664/1197 671/890 670/889 665/1201
f 821/1208 822/1207 619/1558 618/1559
f 129/560 128/857 133/1215 134/1214
f 822/1207 823/1213 576/1560 619/1558
f 132/555 131/554 136/1211 137/1219
f 823/1213 824/1218 636/1561 576/1560
f 135/1210 134/1214 139/1217 140/1525
f 824/1218 819/1194 573/1555 636/1561
f 953/1523 137/1219 142/1221 952/1562
f 86/1563 2732/80 2731/82 85/1231
f 141/1529 140/1222 145/1225 146/1530
f 87/901 2733/77 2732/80 86/1563
f 385/215 384/1056 381/150 380/149
f 541/239 540/247 2713/250 2714/240
f 2685/244 2680/1318 2679/259 2684/245
f 108/844 336/843 757/1472 807/1153
f 2676/212 2671/286 2670/1536 2675/1535
f 2493/1144 282/1564 483/1565 1807/1266
f 2660/1566 2665/1567 2666/947 2661/950
f 113/141 351/185 942/1466 971/826
f 460/933 522/885 471/261 2691/260
f 281/1568 280/1569 481/1310 482/1570
f 3313/1571 831/1572 832/1573 3428/1574
f 2680/1575 2675/1535 2674/217 2679/216
f 426/832 427/835 2681/1317 2686/1316
f 3429/777 3309/1576 2767/1577 2768/778
f 340/1461 339/1464 160/172 159/181
f 809/1157 827/1541 728/1414 567/1092
f 79/1155 167/653 827/1541 809/1157
f 3034/900 543/235 450/902 2994/1578
f 348/182 347/187 346/1180 345/1506
f 828/1469 810/1163 569/1079 721/1403
f 350/184 349/183 344/1171 343/1174
f 2623/964 2624/963 2619/66 2618/65
f 413/205 412/214 353/159 352/156
f 811/233 829/232 753/1470 568/1080
f 2681/213 2676/212 2675/1535 2680/1575
f 830/152 808/1158 566/1091 760/153
f 562/1547 577/1546 832/1573 831/1572
f 578/1501 563/1500 834/1537 833/459
f 3343/1579 849/1580 847/495 3338/494
f 572/1549 560/1548 836/1400 835/1399
f 561/1505 575/1504 838/1393 837/1392
f 573/1581 614/1582 840/1386 839/1385
f 3444/1583 3344/1584 2783/1585 2784/1586
f 614/1582 615/1587 841/1588 840/1386
f 615/1551 616/1550 842/1589 841/1590
f 616/1550 572/1549 835/1399 842/1589
f 3358/1591 852/1592 851/458 3353/457
f 577/1546 617/1556 843/1593 832/1573
f 617/1556 618/1557 844/1594 843/1593
f 618/1595 619/1596 845/1597 844/1598
f 3368/421 854/420 853/439 3363/438
f 619/1596 576/1599 846/1600 845/1597
f 620/1601 574/1602 848/496 847/495
f 621/1603 620/1601 847/495 849/1580
f 3439/1604 3369/1605 2779/1606 2780/1607
f 622/1507 621/1510 849/479 850/478
f 575/1504 622/1507 850/478 838/1393
f 623/1518 578/1501 833/459 851/458
f 3399/399 3329/1608 2760/1609 2761/400
f 624/1520 623/1518 851/458 852/1592
f 625/1610 624/1611 852/440 853/439
f 579/1612 625/1610 853/439 854/420
f 424/827 425/830 2696/1544 2687/230
f 637/1613 579/1612 854/420 855/419
f 574/1602 637/1613 855/419 848/496
f 576/1599 636/1614 856/1615 846/1600
f 791/1503 863/1616 2739/1617 2603/1288
f 636/1614 573/1581 839/1385 856/1615
f 2601/1618 2737/1619 2736/375 2600/374
f 554/165 2754/1263 2753/1493 514/186
f 3284/1620 928/1621 929/1622 3289/1623
f 3299/1624 965/723 966/325 3294/324
f 3304/1625 930/724 965/723 3299/1624
f 2603/1288 2739/1617 2738/1626 2602/1289
f 791/1503 561/1505 837/1392 863/1616
f 3449/1627 3324/1628 2785/1629 2786/1630
f 2687/230 2696/1544 2695/243 2688/227
f 563/1500 790/1499 864/1631 834/1537
f 3518/549 2498/603 1810/602 258/1041
f 560/1548 815/270 865/269 836/1400
f 2602/1289 2738/1626 2737/1619 2601/1618
f 812/349 562/1547 831/1572 866/350
f 886/1365 871/1364 975/1632 976/1633
f 976/1633 975/1632 977/1634 978/1635
f 978/1635 977/1634 979/1636 980/1637
f 980/1637 979/1636 872/1638 885/1639
f 890/1640 873/1641 981/1642 982/1643
f 982/1643 981/1642 983/1644 984/1645
f 984/1645 983/1644 985/1646 986/1647
f 986/1647 985/1646 874/1268 889/1362
f 878/1356 867/1355 987/1648 988/1649
f 988/1649 987/1648 989/1650 990/1651
f 990/1651 989/1650 991/1652 992/1653
f 992/1653 991/1652 868/1654 877/1655
f 870/1238 879/1361 993/1656 994/1657
f 994/1657 993/1656 995/1658 996/1659
f 996/1659 995/1658 997/1660 998/1661
f 998/1661 997/1660 880/1662 869/1663
f 877/1655 891/1664 999/1665 992/1653
f 992/1653 999/1665 1000/1666 990/1651
f 990/1651 1000/1666 1001/1667 988/1649
f 988/1649 1001/1667 892/1668 878/1356
f 891/1664 893/1669 1002/1670 999/1665
f 999/1665 1002/1670 1003/1671 1000/1666
f 1000/1666 1003/1671 1004/1672 1001/1667
f 1001/1667 1004/1672 894/1673 892/1668
f 893/1674 895/1675 1005/1676 1002/1677
f 1002/1677 1005/1676 1006/1678 1003/1679
f 1003/1679 1006/1678 1007/1680 1004/1681
f 1004/1681 1007/1680 896/1682 894/1683
f 895/1675 875/1684 1008/1685 1005/1676
f 1005/1676 1008/1685 1009/1686 1006/1678
f 1006/1678 1009/1686 1010/1687 1007/1680
f 1007/1680 1010/1687 876/1688 896/1682
f 888/1689 897/1690 1011/1691 1012/1692
f 1012/1692 1011/1691 1013/1693 1014/1694
f 1014/1694 1013/1693 1015/1695 1016/1696
f 1016/1696 1015/1695 898/1697 887/1698
f 897/1690 899/1699 1017/1700 1011/1691
f 1011/1691 1017/1700 1018/1701 1013/1693
f 1013/1693 1018/1701 1019/1702 1015/1695
f 1015/1695 1019/1702 900/1703 898/1697
f 899/1704 901/1705 1020/1706 1017/1707
f 1017/1707 1020/1706 1021/1708 1018/1709
f 1018/1709 1021/1708 1022/1710 1019/1711
f 1019/1711 1022/1710 902/1712 900/1713
f 901/1705 890/1640 982/1643 1020/1706
f 1020/1706 982/1643 984/1645 1021/1708
f 1021/1708 984/1645 986/1647 1022/1710
f 1022/1710 986/1647 889/1362 902/1712
f 904/1714 883/1715 1023/1716 1024/1717
f 1024/1717 1023/1716 1025/1718 1026/1719
f 1026/1719 1025/1718 1027/1720 1028/1721
f 1028/1721 1027/1720 884/1722 903/1723
f 906/1724 904/1714 1024/1717 1029/1725
f 1029/1725 1024/1717 1026/1719 1030/1726
f 1030/1726 1026/1719 1028/1721 1031/1727
f 1031/1727 1028/1721 903/1723 905/1728
f 908/1729 906/1730 1029/1731 1032/1732
f 1032/1732 1029/1731 1030/1733 1033/1734
f 1033/1734 1030/1733 1031/1735 1034/1736
f 1034/1736 1031/1735 905/1737 907/1738
f 885/1639 908/1729 1032/1732 980/1637
f 980/1637 1032/1732 1033/1734 978/1635
f 978/1635 1033/1734 1034/1736 976/1633
f 976/1633 1034/1736 907/1738 886/1365
f 910/1739 880/1662 997/1660 1035/1740
f 1035/1740 997/1660 995/1658 1036/1741
f 1036/1741 995/1658 993/1656 1037/1742
f 1037/1742 993/1656 879/1361 909/1743
f 912/1744 910/1739 1035/1740 1038/1745
f 1038/1745 1035/1740 1036/1741 1039/1746
f 1039/1746 1036/1741 1037/1742 1040/1747
f 1040/1747 1037/1742 909/1743 911/1748
f 914/1749 912/1750 1038/1751 1041/1752
f 1041/1752 1038/1751 1039/1753 1042/1754
f 1042/1754 1039/1753 1040/1755 1043/1756
f 1043/1756 1040/1755 911/1757 913/1758
f 882/1759 914/1749 1041/1752 1044/1760
f 1044/1760 1041/1752 1042/1754 1045/1761
f 1045/1761 1042/1754 1043/1756 1046/1762
f 1046/1762 1043/1756 913/1758 881/1763
f 918/1764 884/1722 1027/1720 1047/1765
f 1047/1765 1027/1720 1025/1718 1048/1766
f 1048/1766 1025/1718 1023/1716 1049/1767
f 1049/1767 1023/1716 883/1715 917/1768
f 881/1763 918/1764 1047/1765 1046/1762
f 1046/1762 1047/1765 1048/1766 1045/1761
f 1045/1761 1048/1766 1049/1767 1044/1760
f 1044/1760 1049/1767 917/1768 882/1759
f 887/1698 915/1769 1050/1770 1016/1696
f 1016/1696 1050/1770 1051/1771 1014/1694
f 1014/1694 1051/1771 1052/1772 1012/1692
f 1012/1692 1052/1772 916/1773 888/1689
f 915/1769 876/1688 1010/1687 1050/1770
f 1050/1770 1010/1687 1009/1686 1051/1771
f 1051/1771 1009/1686 1008/1685 1052/1772
f 1052/1772 1008/1685 875/1684 916/1773
f 273/547 652/546 1808/607 1801/1145
f 491/1015 267/569 479/1774 521/1069
f 659/1775 658/1074 643/1148 644/272
f 660/1066 659/1775 644/272 645/271
f 2607/1776 2608/348 2770/351 2769/1777
f 2605/1294 2606/1293 2742/1778 2741/1779
f 790/1499 2604/1780 2740/1781 864/1631
f 84/1232 2730/84 1071/86 932/1782
f 530/734 531/733 2724/1243 2743/1273
f 529/1783 530/734 2743/1273 2744/1784
f 452/921 529/1783 2744/1784 419/818
f 1811/608 662/988 647/627 1812/604
f 2718/1272 2719/1242 546/1785 545/1786
f 418/817 2717/1787 544/1788 449/899
f 531/733 532/1789 2723/1244 2724/1243
f 2619/66 1076/1790 934/601 94/67
f 2734/63 1077/62 1078/1791 2729/78
f 2729/78 1078/1791 1079/1792 2634/88
f 2634/88 1079/1792 936/1146 99/94
f 2720/1245 2721/677 548/680 547/1793
f 873/1641 932/1782 1071/86 981/1642
f 981/1642 1071/86 1072/87 983/1644
f 983/1644 1072/87 1073/93 985/1646
f 985/1646 1073/93 931/99 874/1268
f 280/1569 279/1794 480/1311 481/1310
f 93/101 933/1795 1074/1796 2629/102
f 2629/102 1074/1796 1075/1797 2624/963
f 2624/963 1075/1797 1076/1790 2619/66
f 933/1795 868/1654 991/1652 1074/1796
f 1074/1796 991/1652 989/1650 1075/1797
f 1075/1797 989/1650 987/1648 1076/1790
f 1076/1790 987/1648 867/1355 934/601
f 3289/1623 929/1622 930/724 3304/1625
f 3449/1627 2786/1630 928/1621 3284/1620
f 2606/1293 2607/1776 2769/1777 2742/1778
f 2604/1780 2605/1294 2741/1779 2740/1781
f 935/61 872/1638 979/1636 1077/62
f 1077/62 979/1636 977/1634 1078/1791
f 1078/1791 977/1634 975/1632 1079/1792
f 1079/1792 975/1632 871/1364 936/1146
f 532/1789 533/729 2722/884 2723/1244
f 2717/1787 2718/1272 545/1786 544/1788
f 2719/1242 2720/1245 547/1793 546/1785
f 491/1015 490/1014 303/570 267/569
f 869/1663 938/858 1080/859 998/1661
f 998/1661 1080/859 1081/1798 996/1659
f 996/1659 1081/1798 1082/75 994/1657
f 994/1657 1082/75 937/76 870/1238
f 948/204 941/155 1083/1799 1084/254
f 942/1466 950/1468 1085/1800 1086/1801
f 944/1299 939/177 1087/1802 1088/1803
f 940/1462 945/1463 1089/1804 1090/1805
f 951/1230 944/1299 1088/1803 1091/1806
f 952/1227 951/1230 1091/1806 1092/1807
f 953/1523 952/1562 1092/1808 1093/1809
f 943/557 953/1523 1093/1809 1094/1810
f 954/1811 949/562 1095/1812 1096/1813
f 955/1814 954/1811 1096/1813 1097/1815
f 956/1816 955/1817 1097/1818 1098/1819
f 950/1468 956/1816 1098/1819 1085/1800
f 947/689 957/1495 1099/1820 1100/1821
f 957/1495 958/1497 1101/1822 1099/1820
f 958/1156 959/1075 1102/253 1101/1823
f 959/1075 948/204 1084/254 1102/253
f 945/1463 960/807 1103/1824 1089/1804
f 960/807 961/808 1104/1825 1103/1824
f 961/1826 962/1827 1105/1828 1104/1829
f 962/1827 946/673 1106/1830 1105/1828
f 964/676 947/689 1100/1821 1107/1831
f 946/673 964/676 1107/1831 1106/1830
f 949/562 963/556 1108/1832 1095/1812
f 963/556 943/557 1094/1810 1108/1832
f 549/886 556/1064 3525/526 3524/525
f 3538/203 2497/202 2498/603 3518/549
f 3476/1833 447/1834 448/1835 3477/1836
f 2750/221 2555/771 1116/1837 972/176
f 267/569 266/572 480/1311 479/1774
f 971/826 942/1466 1086/1801 1115/1838
f 271/987 284/486 285/489 270/1839
f 939/177 972/176 1116/1837 1087/1802
f 2745/120 2560/754 1117/753 973/154
f 941/155 973/154 1117/753 1083/1799
f 282/1564 281/1568 482/1570 483/1565
f 974/1261 940/1462 1090/1805 1118/1262
f 1241/1840 1242/1841 1222/1842 1218/1843
f 3596/970 3595/905 3600/907 3601/1844
f 1240/1845 1241/1840 1218/1843 1217/1846
f 3594/867 3593/866 3598/1847 3599/906
f 3599/906 3598/1847 3603/912 3604/407
f 3597/386 3596/970 3601/1844 3602/1848
f 2443/1849 1371/1850 1223/1851 1283/1852
f 3602/1848 3601/1844 3606/381 3607/380
f 1371/1850 1372/1853 1224/1854 1223/1851
f 442/1855 1217/1846 1218/1843 238/1856
f 246/1857 247/1858 3579/1859 3580/1860
f 1301/1861 1160/1862 1161/1863 1300/1864
f 1551/1865 3602/1848 3607/380 1552/879
f 1160/1862 1143/1866 1144/1867 1161/1863
f 3600/907 3599/906 3604/407 3605/406
f 228/1868 1216/1869 1217/1846 442/1855
f 1277/1870 1278/1871 1165/1872 1162/1873
f 1165/1872 1120/1874 1119/1875 1162/1873
f 238/1856 1218/1843 1222/1842 1148/1876
f 3608/1877 2407/1878 1182/1879 1220/1880
f 1152/1881 1168/1882 1169/1883 1151/1884
f 1223/1851 1224/1854 1216/1869 1203/1885
f 3580/1860 3579/1859 3584/1886 3585/1887
f 3581/1888 3580/1860 3585/1887 3586/1889
f 245/1890 246/1857 3580/1860 3581/1888
f 1383/1891 244/1892 3582/1893 1523/1894
f 1143/1895 1167/1896 1173/1897 1144/1898
f 2387/1899 1175/1900 1178/977 2401/976
f 1224/1854 1240/1845 1217/1846 1216/1869
f 1523/1894 3582/1893 3587/1901 1525/1902
f 1144/1903 1173/1904 1174/1905 1161/1906
f 1283/1852 1223/1851 1203/1885 1288/1907
f 3586/1889 3585/1887 3590/370 3591/881
f 3587/1901 3586/1889 3591/881 3592/395
f 1127/1908 1178/977 1175/1900 1128/1909
f 2382/1910 1173/1897 1167/1896 2366/1911
f 3585/1887 3584/1886 3589/371 3590/370
f 1278/1912 1220/1880 1182/1879 1165/1913
f 1120/1914 1181/1915 1180/329 1119/1916
f 1373/1917 1374/1918 1241/1840 1240/1845
f 2386/1919 1181/1920 1182/1879 2407/1878
f 3616/1921 3617/1922 3618/1250 3619/392
f 1165/1913 1182/1879 1181/1920 1120/1923
f 198/1924 1288/1907 1203/1885 243/1925
f 244/1892 245/1890 3581/1888 3582/1893
f 1183/1926 1152/1927 1151/1928 1184/1929
f 247/1858 248/1930 3578/1931 3579/1859
f 1198/1932 1202/1933 1246/1934 1247/1935
f 3601/1844 3600/907 3605/406 3606/381
f 1185/1936 1127/1937 1128/1938 1188/1939
f 1550/387 3597/386 3602/1848 1551/1865
f 243/1925 1203/1885 1216/1869 228/1868
f 3579/1859 3578/1931 3583/1940 3584/1886
f 1190/1941 1168/1942 1152/1943 1183/1944
f 1250/1945 1300/1946 1161/1906 1174/1905
f 2387/1947 2356/1948 1191/1949 1175/1950
f 3582/1893 3581/1888 3586/1889 3587/1901
f 1188/1951 1128/1952 1175/1950 1191/1949
f 3584/1886 3583/1940 3588/1953 3589/371
f 1196/869 1197/1954 1248/1955 1265/870
f 3615/1956 3616/1921 3619/392 3620/302
f 1301/1861 1176/1957 1206/998 1160/1862
f 1461/1958 1131/1959 1442/1960 1386/1961
f 1122/353 2426/914 1329/917 1330/354
f 2458/1962 3613/1963 3622/1964 2461/1965
f 3614/1966 3615/1956 3620/302 3621/301
f 1197/1954 1198/1932 1247/1935 1248/1955
f 1131/1959 1136/1005 1441/1006 1442/1960
f 477/1967 472/385 1407/384 1239/1968
f 1119/1875 1205/1969 1204/1970 1162/1873
f 3613/1963 3614/1966 3621/301 3622/1964
f 1160/1862 1206/998 1207/997 1143/1866
f 1143/1895 1207/362 1208/361 1167/1896
f 1140/367 1141/1971 1429/1972 1439/368
f 1169/1883 1209/1973 1210/1974 1151/1884
f 1292/1975 1195/868 1267/871 1282/1976
f 1180/329 1211/328 1205/1977 1119/1916
f 3697/1978 3787/1979 1388/1980 1334/1981
f 1127/1908 1212/1982 1213/978 1178/977
f 3732/1983 3748/1984 1209/1973 1489/1985
f 1219/1986 1277/1870 1162/1873 1204/1970
f 1185/1936 1214/874 1212/1987 1127/1937
f 1525/1902 3587/1901 3592/395 1527/394
f 1151/1928 1210/288 1215/281 1184/1929
f 3556/979 3555/981 3560/289 3561/980
f 254/363 1404/1388 1238/1988 253/1989
f 253/1989 1238/1988 1405/1990 248/1930
f 1318/1991 1402/300 1239/1968 1237/1992
f 1237/1992 1239/1968 1407/384 1349/1993
f 1335/1994 1233/1995 1238/1988 1404/1388
f 1233/1995 1368/1996 1405/1990 1238/1988
f 2461/1965 3622/1964 3627/1997 2460/1998
f 3656/1999 3661/2000 3662/2001 3657/2002
f 1318/2003 1237/2004 1236/334 1396/2005
f 1237/2004 1349/2006 1399/335 1236/334
f 1418/2007 1352/2008 1235/2009 1394/2010
f 1352/2008 1337/2011 1397/2012 1235/2009
f 1369/2013 1370/2014 2416/2015 2417/2016
f 2417/2016 2416/2015 2421/2017 2422/2018
f 1314/2019 1394/2010 1235/2009 1229/2020
f 1229/2020 1235/2009 1397/2012 1345/2021
f 2418/2022 2417/2016 2422/2018 2423/2023
f 2419/2024 2418/2022 2423/2023 2424/2025
f 1335/2026 1386/1961 1234/2027 1233/2028
f 1233/2028 1234/2027 1391/2029 1368/2030
f 1331/2031 1230/2032 1232/2033 1387/2034
f 1230/2032 1364/2035 1389/2036 1232/2033
f 1465/2037 2419/2024 2424/2025 1464/2038
f 1429/1972 1396/2005 1236/334 1428/333
f 3655/296 3660/295 3661/2000 3656/1999
f 3648/2039 3653/405 3654/293 3649/2040
f 1331/2041 1379/2042 1231/2043 1230/2044
f 1230/2044 1231/2043 1383/1891 1364/2045
f 1314/2046 1229/2047 1228/2048 1378/2049
f 1229/2047 1345/2050 1381/2051 1228/2048
f 2465/2052 2464/402 3653/405 3648/2039
f 1135/299 477/1967 1239/1968 1402/300
f 3650/2053 3655/296 3656/1999 3651/2054
f 3649/2040 3654/293 3655/296 3650/2053
f 3646/2055 3651/2056 3652/2057 3647/2058
f 3645/2059 3650/2060 3651/2056 3646/2055
f 1130/2061 1123/352 1333/355 1334/1981
f 1463/2062 1130/2061 1334/1981 1388/1980
f 2423/2023 2422/2018 1122/353 1123/352
f 2424/2025 2423/2023 1123/352 1130/2061
f 3644/2063 3649/2064 3650/2060 3645/2059
f 3643/2065 3648/2066 3649/2064 3644/2063
f 2466/2067 2465/2068 3648/2066 3643/2065
f 3651/2054 3656/1999 3657/2002 3652/2069
f 1464/2038 2424/2025 1130/2061 1463/2062
f 2416/2015 2415/2070 2420/2071 2421/2017
f 2421/2017 2420/2071 2425/915 2426/914
f 2422/2018 2421/2017 2426/914 1122/353
f 3559/290 3558/2072 1129/2073 1132/291
f 3562/298 3561/980 1134/1534 1135/299
f 3565/306 3566/316 220/1533 221/307
f 1478/1397 3563/323 223/1531 1403/2074
f 3569/322 3570/332 3565/306 3564/305
f 3576/331 3577/358 3572/314 3571/313
f 3573/338 3574/365 3569/322 3568/321
f 231/347 3550/346 3551/1000 230/1395
f 1377/390 1445/2075 3548/876 233/1390
f 255/364 256/1389 3575/330 3574/365
f 3589/371 3588/1953 1149/2076 1150/372
f 3672/1373 3671/1379 3666/2077 3667/2078
f 3675/1371 3674/1380 3669/1383 3670/2079
f 3676/1369 3675/1371 3670/2079 3671/1379
f 3679/862 3678/2080 3673/1381 3674/1380
f 3680/863 3679/862 3674/1380 3675/1371
f 2352/2081 3682/1368 3677/1370 2353/1372
f 1249/861 1250/1945 3678/2080 3679/862
f 1243/2082 1244/1291 3681/1292 3682/1368
f 1190/1941 1243/2082 3682/1368 2352/2081
f 3550/346 3549/345 3554/878 3555/981
f 3552/972 3551/1000 3556/979 3557/973
f 3554/878 3553/877 3558/2072 3559/290
f 1325/2083 1311/2084 1310/2085 1324/2086
f 1366/2087 1369/2013 2417/2016 2418/2022
f 1344/2088 1339/2089 1326/2090 1343/2091
f 3852/2092 3887/2093 1256/2094 1271/2095
f 2448/2096 1491/2097 1246/1934 1284/2098
f 3624/2099 3623/2100 3628/2101 3629/2102
f 3637/2103 214/2104 1262/2105 2457/2106
f 4002/2107 3922/2108 1262/2105 214/2104
f 1376/2109 1271/2095 1256/2094 2437/2110
f 1320/2111 1327/2112 1189/2113 1187/2114
f 1340/2115 1323/2116 1322/2117 1339/2089
f 3947/2118 3907/2119 1260/2120 1297/2121
f 213/2122 3658/404 2462/403 1263/2123
f 3627/2124 3626/2125 3631/2126 3632/2127
f 1260/2120 2452/2128 1310/2085 1297/2121
f 3977/2129 3877/2130 1254/2131 209/2132
f 2392/2133 2428/2134 1280/2135 1273/2136
f 3863/2137 3872/2138 1253/2139 1252/2140
f 1493/2141 1494/2142 1265/870 1248/1955
f 3622/1964 3621/301 3626/304 3627/1997
f 1297/2121 1310/2085 1311/2084 1298/2143
f 3629/2102 3628/2101 3633/2144 3634/2145
f 2348/2146 2448/2096 1284/2098 1264/2147
f 3877/2130 3882/2148 1255/2149 1254/2131
f 1307/2150 1323/2116 2442/2151 1258/2152
f 1387/2034 1365/2153 2419/2024 1465/2037
f 2438/2154 2392/2155 1273/2136 1282/1976
f 3887/2093 3863/2156 1252/2157 1256/2094
f 2402/2158 2443/1849 1283/1852 1275/2159
f 3888/2160 3897/2161 1258/2152 1257/2162
f 2444/2163 2442/2151 1323/2116 1340/2115
f 1365/2153 1366/2087 2418/2022 2419/2024
f 2432/2164 1254/2131 1255/2149 2347/2165
f 3882/2166 3902/2167 1259/2168 1255/2169
f 1358/2170 1353/2171 1344/2172 1357/2173
f 1370/2014 1418/2007 2415/2070 2416/2015
f 1339/2089 1322/2117 1321/2174 1326/2090
f 1385/377 1315/2175 1164/2176 1457/2177
f 2358/2178 2463/2179 1287/2180 1266/2181
f 3907/2119 3912/2182 1261/2183 1260/2120
f 1372/1853 1373/1917 1240/1845 1224/1854
f 3626/2125 3625/2184 3630/2185 3631/2126
f 2458/1962 2402/2186 1275/2159 1286/2187
f 3922/2108 3888/2188 1257/2189 1262/2105
f 2452/2128 1260/2120 1261/2183 2357/2190
f 3912/2191 3927/2192 1263/2123 1261/2193
f 1492/2194 1493/2141 1248/1955 1247/1935
f 3625/2184 3624/2099 3629/2102 3630/2185
f 2433/2195 2348/2196 1264/2147 1281/2197
f 1342/2198 1325/2083 1324/2086 1341/2199
f 2357/2200 1261/2193 1263/2123 2462/403
f 2445/2201 2444/2163 1340/2115 1353/2202
f 2457/2106 1262/2105 1257/2189 2403/2203
f 2393/2204 1252/2140 1253/2139 2427/2205
f 1495/2206 2438/2154 1282/1976 1267/871
f 1491/2097 1492/2194 1247/1935 1246/1934
f 1374/1918 1375/2207 1242/1841 1241/1840
f 3613/1963 2458/1962 1286/2187 208/2208
f 2403/2209 1257/2162 1258/2152 2442/2151
f 1375/2207 2453/2210 1285/2211 1242/1841
f 1494/2142 1495/2206 1267/871 1265/870
f 2437/2110 1256/2094 1252/2157 2393/2212
f 3897/2161 3952/2213 1307/2150 1258/2152
f 1353/2202 1340/2115 1339/2089 1344/2088
f 1343/2091 1326/2090 1325/2083 1342/2198
f 2453/2210 2358/2214 1266/2181 1285/2211
f 1326/2090 1321/2174 1311/2084 1325/2083
f 3638/2215 2433/2195 1281/2197 203/2216
f 1298/2143 1311/2084 1321/2174 1302/2217
f 1302/2217 1321/2174 1322/2117 1303/2218
f 1357/2173 1344/2172 1343/2219 1356/2220
f 1275/2159 1283/1852 1288/1907 1286/2187
f 3630/2185 3629/2102 3634/2145 3635/2221
f 2460/2222 3627/2124 3632/2127 2459/2223
f 3542/2224 1292/1975 1280/2135 204/2225
f 3632/2127 3631/2126 3636/2226 3637/2103
f 1280/2135 1292/1975 1282/1976 1273/2136
f 1187/2114 1189/2113 1163/2227 1155/2228
f 2459/2223 3632/2127 3637/2103 2457/2106
f 3631/2126 3630/2185 3635/2221 3636/2226
f 1186/2229 1187/2114 1155/2228 1154/2230
f 3640/2231 3645/2059 3646/2055 3639/2232
f 1166/2233 1186/2229 1154/2230 1147/2234
f 1319/2235 1320/2111 1187/2114 1186/2229
f 3641/2236 3644/2063 3645/2059 3640/2231
f 3639/2232 3646/2055 3647/2058 3638/2215
f 1316/2237 1319/2235 1186/2229 1166/2233
f 2463/2179 2466/2067 3643/2065 3642/2238
f 1315/2175 1316/2237 1166/2233 1164/2176
f 1164/2176 1166/2233 1147/2234 1146/2239
f 2363/2240 1504/2241 1503/327 2362/326
f 3642/2238 3643/2065 3644/2063 3641/2236
f 1457/2177 1164/2176 1146/2239 1459/2242
f 2365/2243 1506/2244 1505/2245 2364/2246
f 1242/1841 1285/2211 1308/2247 1222/1842
f 1148/1876 1222/1842 1308/2247 3543/2248
f 2366/1911 1507/2249 1506/2244 2365/2243
f 2364/2246 1505/2245 1504/2241 2363/2240
f 1202/1933 1312/2250 1284/2098 1246/1934
f 1427/2251 1428/333 1423/336 1422/2252
f 1154/2230 1155/2228 1140/367 1137/366
f 1285/2211 1266/2181 1287/2180 1308/2247
f 1426/2253 1427/2251 1422/2252 1421/2254
f 1167/1896 1208/361 1507/2249 2366/1911
f 203/2216 1281/2197 1312/2250 3547/2255
f 1424/2256 1425/2257 1420/2258 1419/2259
f 1312/2250 1281/2197 1264/2147 1284/2098
f 3663/2260 2408/2261 2407/1878 3608/1877
f 3668/1382 2409/2262 2408/2261 3663/2260
f 3673/1381 2410/2263 2409/2262 3668/1382
f 3678/2080 2411/2264 2410/2263 3673/1381
f 1425/2257 1426/2253 1421/2254 1420/2258
f 1234/2027 1424/2256 1419/2259 1391/2029
f 1500/2265 2399/2266 2400/2267 1501/2268
f 1489/1985 2397/2269 2398/2270 1499/2271
f 1347/2272 1348/2273 2368/2274 2367/2275
f 1338/2276 1347/2272 2367/2275 1516/2277
f 1337/2011 1338/2276 1516/2277 1515/2278
f 1397/2012 1337/2011 1515/2278 1538/2279
f 2368/2274 2369/2280 1514/2281 1513/2282
f 2367/2275 2368/2274 1513/2282 1512/2283
f 1516/2277 2367/2275 1512/2283 1511/2284
f 1515/2278 1516/2277 1511/2284 1510/2285
f 2385/2286 2384/2287 2364/2246 2363/2240
f 2386/2288 2385/2286 2363/2240 2362/326
f 1181/1915 2386/2288 2362/326 1180/329
f 2385/2289 2386/1919 2407/1878 2408/2261
f 1250/1945 1174/1905 2411/2264 3678/2080
f 2389/2290 2388/2291 2400/2267 2399/2266
f 2391/2292 2390/2293 2398/2270 2397/2269
f 2383/2294 2382/1910 2366/1911 2365/2243
f 1146/2239 1147/2234 1136/1005 1131/1959
f 1508/2295 1509/2296 1443/2297 1444/2298
f 1497/2299 1498/2300 1481/2301 1482/2302
f 1540/2303 1496/2304 1483/2305 1398/2306
f 1496/2304 1497/2299 1482/2302 1483/2305
f 2373/2307 2374/2308 1484/2309 1485/2310
f 2371/2311 2372/2312 1486/2313 1487/2314
f 1536/2315 2370/2316 1488/2317 1392/2318
f 3548/876 1445/2075 1446/2319 3553/877
f 3553/877 1446/2319 1447/2320 3558/2072
f 3558/2072 1447/2320 1378/2049 1129/2073
f 2383/2321 2384/2322 2409/2262 2410/2263
f 1377/390 1313/389 1448/2323 1445/2075
f 1445/2075 1448/2323 1449/2324 1446/2319
f 1446/2319 1449/2324 1450/2325 1447/2320
f 1447/2320 1450/2325 1314/2046 1378/2049
f 2388/2291 2387/1899 2401/976 2400/2267
f 3567/315 1451/2326 1380/2327 219/1532
f 3572/314 1452/2328 1451/2326 3567/315
f 3577/358 1453/2329 1452/2328 3572/314
f 1332/2330 1380/2327 1451/2326 1454/2331
f 1454/2331 1451/2326 1452/2328 1455/2332
f 1455/2332 1452/2328 1453/2329 1456/2333
f 1456/2333 1453/2329 1379/2042 1331/2041
f 1336/378 1385/377 1457/2177 1458/2334
f 1458/2334 1457/2177 1459/2242 1460/2335
f 1460/2335 1459/2242 1461/1958 1462/2336
f 1462/2336 1461/1958 1386/1961 1335/2026
f 1498/2300 1508/2295 1444/2298 1481/2301
f 1459/2242 1146/2239 1131/1959 1461/1958
f 1147/2234 1154/2230 1137/366 1136/1005
f 1155/2228 1163/2227 1141/1971 1140/367
f 1388/1980 1332/2337 1454/2338 1463/2062
f 1463/2062 1454/2338 1455/2339 1464/2038
f 1464/2038 1455/2339 1456/2340 1465/2037
f 1465/2037 1456/2340 1331/2031 1387/2034
f 1141/1971 1471/2341 1396/2005 1429/1972
f 1348/2273 1351/2342 2369/2280 2368/2274
f 2370/2316 2371/2311 1487/2314 1488/2317
f 2372/2312 2373/2307 1485/2310 1486/2313
f 1313/343 1393/342 1466/2343 1448/2344
f 1448/2344 1466/2343 1467/2345 1449/2346
f 1449/2346 1467/2345 1468/2347 1450/2348
f 1450/2348 1468/2347 1394/2010 1314/2019
f 1513/2282 1514/2281 1509/2296 1508/2295
f 2425/915 1466/2343 1393/342 1328/916
f 2420/2071 1467/2345 1466/2343 2425/915
f 2415/2070 1468/2347 1467/2345 2420/2071
f 1418/2007 1394/2010 1468/2347 2415/2070
f 1327/2112 1395/319 1469/2349 1189/2113
f 1189/2113 1469/2349 1470/2350 1163/2227
f 1163/2227 1470/2350 1471/2341 1141/1971
f 1395/319 1317/318 1472/2351 1469/2349
f 1469/2349 1472/2351 1473/2352 1470/2350
f 1470/2350 1473/2352 1474/2353 1471/2341
f 1471/2341 1474/2353 1318/2003 1396/2005
f 1317/312 1401/311 1475/971 1472/2354
f 1472/2354 1475/971 1476/974 1473/2355
f 1473/2355 1476/974 1477/297 1474/2356
f 1474/2356 1477/297 1402/300 1318/1991
f 2390/2293 2389/2290 2399/2266 2398/2270
f 1168/1882 2391/2292 2397/2269 1169/1883
f 2384/2287 2383/2294 2365/2243 2364/2246
f 229/1396 3552/972 1475/971 1401/311
f 437/357 1379/2042 1453/2329 3577/358
f 1209/1973 1169/1883 2397/2269 1489/1985
f 1499/2271 2398/2270 2399/2266 1500/2265
f 1501/2268 2400/2267 2401/976 1502/975
f 1403/2074 1336/2357 1458/2358 1478/1397
f 1478/1397 1458/2358 1460/2359 1479/339
f 1479/339 1460/2359 1462/2360 1480/337
f 1480/337 1462/2360 1335/1994 1404/1388
f 1420/2258 1421/2254 2412/2361 2381/2362
f 1419/2259 1420/2258 2381/2362 2380/2363
f 1391/2029 1419/2259 2380/2363 1532/2364
f 2413/2365 2414/2366 2379/2367 2378/2368
f 1511/2284 1512/2283 1498/2300 1497/2299
f 1539/2369 1510/2285 1496/2304 1540/2303
f 1421/2254 1422/2252 2413/2365 2412/2361
f 1509/2296 1531/2370 1390/2371 1443/2297
f 1168/1942 1190/1941 2352/2081 2391/2372
f 3687/2373 3697/1978 1334/1981 1333/355
f 3707/2374 3687/2373 1333/355 1330/354
f 3692/2375 3707/2374 1330/354 1329/917
f 1173/1904 2382/2376 2411/2264 1174/1905
f 2389/2377 2354/1374 2355/2378 2388/2379
f 2391/2372 2352/2081 2353/1372 2390/2380
f 3588/1953 1549/2381 1406/2382 1149/2076
f 1534/2383 2375/2384 2370/2316 1536/2315
f 1438/2385 1490/2386 1434/2387 1433/2388
f 1437/2389 1438/2385 1433/2388 1432/2390
f 1436/2391 1437/2389 1432/2390 1431/2392
f 1532/2364 2380/2363 2375/2384 1534/2383
f 2377/2393 2378/2368 2373/2307 2372/2312
f 2375/2384 2376/2394 2371/2311 2370/2316
f 2374/2308 1543/2395 1400/2396 1484/2309
f 1369/2013 1360/2397 1359/2398 1370/2014
f 1366/2087 1361/2399 1360/2397 1369/2013
f 1365/2153 1362/2400 1361/2399 1366/2087
f 1387/2034 1232/2033 1362/2400 1365/2153
f 3712/2401 3702/2402 1499/2271 1500/2265
f 3717/2403 3727/2404 1501/2268 1502/975
f 1370/2014 1359/2398 1352/2008 1418/2007
f 3603/912 1519/2405 1382/2406 1158/913
f 1360/2397 1347/2272 1338/2276 1359/2398
f 476/865 1381/2051 1517/2407 3593/866
f 3593/866 1517/2407 1518/2408 3598/1847
f 3598/1847 1518/2408 1519/2405 3603/912
f 1381/2051 1345/2050 1520/2409 1517/2407
f 1517/2407 1520/2409 1521/2410 1518/2408
f 1518/2408 1521/2410 1522/2411 1519/2405
f 1519/2405 1522/2411 1346/2412 1382/2406
f 1364/2045 1383/1891 1523/1894 1524/2413
f 1524/2413 1523/1894 1525/1902 1526/2414
f 1526/2414 1525/1902 1527/394 1528/2415
f 1528/2415 1527/394 1384/397 1363/2416
f 2390/2380 2353/1372 2354/1374 2389/2377
f 2388/2379 2355/2378 2356/1948 2387/1947
f 2382/2376 2383/2321 2410/2263 2411/2264
f 2384/2322 2385/2289 2408/2261 2409/2262
f 2381/2362 2412/2361 2377/2393 2376/2394
f 1351/2342 1389/2036 1529/2417 2369/2280
f 2369/2280 1529/2417 1530/2418 1514/2281
f 1514/2281 1530/2418 1531/2370 1509/2296
f 1389/2036 1364/2035 1524/2419 1529/2417
f 1529/2417 1524/2419 1526/2420 1530/2418
f 1530/2418 1526/2420 1528/2421 1531/2370
f 1531/2370 1528/2421 1363/2422 1390/2371
f 1368/2030 1391/2029 1532/2364 1533/2423
f 1533/2423 1532/2364 1534/2383 1535/2424
f 1535/2424 1534/2383 1536/2315 1537/2425
f 1537/2425 1536/2315 1392/2318 1367/2426
f 2376/2394 2377/2393 2372/2312 2371/2311
f 2378/2368 2379/2367 2374/2308 2373/2307
f 2380/2363 2381/2362 2376/2394 2375/2384
f 2412/2361 2413/2365 2378/2368 2377/2393
f 1345/2021 1397/2012 1538/2279 1520/2427
f 1520/2427 1538/2279 1539/2369 1521/2428
f 1521/2428 1539/2369 1540/2303 1522/2429
f 1522/2429 1540/2303 1398/2306 1346/2430
f 1422/2252 1423/336 2414/2366 2413/2365
f 1510/2285 1511/2284 1497/2299 1496/2304
f 1512/2283 1513/2282 1508/2295 1498/2300
f 1538/2279 1515/2278 1510/2285 1539/2369
f 2441/2431 1435/2432 1430/2433 2440/2434
f 1423/336 1399/335 1541/2435 2414/2366
f 2414/2366 1541/2435 1542/2436 2379/2367
f 2379/2367 1542/2436 1543/2395 2374/2308
f 1399/335 1349/2006 1544/2437 1541/2435
f 1541/2435 1544/2437 1545/2438 1542/2436
f 1542/2436 1545/2438 1546/2439 1543/2395
f 1543/2395 1546/2439 1350/2440 1400/2396
f 3762/341 3722/2441 1328/916 1393/342
f 248/1930 1405/1990 1547/2442 3578/1931
f 3578/1931 1547/2442 1548/2443 3583/1940
f 3583/1940 1548/2443 1549/2381 3588/1953
f 1405/1990 1368/1996 1533/2444 1547/2442
f 1547/2442 1533/2444 1535/2445 1548/2443
f 1548/2443 1535/2445 1537/2446 1549/2381
f 1549/2381 1537/2446 1367/2447 1406/2382
f 1349/1993 1407/384 1550/387 1544/2448
f 1544/2448 1550/387 1551/1865 1545/2449
f 1545/2449 1551/1865 1552/879 1546/2450
f 1546/2450 1552/879 1408/880 1350/2451
f 3782/2452 3717/2403 1502/975 1213/978
f 3727/2404 3712/2401 1500/2265 1501/2268
f 3702/2402 3732/1983 1489/1985 1499/2271
f 3722/2441 3692/2375 1329/917 1328/916
f 1691/2453 1836/2454 1681/2455 1679/2456
f 1667/2457 1691/2453 1679/2456 1639/2458
f 1690/2459 1837/2460 1836/2454 1691/2453
f 1664/2461 1690/2459 1691/2453 1667/2457
f 1689/2462 1838/2463 1837/2460 1690/2459
f 1661/2464 1689/2462 1690/2459 1664/2461
f 1688/2465 1839/2466 1838/2463 1689/2462
f 1658/2467 1688/2465 1689/2462 1661/2464
f 1687/2468 1840/2469 1839/2466 1688/2465
f 1655/2470 1687/2468 1688/2465 1658/2467
f 1686/2471 1841/2472 1840/2469 1687/2468
f 1654/2473 1686/2471 1687/2468 1655/2470
f 1683/2474 1842/2475 1685/2476 1684/2477
f 1646/2478 1683/2474 1684/2477 1649/2479
f 1682/2480 1843/2481 1842/2475 1683/2474
f 1643/2482 1682/2480 1683/2474 1646/2478
f 1680/2483 1844/2484 1843/2481 1682/2480
f 1640/2485 1680/2483 1682/2480 1643/2482
f 1679/2456 1681/2455 1844/2484 1680/2483
f 1639/2458 1679/2456 1680/2483 1640/2485
f 1678/2486 1666/2487 1635/2488 1668/2489
f 1846/2490 1678/2486 1668/2489 1845/2491
f 1677/2492 1663/2493 1666/2487 1678/2486
f 1847/2494 1677/2492 1678/2486 1846/2490
f 1676/2495 1660/2496 1663/2493 1677/2492
f 1848/2497 1676/2495 1677/2492 1847/2494
f 1675/2498 1657/2499 1660/2496 1676/2495
f 1849/2500 1675/2498 1676/2495 1848/2497
f 1674/2501 1653/2502 1657/2499 1675/2498
f 1850/2503 1674/2501 1675/2498 1849/2500
f 1673/2504 1650/2505 1653/2502 1674/2501
f 1851/2506 1673/2504 1674/2501 1850/2503
f 1671/2507 1645/2508 1648/2509 1672/2510
f 1853/2511 1671/2507 1672/2510 1852/2512
f 1670/2513 1642/2514 1645/2508 1671/2507
f 1854/2515 1670/2513 1671/2507 1853/2511
f 1669/2516 1638/2517 1642/2514 1670/2513
f 1855/2518 1669/2516 1670/2513 1854/2515
f 1668/2489 1635/2488 1638/2517 1669/2516
f 1845/2491 1668/2489 1669/2516 1855/2518
f 1665/2519 1667/2457 1639/2458 1636/2520
f 1666/2487 1665/2519 1636/2520 1635/2488
f 1662/2521 1664/2461 1667/2457 1665/2519
f 1663/2493 1662/2521 1665/2519 1666/2487
f 1659/2522 1661/2464 1664/2461 1662/2521
f 1660/2496 1659/2522 1662/2521 1663/2493
f 1656/2523 1658/2467 1661/2464 1659/2522
f 1657/2499 1656/2523 1659/2522 1660/2496
f 1652/2524 1655/2470 1658/2467 1656/2523
f 1653/2502 1652/2524 1656/2523 1657/2499
f 1651/2525 1654/2473 1655/2470 1652/2524
f 1650/2505 1651/2525 1652/2524 1653/2502
f 1644/2526 1646/2478 1649/2479 1647/2527
f 1645/2508 1644/2526 1647/2527 1648/2509
f 1641/2528 1643/2482 1646/2478 1644/2526
f 1642/2514 1641/2528 1644/2526 1645/2508
f 1637/2529 1640/2485 1643/2482 1641/2528
f 1638/2517 1637/2529 1641/2528 1642/2514
f 1636/2520 1639/2458 1640/2485 1637/2529
f 1635/2488 1636/2520 1637/2529 1638/2517
f 1582/2530 1583/2531 1585/2532 1584/2533
f 1584/2533 1585/2532 1587/2534 1586/2535
f 1583/2531 1588/2536 1589/2537 1585/2532
f 1585/2532 1589/2537 1590/2538 1587/2534
f 1588/2536 1591/2539 1592/2540 1589/2537
f 1589/2537 1592/2540 1593/2541 1590/2538
f 1591/2539 1576/2542 1578/2543 1592/2540
f 1592/2540 1578/2543 1580/2544 1593/2541
f 1571/2545 1594/2546 1595/2547 1573/2548
f 1573/2548 1595/2547 1596/2549 1575/2550
f 1594/2546 1597/2551 1598/2552 1595/2547
f 1595/2547 1598/2552 1599/2553 1596/2549
f 1597/2551 1600/2554 1601/2555 1598/2552
f 1598/2552 1601/2555 1602/2556 1599/2553
f 1600/2554 1603/2557 1604/2558 1601/2555
f 1601/2555 1604/2558 1605/2559 1602/2556
f 1603/2557 1606/2560 1607/2561 1604/2558
f 1604/2558 1607/2561 1608/2562 1605/2559
f 1606/2560 1582/2530 1584/2533 1607/2561
f 1607/2561 1584/2533 1586/2535 1608/2562
f 1560/2563 1563/2564 1614/2565 1613/2566
f 1613/2566 1614/2565 1583/2531 1582/2530
f 1563/2564 1564/2567 1615/2568 1614/2565
f 1614/2565 1615/2568 1588/2536 1583/2531
f 1564/2567 1565/2569 1616/2570 1615/2568
f 1615/2568 1616/2570 1591/2539 1588/2536
f 1565/2569 1559/2571 1611/2572 1616/2570
f 1616/2570 1611/2572 1576/2542 1591/2539
f 1562/2573 1566/2574 1617/2575 1610/2576
f 1610/2576 1617/2575 1594/2546 1571/2545
f 1566/2574 1567/2577 1618/2578 1617/2575
f 1617/2575 1618/2578 1597/2551 1594/2546
f 1567/2577 1568/2579 1619/2580 1618/2578
f 1618/2578 1619/2580 1600/2554 1597/2551
f 1568/2579 1561/2581 1620/2582 1619/2580
f 1619/2580 1620/2582 1603/2557 1600/2554
f 1561/2581 1569/2583 1621/2584 1620/2582
f 1620/2582 1621/2584 1606/2560 1603/2557
f 1569/2583 1560/2563 1613/2566 1621/2584
f 1621/2584 1613/2566 1582/2530 1606/2560
f 1586/2535 1587/2534 1627/2585 1626/2586
f 1626/2586 1627/2585 1856/2587 1557/2588
f 1587/2534 1590/2538 1628/2589 1627/2585
f 1627/2585 1628/2589 1857/2590 1856/2587
f 1590/2538 1593/2541 1629/2591 1628/2589
f 1628/2589 1629/2591 1858/2592 1857/2590
f 1593/2541 1580/2544 1624/2593 1629/2591
f 1629/2591 1624/2593 1859/2594 1858/2592
f 1575/2550 1596/2549 1630/2595 1623/2596
f 1623/2596 1630/2595 1860/2597 1558/2598
f 1596/2549 1599/2553 1631/2599 1630/2595
f 1630/2595 1631/2599 1861/2600 1860/2597
f 1599/2553 1602/2556 1632/2601 1631/2599
f 1631/2599 1632/2601 1862/2602 1861/2600
f 1602/2556 1605/2559 1633/2603 1632/2601
f 1632/2601 1633/2603 1863/2604 1862/2602
f 1605/2559 1608/2562 1634/2605 1633/2603
f 1633/2603 1634/2605 1864/2606 1863/2604
f 1608/2562 1586/2535 1626/2586 1634/2605
f 1634/2605 1626/2586 1557/2588 1864/2606
f 1953/2607 1707/2608 1716/2609 2002/2610
f 1560/2563 1569/2583 2143/2611 2092/2612
f 1854/2515 1853/2511 1968/2613 1963/2614
f 1565/2569 1564/2567 2103/2615 2108/2616
f 1853/2511 1852/2512 1972/2617 1968/2613
f 1559/2571 1565/2569 2108/2616 2113/2618
f 1757/2619 1710/2620 1973/2621 2298/2622
f 2312/2623 2112/2624 1710/2620 1757/2619
f 1889/2625 1771/2626 2317/2627 1884/2628
f 1567/2577 1566/2574 2123/2629 2128/2630
f 1849/2500 1848/2497 1993/2631 1988/2632
f 1568/2579 1567/2577 2128/2630 2133/2633
f 1848/2497 1847/2494 1998/2634 1993/2631
f 1561/2581 1568/2579 2133/2633 2138/2635
f 1847/2494 1846/2490 2003/2636 1998/2634
f 1569/2583 1561/2581 2138/2635 2143/2611
f 1843/2481 1844/2484 2007/2637 2012/2638
f 1890/2639 1770/2640 2322/2641 1874/2642
f 1845/2491 1855/2518 1958/2643 1952/2644
f 1706/2645 2097/2646 2093/2647 1707/2608
f 2008/2648 1718/2649 1719/2650 2013/2651
f 1856/2587 1857/2590 1922/2652 1917/2653
f 1844/2484 1681/2455 2083/2654 2007/2637
f 1717/2655 2147/2656 1918/2657 1718/2649
f 1685/2476 1842/2475 2017/2658 2088/2659
f 1558/2598 1860/2597 1932/2660 2153/2661
f 1840/2469 1841/2472 2022/2662 2027/2663
f 1756/2664 1721/2665 1908/2666 2308/2667
f 1879/2668 2053/2669 1770/2640 1890/2639
f 1860/2597 1861/2600 1937/2670 1932/2660
f 1838/2463 1839/2466 2032/2671 2037/2672
f 1722/2673 2152/2674 1933/2675 1723/2676
f 1837/2460 1838/2463 2037/2672 2042/2677
f 1864/2606 1557/2588 2148/2678 1947/2679
f 1836/2454 1837/2460 2042/2677 2047/2680
f 1863/2604 1864/2606 1947/2679 1912/2681
f 1681/2455 1836/2454 2047/2680 2083/2654
f 1725/2682 1943/2683 1913/2684 1726/2685
f 1798/2686 1770/2640 2053/2669 2337/2687
f 1846/2490 1845/2491 1952/2644 2003/2636
f 1694/2688 1693/2689 2158/2690 2178/2691
f 1553/2692 1625/2693 2172/2694 2168/2695
f 2163/2696 1728/2697 1729/2698 2157/2699
f 1625/2693 1581/2700 2182/2701 2172/2694
f 1697/2702 1696/2703 2188/2704 2208/2705
f 1579/2706 1577/2707 2198/2708 2222/2709
f 2193/2710 1731/2711 1732/2712 2187/2713
f 1612/2714 1555/2715 2212/2716 2202/2717
f 1698/2718 1694/2688 2178/2691 2218/2719
f 1581/2700 1579/2706 2222/2709 2182/2701
f 1695/2720 1698/2718 2218/2719 2192/2721
f 1731/2711 2197/2722 2203/2723 1732/2712
f 1791/2724 1700/2725 2228/2726 2338/2727
f 1574/2728 1622/2729 2238/2730 2253/2731
f 1699/2732 1701/2733 2247/2734 2232/2735
f 1735/2736 2237/2737 2243/2738 1736/2739
f 1705/2740 1703/2741 2258/2742 2287/2743
f 1556/2744 1609/2745 2268/2746 2283/2747
f 1702/2748 1704/2749 2277/2750 2262/2751
f 1738/2752 2267/2753 2273/2754 1739/2755
f 1701/2733 1705/2740 2287/2743 2247/2734
f 1572/2756 1574/2728 2253/2731 2293/2757
f 2263/2758 1738/2752 1739/2755 2257/2759
f 1570/2760 1572/2756 2293/2757 2272/2761
f 1742/2762 1648/2509 1647/2527 1743/2763
f 1743/2763 1647/2527 1649/2479 1744/2764
f 1745/2765 1852/2512 1672/2510 1746/2766
f 1746/2766 1672/2510 1648/2509 1742/2762
f 1744/2764 1649/2479 1684/2477 1747/2767
f 1747/2767 1684/2477 1685/2476 1748/2768
f 1749/2769 1859/2594 1624/2593 1750/2770
f 1750/2770 1624/2593 1580/2544 1751/2771
f 1752/2772 1576/2542 1611/2572 1753/2773
f 1753/2773 1611/2572 1559/2571 1754/2774
f 1751/2771 1580/2544 1578/2543 1755/2775
f 1755/2775 1578/2543 1576/2542 1752/2772
f 1748/2768 1685/2476 2088/2659 2303/2776
f 1859/2594 1749/2769 2307/2777 1907/2778
f 1852/2512 1745/2765 2297/2779 1972/2617
f 1754/2774 1559/2571 2113/2618 2313/2780
f 1906/2781 1758/2782 1759/2783 1904/2784
f 1904/2784 1759/2783 1760/2785 1902/2786
f 1888/2787 1761/2788 1762/2789 1900/2790
f 1900/2790 1762/2789 1758/2782 1906/2781
f 1902/2786 1760/2785 1763/2791 1897/2792
f 1897/2792 1763/2791 1896/2793 1887/2794
f 1886/2795 1764/2796 1765/2797 1895/2798
f 1895/2798 1765/2797 1766/2799 1894/2800
f 1893/2801 1767/2802 1768/2803 1892/2804
f 1892/2804 1768/2803 1898/2805 1885/2806
f 1894/2800 1766/2799 1769/2807 1891/2808
f 1891/2808 1769/2807 1767/2802 1893/2801
f 1887/2794 1896/2793 2052/2809 1875/2810
f 1886/2795 1558/2598 2153/2661 1870/2811
f 1888/2787 1851/2506 1978/2812 1880/2813
f 1799/2814 1771/2626 2058/2815 2342/2816
f 1743/2763 1772/2817 1773/2818 1742/2762
f 1772/2817 1698/2718 1695/2720 1773/2818
f 1744/2764 1774/2819 1772/2817 1743/2763
f 1774/2819 1694/2688 1698/2718 1772/2817
f 1746/2766 1775/2820 1899/2821 1745/2765
f 1775/2820 1696/2703 1697/2702 1899/2821
f 1742/2762 1773/2818 1775/2820 1746/2766
f 1773/2818 1695/2720 1696/2703 1775/2820
f 1747/2767 1776/2822 1774/2819 1744/2764
f 1776/2822 1693/2689 1694/2688 1774/2819
f 1748/2768 1777/2823 1776/2822 1747/2767
f 1777/2823 1692/2824 1693/2689 1776/2822
f 1750/2770 1778/2825 1901/2826 1749/2769
f 1778/2825 1625/2693 1553/2692 1901/2826
f 1751/2771 1779/2827 1778/2825 1750/2770
f 1779/2827 1581/2700 1625/2693 1778/2825
f 1753/2773 1780/2828 1781/2829 1752/2772
f 1780/2828 1612/2714 1577/2707 1781/2829
f 1754/2774 1782/2830 1780/2828 1753/2773
f 1782/2830 1555/2715 1612/2714 1780/2828
f 1755/2775 1783/2831 1779/2827 1751/2771
f 1783/2831 1579/2706 1581/2700 1779/2827
f 1752/2772 1781/2829 1783/2831 1755/2775
f 1781/2829 1577/2707 1579/2706 1783/2831
f 1777/2823 1748/2768 2303/2776 2328/2832
f 1692/2824 1777/2823 2328/2832 2162/2833
f 1901/2826 1553/2692 2168/2695 2067/2834
f 2308/2667 2068/2835 1784/2836 1756/2664
f 1899/2821 1697/2702 2208/2705 2062/2837
f 2298/2622 2063/2838 1785/2839 1757/2619
f 1782/2830 1754/2774 2313/2780 2333/2840
f 1555/2715 1782/2830 2333/2840 2212/2716
f 1705/2740 1786/2841 1787/2842 1703/2741
f 1786/2841 1759/2783 1758/2782 1787/2842
f 1701/2733 1788/2843 1786/2841 1705/2740
f 1788/2843 1760/2785 1759/2783 1786/2841
f 1702/2748 1789/2844 1903/2845 1704/2749
f 1789/2844 1762/2789 1761/2788 1903/2845
f 1703/2741 1787/2842 1789/2844 1702/2748
f 1787/2842 1758/2782 1762/2789 1789/2844
f 1699/2732 1790/2846 1788/2843 1701/2733
f 1790/2846 1763/2791 1760/2785 1788/2843
f 1700/2725 1791/2724 1790/2846 1699/2732
f 1791/2724 1896/2793 1763/2791 1790/2846
f 1622/2729 1792/2847 1905/2848 1554/2849
f 1792/2847 1765/2797 1764/2796 1905/2848
f 1574/2728 1793/2850 1792/2847 1622/2729
f 1793/2850 1766/2799 1765/2797 1792/2847
f 1609/2745 1794/2851 1795/2852 1570/2760
f 1794/2851 1768/2803 1767/2802 1795/2852
f 1556/2744 1796/2853 1794/2851 1609/2745
f 1796/2853 1898/2805 1768/2803 1794/2851
f 1572/2756 1797/2854 1793/2850 1574/2728
f 1797/2854 1769/2807 1766/2799 1793/2850
f 1570/2760 1795/2852 1797/2854 1572/2756
f 1795/2852 1767/2802 1769/2807 1797/2854
f 2233/2855 1735/2736 1736/2739 2227/2856
f 1896/2793 1791/2724 2338/2727 2052/2809
f 1905/2848 1764/2796 2323/2857 2077/2858
f 2243/2738 2078/2859 1798/2686 1736/2739
f 1903/2845 1761/2788 2318/2860 2072/2861
f 2278/2862 2073/2863 1799/2814 1740/2864
f 1796/2853 1556/2744 2283/2747 2343/2865
f 1898/2805 1796/2853 2343/2865 2057/2866
f 3498/1025 642/1065 1800/1363 1831/1346
f 263/1151 307/1150 1823/1325 1806/1267
f 268/192 287/493 1832/1348 1803/193
f 3478/1327 478/2867 1809/1354 1825/1328
f 881/1763 913/1758 1835/1352 1814/1302
f 913/1758 911/1757 1834/1353 1835/1352
f 911/1748 909/1743 1833/1347 1834/1349
f 909/1743 879/1361 1832/1348 1833/1347
f 907/1738 1830/1340 1831/1346 886/1365
f 905/1737 1829/1341 1830/1340 907/1738
f 903/1723 1828/1338 1829/1339 905/1728
f 884/1722 1816/1306 1828/1338 903/1723
f 876/1688 1818/1308 1827/1335 896/1682
f 896/1682 1827/1335 1826/1334 894/1683
f 894/1673 1826/1333 1824/1329 892/1668
f 892/1668 1824/1329 1825/1328 878/1356
f 902/1712 889/1362 1823/1325 1822/1324
f 900/1713 902/1712 1822/1324 1821/1323
f 898/1697 900/1703 1821/1320 1820/1315
f 887/1698 898/1697 1820/1315 1819/1313
f 887/1698 1819/1313 1817/1309 915/1769
f 915/1769 1817/1309 1818/1308 876/1688
f 918/1764 1815/1301 1816/1306 884/1722
f 881/1763 1814/1302 1815/1301 918/1764
f 156/137 155/147 150/918 149/920
f 265/983 264/1071 482/1570 481/1310
f 418/817 419/818 2744/1784 2717/1787
f 270/1839 285/489 286/490 269/1233
f 147/1229 146/1530 340/1461 341/1298
f 934/601 867/1355 1809/1354 1810/602
f 146/1530 145/1225 339/1464 340/1461
f 263/1151 1806/1267 1807/1266 483/1565
f 145/1225 144/1224 338/1465 339/1464
f 647/627 646/990 656/1147 657/628
f 144/1224 143/1528 337/2868 338/1465
f 936/1146 871/1364 1800/1363 1801/1145
f 2048/2869 1727/2870 1717/2655 2082/2871
f 2043/2872 1726/2685 1727/2870 2048/2869
f 2038/2873 1725/2682 1726/2685 2043/2872
f 2033/2874 1724/2875 1725/2682 2038/2873
f 2028/2876 1723/2676 1724/2875 2033/2874
f 2023/2877 1722/2673 1723/2676 2028/2876
f 2018/2878 1720/2879 1721/2665 2087/2880
f 2013/2651 1719/2650 1720/2879 2018/2878
f 2082/2871 1717/2655 1718/2649 2008/2648
f 1842/2475 1843/2481 2012/2638 2017/2658
f 1957/2881 1706/2645 1707/2608 1953/2607
f 2002/2610 1716/2609 1715/2882 1997/2883
f 1997/2883 1715/2882 1714/2884 1992/2885
f 1992/2885 1714/2884 1713/2886 1987/2887
f 1987/2887 1713/2886 1711/2888 1982/2889
f 1982/2889 1711/2888 1712/2890 1977/2891
f 1973/2621 1710/2620 1709/2892 1967/2893
f 1967/2893 1709/2892 1708/2894 1962/2895
f 1962/2895 1708/2894 1706/2645 1957/2881
f 1855/2518 1854/2515 1963/2614 1958/2643
f 1707/2608 2093/2647 2142/2896 1716/2609
f 1708/2894 2102/2897 2097/2646 1706/2645
f 1709/2892 2107/2898 2102/2897 1708/2894
f 1710/2620 2112/2624 2107/2898 1709/2892
f 1711/2888 2122/2899 2118/2900 1712/2890
f 1713/2886 2127/2901 2122/2899 1711/2888
f 1714/2884 2132/2902 2127/2901 1713/2886
f 1715/2882 2137/2903 2132/2902 1714/2884
f 1716/2609 2142/2896 2137/2903 1715/2882
f 1564/2567 1563/2564 2098/2904 2103/2615
f 1718/2649 1918/2657 1923/2905 1719/2650
f 1857/2590 1858/2592 1927/2906 1922/2652
f 1719/2650 1923/2905 1928/2907 1720/2879
f 1720/2879 1928/2907 1908/2666 1721/2665
f 1723/2676 1933/2675 1938/2908 1724/2875
f 1861/2600 1862/2602 1942/2909 1937/2670
f 1724/2875 1938/2908 1943/2683 1725/2682
f 1726/2685 1913/2684 1948/2910 1727/2870
f 1557/2588 1856/2587 1917/2653 2148/2678
f 1727/2870 1948/2910 2147/2656 1717/2655
f 1784/2836 1728/2697 2163/2696 2327/2911
f 1729/2698 2173/2912 2183/2913 1730/2914
f 1693/2689 1692/2824 2162/2833 2158/2690
f 2177/2915 1730/2914 1734/2916 2217/2917
f 2217/2918 1734/2919 1731/2711 2193/2710
f 1732/2712 2203/2723 2213/2920 1733/2921
f 1696/2703 1695/2720 2192/2721 2188/2704
f 1785/2839 1733/2921 2213/2920 2332/2922
f 1730/2914 2183/2913 2223/2923 1734/2916
f 2187/2713 1732/2712 1733/2921 2207/2924
f 1734/2919 2223/2925 2197/2722 1731/2711
f 1577/2707 1612/2714 2202/2717 2198/2708
f 2248/2926 1737/2927 1735/2736 2233/2855
f 2288/2928 1741/2929 1737/2927 2248/2926
f 1737/2927 2252/2930 2237/2737 1735/2736
f 1622/2729 1554/2849 2242/2931 2238/2730
f 2278/2862 1740/2864 1738/2752 2263/2758
f 1739/2755 2273/2754 2292/2932 1741/2929
f 1740/2864 2282/2933 2267/2753 1738/2752
f 1609/2745 1570/2760 2272/2761 2268/2746
f 1741/2929 2292/2932 2252/2930 1737/2927
f 2257/2759 1739/2755 1741/2929 2288/2928
f 1703/2741 1702/2748 2262/2751 2258/2742
f 1740/2864 1799/2814 2342/2816 2282/2933
f 1851/2506 1850/2503 1983/2934 1978/2812
f 1563/2564 1560/2563 2092/2612 2098/2904
f 1862/2602 1863/2604 1912/2681 1942/2909
f 1566/2574 1562/2573 2117/2935 2123/2629
f 1850/2503 1849/2500 1988/2632 1983/2934
f 1839/2466 1840/2469 2027/2663 2032/2671
f 2157/2699 1729/2698 1730/2914 2177/2915
f 1869/2936 2058/2815 1771/2626 1889/2625
f 2063/2838 2207/2924 1733/2921 1785/2839
f 1749/2769 1901/2826 2067/2834 2307/2777
f 1757/2619 1785/2839 2332/2922 2312/2623
f 1728/2697 2167/2937 2173/2912 1729/2698
f 2068/2835 2167/2937 1728/2697 1784/2836
f 1704/2749 1903/2845 2072/2861 2277/2750
f 2059/2938 1866/2939 1865/2940 2057/2866
f 1736/2739 1798/2686 2337/2687 2227/2856
f 2073/2863 2317/2627 1771/2626 1799/2814
f 1554/2849 1905/2848 2077/2858 2242/2931
f 1700/2725 1699/2732 2232/2735 2228/2726
f 1885/2806 1898/2805 2057/2866 1865/2940
f 2078/2859 2322/2641 1770/2640 1798/2686
f 2302/2941 2087/2880 1721/2665 1756/2664
f 1756/2664 1784/2836 2327/2911 2302/2941
f 1745/2765 1899/2821 2062/2837 2297/2779
f 2048/2869 2082/2871 2084/2942 2051/2943
f 2051/2943 2084/2942 2085/2944 2050/2945
f 2050/2946 2085/2947 2086/2948 2049/2949
f 2049/2949 2086/2948 2083/2654 2047/2680
f 2043/2872 2048/2869 2051/2943 2046/2950
f 2046/2950 2051/2943 2050/2945 2045/2951
f 2045/2952 2050/2946 2049/2949 2044/2953
f 2044/2953 2049/2949 2047/2680 2042/2677
f 2038/2873 2043/2872 2046/2950 2041/2954
f 2041/2954 2046/2950 2045/2951 2040/2955
f 2040/2956 2045/2952 2044/2953 2039/2957
f 2039/2957 2044/2953 2042/2677 2037/2672
f 2033/2874 2038/2873 2041/2954 2036/2958
f 2036/2958 2041/2954 2040/2955 2035/2959
f 2035/2960 2040/2956 2039/2957 2034/2961
f 2034/2961 2039/2957 2037/2672 2032/2671
f 2028/2876 2033/2874 2036/2958 2031/2962
f 2031/2962 2036/2958 2035/2959 2030/2963
f 2030/2964 2035/2960 2034/2961 2029/2965
f 2029/2965 2034/2961 2032/2671 2027/2663
f 2023/2877 2028/2876 2031/2962 2026/2966
f 2026/2966 2031/2962 2030/2963 2025/2967
f 2025/2968 2030/2964 2029/2965 2024/2969
f 2024/2969 2029/2965 2027/2663 2022/2662
f 2018/2878 2087/2880 2089/2970 2021/2971
f 2021/2971 2089/2970 2090/2972 2020/2973
f 2020/2974 2090/2975 2091/2976 2019/2977
f 2019/2977 2091/2976 2088/2659 2017/2658
f 2013/2651 2018/2878 2021/2971 2016/2978
f 2016/2978 2021/2971 2020/2973 2015/2979
f 2015/2980 2020/2974 2019/2977 2014/2981
f 2014/2981 2019/2977 2017/2658 2012/2638
f 2008/2648 2013/2651 2016/2978 2011/2982
f 2011/2982 2016/2978 2015/2979 2010/2983
f 2010/2984 2015/2980 2014/2981 2009/2985
f 2009/2985 2014/2981 2012/2638 2007/2637
f 2082/2871 2008/2648 2011/2982 2084/2942
f 2084/2942 2011/2982 2010/2983 2085/2944
f 2085/2947 2010/2984 2009/2985 2086/2948
f 2086/2948 2009/2985 2007/2637 2083/2654
f 1953/2607 2002/2610 2004/2986 1956/2987
f 1956/2987 2004/2986 2005/2988 1955/2989
f 1955/2990 2005/2991 2006/2992 1954/2993
f 1954/2993 2006/2992 2003/2636 1952/2644
f 2002/2610 1997/2883 1999/2994 2004/2986
f 2004/2986 1999/2994 2000/2995 2005/2988
f 2005/2991 2000/2996 2001/2997 2006/2992
f 2006/2992 2001/2997 1998/2634 2003/2636
f 1997/2883 1992/2885 1994/2998 1999/2994
f 1999/2994 1994/2998 1995/2999 2000/2995
f 2000/2996 1995/3000 1996/3001 2001/2997
f 2001/2997 1996/3001 1993/2631 1998/2634
f 1992/2885 1987/2887 1989/3002 1994/2998
f 1994/2998 1989/3002 1990/3003 1995/2999
f 1995/3000 1990/3004 1991/3005 1996/3001
f 1996/3001 1991/3005 1988/2632 1993/2631
f 1987/2887 1982/2889 1984/3006 1989/3002
f 1989/3002 1984/3006 1985/3007 1990/3003
f 1990/3004 1985/3008 1986/3009 1991/3005
f 1991/3005 1986/3009 1983/2934 1988/2632
f 1982/2889 1977/2891 1979/3010 1984/3006
f 1984/3006 1979/3010 1980/3011 1985/3007
f 1985/3008 1980/3012 1981/3013 1986/3009
f 1986/3009 1981/3013 1978/2812 1983/2934
f 1973/2621 1967/2893 1969/3014 1976/3015
f 1976/3015 1969/3014 1970/3016 1975/3017
f 1975/3018 1970/3019 1971/3020 1974/3021
f 1974/3021 1971/3020 1968/2613 1972/2617
f 1967/2893 1962/2895 1964/3022 1969/3014
f 1969/3014 1964/3022 1965/3023 1970/3016
f 1970/3019 1965/3024 1966/3025 1971/3020
f 1971/3020 1966/3025 1963/2614 1968/2613
f 1962/2895 1957/2881 1959/3026 1964/3022
f 1964/3022 1959/3026 1960/3027 1965/3023
f 1965/3024 1960/3028 1961/3029 1966/3025
f 1966/3025 1961/3029 1958/2643 1963/2614
f 1957/2881 1953/2607 1956/2987 1959/3026
f 1959/3026 1956/2987 1955/2989 1960/3027
f 1960/3028 1955/2990 1954/2993 1961/3029
f 1961/3029 1954/2993 1952/2644 1958/2643
f 2093/2647 2097/2646 2099/3030 2096/3031
f 2096/3031 2099/3030 2100/3032 2095/3033
f 2095/3034 2100/3035 2101/3036 2094/3037
f 2094/3037 2101/3036 2098/2904 2092/2612
f 2097/2646 2102/2897 2104/3038 2099/3030
f 2099/3030 2104/3038 2105/3039 2100/3032
f 2100/3035 2105/3040 2106/3041 2101/3036
f 2101/3036 2106/3041 2103/2615 2098/2904
f 2102/2897 2107/2898 2109/3042 2104/3038
f 2104/3038 2109/3042 2110/3043 2105/3039
f 2105/3040 2110/3044 2111/3045 2106/3041
f 2106/3041 2111/3045 2108/2616 2103/2615
f 2107/2898 2112/2624 2114/3046 2109/3042
f 2109/3042 2114/3046 2115/3047 2110/3043
f 2110/3044 2115/3048 2116/3049 2111/3045
f 2111/3045 2116/3049 2113/2618 2108/2616
f 2118/2900 2122/2899 2124/3050 2121/3051
f 2121/3051 2124/3050 2125/3052 2120/3053
f 2120/3054 2125/3055 2126/3056 2119/3057
f 2119/3057 2126/3056 2123/2629 2117/2935
f 2122/2899 2127/2901 2129/3058 2124/3050
f 2124/3050 2129/3058 2130/3059 2125/3052
f 2125/3055 2130/3060 2131/3061 2126/3056
f 2126/3056 2131/3061 2128/2630 2123/2629
f 2127/2901 2132/2902 2134/3062 2129/3058
f 2129/3058 2134/3062 2135/3063 2130/3059
f 2130/3060 2135/3064 2136/3065 2131/3061
f 2131/3061 2136/3065 2133/2633 2128/2630
f 2132/2902 2137/2903 2139/3066 2134/3062
f 2134/3062 2139/3066 2140/3067 2135/3063
f 2135/3064 2140/3068 2141/3069 2136/3065
f 2136/3065 2141/3069 2138/2635 2133/2633
f 2137/2903 2142/2896 2144/3070 2139/3066
f 2139/3066 2144/3070 2145/3071 2140/3067
f 2140/3068 2145/3072 2146/3073 2141/3069
f 2141/3069 2146/3073 2143/2611 2138/2635
f 2142/2896 2093/2647 2096/3031 2144/3070
f 2144/3070 2096/3031 2095/3033 2145/3071
f 2145/3072 2095/3034 2094/3037 2146/3073
f 2146/3073 2094/3037 2092/2612 2143/2611
f 1918/2657 2147/2656 2149/3074 1921/3075
f 1921/3075 2149/3074 2150/3076 1920/3077
f 1920/3078 2150/3079 2151/3080 1919/3081
f 1919/3081 2151/3080 2148/2678 1917/2653
f 1923/2905 1918/2657 1921/3075 1926/3082
f 1926/3082 1921/3075 1920/3077 1925/3083
f 1925/3084 1920/3078 1919/3081 1924/3085
f 1924/3085 1919/3081 1917/2653 1922/2652
f 1928/2907 1923/2905 1926/3082 1931/3086
f 1931/3086 1926/3082 1925/3083 1930/3087
f 1930/3088 1925/3084 1924/3085 1929/3089
f 1929/3089 1924/3085 1922/2652 1927/2906
f 1908/2666 1928/2907 1931/3086 1911/3090
f 1911/3090 1931/3086 1930/3087 1910/3091
f 1910/3092 1930/3088 1929/3089 1909/3093
f 1909/3093 1929/3089 1927/2906 1907/2778
f 1933/2675 2152/2674 2154/3094 1936/3095
f 1936/3095 2154/3094 2155/3096 1935/3097
f 1935/3098 2155/3099 2156/3100 1934/3101
f 1934/3101 2156/3100 2153/2661 1932/2660
f 1938/2908 1933/2675 1936/3095 1941/3102
f 1941/3102 1936/3095 1935/3097 1940/3103
f 1940/3104 1935/3098 1934/3101 1939/3105
f 1939/3105 1934/3101 1932/2660 1937/2670
f 1943/2683 1938/2908 1941/3102 1946/3106
f 1946/3106 1941/3102 1940/3103 1945/3107
f 1945/3108 1940/3104 1939/3105 1944/3109
f 1944/3109 1939/3105 1937/2670 1942/2909
f 1913/2684 1943/2683 1946/3106 1916/3110
f 1916/3110 1946/3106 1945/3107 1915/3111
f 1915/3112 1945/3108 1944/3109 1914/3113
f 1914/3113 1944/3109 1942/2909 1912/2681
f 1948/2910 1913/2684 1916/3110 1951/3114
f 1951/3114 1916/3110 1915/3111 1950/3115
f 1950/3116 1915/3112 1914/3113 1949/3117
f 1949/3117 1914/3113 1912/2681 1947/2679
f 2147/2656 1948/2910 1951/3114 2149/3074
f 2149/3074 1951/3114 1950/3115 2150/3076
f 2150/3079 1950/3116 1949/3117 2151/3080
f 2151/3080 1949/3117 1947/2679 2148/2678
f 2158/2690 2162/2833 2164/3118 2161/3119
f 2161/3119 2164/3118 2165/3120 2160/3121
f 2160/3122 2165/3123 2166/3124 2159/3125
f 2159/3125 2166/3124 2163/2696 2157/2699
f 2168/2695 2172/2694 2174/3126 2171/3127
f 2171/3127 2174/3126 2175/3128 2170/3129
f 2170/3130 2175/3131 2176/3132 2169/3133
f 2169/3133 2176/3132 2173/2912 2167/2937
f 2178/2691 2158/2690 2161/3119 2181/3134
f 2181/3134 2161/3119 2160/3121 2180/3135
f 2180/3136 2160/3122 2159/3125 2179/3137
f 2179/3137 2159/3125 2157/2699 2177/2915
f 2172/2694 2182/2701 2184/3138 2174/3126
f 2174/3126 2184/3138 2185/3139 2175/3128
f 2175/3131 2185/3140 2186/3141 2176/3132
f 2176/3132 2186/3141 2183/2913 2173/2912
f 2188/2704 2192/2721 2194/3142 2191/3143
f 2191/3143 2194/3142 2195/3144 2190/3145
f 2190/3146 2195/3147 2196/3148 2189/3149
f 2189/3149 2196/3148 2193/2710 2187/2713
f 2198/2708 2202/2717 2204/3150 2201/3151
f 2201/3151 2204/3150 2205/3152 2200/3153
f 2200/3154 2205/3155 2206/3156 2199/3157
f 2199/3157 2206/3156 2203/2723 2197/2722
f 2208/2705 2188/2704 2191/3143 2211/3158
f 2211/3158 2191/3143 2190/3145 2210/3159
f 2210/3160 2190/3146 2189/3149 2209/3161
f 2209/3161 2189/3149 2187/2713 2207/2924
f 2202/2717 2212/2716 2214/3162 2204/3150
f 2204/3150 2214/3162 2215/3163 2205/3152
f 2205/3155 2215/3164 2216/3165 2206/3156
f 2206/3156 2216/3165 2213/2920 2203/2723
f 2218/2719 2178/2691 2181/3134 2221/3166
f 2221/3166 2181/3134 2180/3135 2220/3167
f 2220/3168 2180/3136 2179/3137 2219/3169
f 2219/3169 2179/3137 2177/2915 2217/2917
f 2182/2701 2222/2709 2224/3170 2184/3138
f 2184/3138 2224/3170 2225/3171 2185/3139
f 2185/3140 2225/3172 2226/3173 2186/3141
f 2186/3141 2226/3173 2223/2923 2183/2913
f 2192/2721 2218/2719 2221/3166 2194/3142
f 2194/3142 2221/3166 2220/3167 2195/3144
f 2195/3147 2220/3174 2219/3175 2196/3148
f 2196/3148 2219/3175 2217/2918 2193/2710
f 2222/2709 2198/2708 2201/3151 2224/3170
f 2224/3170 2201/3151 2200/3153 2225/3171
f 2225/3176 2200/3154 2199/3157 2226/3177
f 2226/3177 2199/3157 2197/2722 2223/2925
f 2228/2726 2232/2735 2234/3178 2231/3179
f 2231/3179 2234/3178 2235/3180 2230/3181
f 2230/3182 2235/3183 2236/3184 2229/3185
f 2229/3185 2236/3184 2233/2855 2227/2856
f 2238/2730 2242/2931 2244/3186 2241/3187
f 2241/3187 2244/3186 2245/3188 2240/3189
f 2240/3190 2245/3191 2246/3192 2239/3193
f 2239/3193 2246/3192 2243/2738 2237/2737
f 2232/2735 2247/2734 2249/3194 2234/3178
f 2234/3178 2249/3194 2250/3195 2235/3180
f 2235/3183 2250/3196 2251/3197 2236/3184
f 2236/3184 2251/3197 2248/2926 2233/2855
f 2253/2731 2238/2730 2241/3187 2256/3198
f 2256/3198 2241/3187 2240/3189 2255/3199
f 2255/3200 2240/3190 2239/3193 2254/3201
f 2254/3201 2239/3193 2237/2737 2252/2930
f 2258/2742 2262/2751 2264/3202 2261/3203
f 2261/3203 2264/3202 2265/3204 2260/3205
f 2260/3206 2265/3207 2266/3208 2259/3209
f 2259/3209 2266/3208 2263/2758 2257/2759
f 2268/2746 2272/2761 2274/3210 2271/3211
f 2271/3211 2274/3210 2275/3212 2270/3213
f 2270/3214 2275/3215 2276/3216 2269/3217
f 2269/3217 2276/3216 2273/2754 2267/2753
f 2262/2751 2277/2750 2279/3218 2264/3202
f 2264/3202 2279/3218 2280/3219 2265/3204
f 2265/3207 2280/3220 2281/3221 2266/3208
f 2266/3208 2281/3221 2278/2862 2263/2758
f 2283/2747 2268/2746 2271/3211 2286/3222
f 2286/3222 2271/3211 2270/3213 2285/3223
f 2285/3224 2270/3214 2269/3217 2284/3225
f 2284/3225 2269/3217 2267/2753 2282/2933
f 2247/2734 2287/2743 2289/3226 2249/3194
f 2249/3194 2289/3226 2290/3227 2250/3195
f 2250/3196 2290/3228 2291/3229 2251/3197
f 2251/3197 2291/3229 2288/2928 2248/2926
f 2293/2757 2253/2731 2256/3198 2296/3230
f 2296/3230 2256/3198 2255/3199 2295/3231
f 2295/3232 2255/3200 2254/3201 2294/3233
f 2294/3233 2254/3201 2252/2930 2292/2932
f 2287/2743 2258/2742 2261/3203 2289/3226
f 2289/3226 2261/3203 2260/3205 2290/3227
f 2290/3228 2260/3206 2259/3209 2291/3229
f 2291/3229 2259/3209 2257/2759 2288/2928
f 2272/2761 2293/2757 2296/3230 2274/3210
f 2274/3210 2296/3230 2295/3231 2275/3212
f 2275/3215 2295/3232 2294/3233 2276/3216
f 2276/3216 2294/3233 2292/2932 2273/2754
f 2298/2622 1973/2621 1976/3015 2301/3234
f 2301/3234 1976/3015 1975/3017 2300/3235
f 2300/3236 1975/3018 1974/3021 2299/3237
f 2299/3237 1974/3021 1972/2617 2297/2779
f 2087/2880 2302/2941 2304/3238 2089/2970
f 2089/2970 2304/3238 2305/3239 2090/2972
f 2090/2975 2305/3240 2306/3241 2091/2976
f 2091/2976 2306/3241 2303/2776 2088/2659
f 2308/2667 1908/2666 1911/3090 2311/3242
f 2311/3242 1911/3090 1910/3091 2310/3243
f 2310/3244 1910/3092 1909/3093 2309/3245
f 2309/3245 1909/3093 1907/2778 2307/2777
f 2112/2624 2312/2623 2314/3246 2114/3046
f 2114/3046 2314/3246 2315/3247 2115/3047
f 2115/3048 2315/3248 2316/3249 2116/3049
f 2116/3049 2316/3249 2313/2780 2113/2618
f 1884/2628 2317/2627 2319/3250 1883/3251
f 1883/3251 2319/3250 2320/3252 1882/3253
f 1882/3254 2320/3255 2321/3256 1881/3257
f 1881/3257 2321/3256 2318/2860 1880/2813
f 1879/2668 2023/2877 2026/2966 1878/3258
f 1878/3258 2026/2966 2025/2967 1877/3259
f 1877/3260 2025/2968 2024/2969 1876/3261
f 1876/3261 2024/2969 2022/2662 1875/2810
f 1874/2642 2322/2641 2324/3262 1873/3263
f 1873/3263 2324/3262 2325/3264 1872/3265
f 1872/3266 2325/3267 2326/3268 1871/3269
f 1871/3269 2326/3268 2323/2857 1870/2811
f 1869/2936 2118/2900 2121/3051 1868/3270
f 1868/3270 2121/3051 2120/3053 1867/3271
f 1867/3272 2120/3054 2119/3057 1866/2939
f 1866/2939 2119/3057 2117/2935 1865/2940
f 2063/2838 2298/2622 2301/3234 2066/3273
f 2066/3273 2301/3234 2300/3235 2065/3274
f 2065/3275 2300/3236 2299/3237 2064/3276
f 2064/3276 2299/3237 2297/2779 2062/2837
f 2207/2924 2063/2838 2066/3273 2209/3161
f 2209/3161 2066/3273 2065/3274 2210/3160
f 2210/3159 2065/3275 2064/3276 2211/3158
f 2211/3158 2064/3276 2062/2837 2208/2705
f 2302/2941 2327/2911 2329/3277 2304/3238
f 2304/3238 2329/3277 2330/3278 2305/3239
f 2305/3240 2330/3279 2331/3280 2306/3241
f 2306/3241 2331/3280 2328/2832 2303/2776
f 2327/2911 2163/2696 2166/3124 2329/3277
f 2329/3277 2166/3124 2165/3123 2330/3278
f 2330/3279 2165/3281 2164/3118 2331/3280
f 2331/3280 2164/3118 2162/2833 2328/2832
f 2068/2835 2308/2667 2311/3242 2071/3282
f 2071/3282 2311/3242 2310/3243 2070/3283
f 2070/3284 2310/3244 2309/3245 2069/3285
f 2069/3285 2309/3245 2307/2777 2067/2834
f 2167/2937 2068/2835 2071/3282 2169/3133
f 2169/3133 2071/3282 2070/3283 2170/3130
f 2170/3129 2070/3284 2069/3285 2171/3127
f 2171/3127 2069/3285 2067/2834 2168/2695
f 2312/2623 2332/2922 2334/3286 2314/3246
f 2314/3246 2334/3286 2335/3287 2315/3247
f 2315/3248 2335/3288 2336/3289 2316/3249
f 2316/3249 2336/3289 2333/2840 2313/2780
f 2332/2922 2213/2920 2216/3165 2334/3286
f 2334/3286 2216/3165 2215/3164 2335/3287
f 2335/3288 2215/3163 2214/3162 2336/3289
f 2336/3289 2214/3162 2212/2716 2333/2840
f 2073/2863 2278/2862 2281/3221 2076/3290
f 2076/3290 2281/3221 2280/3220 2075/3291
f 2075/3292 2280/3219 2279/3218 2074/3293
f 2074/3293 2279/3218 2277/2750 2072/2861
f 2317/2627 2073/2863 2076/3290 2319/3250
f 2319/3250 2076/3290 2075/3291 2320/3252
f 2320/3255 2075/3292 2074/3293 2321/3256
f 2321/3256 2074/3293 2072/2861 2318/2860
f 2227/2856 2337/2687 2339/3294 2229/3185
f 2229/3185 2339/3294 2340/3295 2230/3182
f 2230/3296 2340/3297 2341/3298 2231/3179
f 2231/3179 2341/3298 2338/2727 2228/2726
f 2337/2687 2053/2669 2056/3299 2339/3294
f 2339/3294 2056/3299 2055/3300 2340/3295
f 2340/3297 2055/3301 2054/3302 2341/3298
f 2341/3298 2054/3302 2052/2809 2338/2727
f 2078/2859 2243/2738 2246/3192 2081/3303
f 2081/3303 2246/3192 2245/3191 2080/3304
f 2080/3305 2245/3188 2244/3186 2079/3306
f 2079/3306 2244/3186 2242/2931 2077/2858
f 2322/2641 2078/2859 2081/3303 2324/3262
f 2324/3262 2081/3303 2080/3304 2325/3264
f 2325/3267 2080/3305 2079/3306 2326/3268
f 2326/3268 2079/3306 2077/2858 2323/2857
f 2282/2933 2342/2816 2344/3307 2284/3225
f 2284/3225 2344/3307 2345/3308 2285/3224
f 2285/3223 2345/3309 2346/3310 2286/3222
f 2286/3222 2346/3310 2343/2865 2283/2747
f 2342/2816 2058/2815 2061/3311 2344/3307
f 2344/3307 2061/3311 2060/3312 2345/3308
f 2345/3309 2060/3313 2059/2938 2346/3310
f 2346/3310 2059/2938 2057/2866 2343/2865
f 1858/2592 1859/2594 1907/2778 1927/2906
f 2060/3313 1867/3272 1866/2939 2059/2938
f 2061/3311 1868/3270 1867/3271 2060/3312
f 2058/2815 1869/2936 1868/3270 2061/3311
f 2156/3100 1871/3269 1870/2811 2153/2661
f 2155/3099 1872/3266 1871/3269 2156/3100
f 2154/3094 1873/3263 1872/3265 2155/3096
f 2152/2674 1874/2642 1873/3263 2154/3094
f 2054/3302 1876/3261 1875/2810 2052/2809
f 2055/3301 1877/3260 1876/3261 2054/3302
f 2056/3299 1878/3258 1877/3259 2055/3300
f 2053/2669 1879/2668 1878/3258 2056/3299
f 1981/3013 1881/3257 1880/2813 1978/2812
f 1980/3012 1882/3254 1881/3257 1981/3013
f 1979/3010 1883/3251 1882/3253 1980/3011
f 1977/2891 1884/2628 1883/3251 1979/3010
f 1562/2573 1885/2806 1865/2940 2117/2935
f 2118/2900 1869/2936 1889/2625 1712/2890
f 1761/2788 1888/2787 1880/2813 2318/2860
f 1764/2796 1886/2795 1870/2811 2323/2857
f 1841/2472 1887/2794 1875/2810 2022/2662
f 1573/2548 1891/2808 1893/2801 1571/2545
f 1575/2550 1894/2800 1891/2808 1573/2548
f 1610/2576 1892/2804 1885/2806 1562/2573
f 1571/2545 1893/2801 1892/2804 1610/2576
f 1623/2596 1895/2798 1894/2800 1575/2550
f 1558/2598 1886/2795 1895/2798 1623/2596
f 1686/2471 1897/2792 1887/2794 1841/2472
f 1654/2473 1902/2786 1897/2792 1686/2471
f 1673/2504 1900/2790 1906/2781 1650/2505
f 1851/2506 1888/2787 1900/2790 1673/2504
f 1651/2525 1904/2784 1902/2786 1654/2473
f 1650/2505 1906/2781 1904/2784 1651/2525
f 2023/2877 1879/2668 1890/2639 1722/2673
f 1722/2673 1890/2639 1874/2642 2152/2674
f 1712/2890 1889/2625 1884/2628 1977/2891
f 1415/3314 1416/3315 1411/3316 1410/3317
f 1414/3318 1415/3314 1410/3317 1409/3319
f 1413/3320 1414/3318 1409/3319 1376/2109
f 2439/3321 1413/3320 1376/2109 2437/2110
f 1435/2432 1436/2391 1431/2392 1430/2433
f 1433/3322 1434/3323 1417/3324 1416/3315
f 1431/3325 1432/3326 1415/3314 1414/3318
f 2440/3327 1430/3328 1413/3320 2439/3321
f 1442/1960 1441/1006 1425/2257 1424/2256
f 1386/1961 1442/1960 1424/2256 1234/2027
f 3847/3329 3852/2092 1271/2095 1272/3330
f 3857/3331 3847/3329 1272/3330 1274/3332
f 1359/2398 1338/2276 1337/2011 1352/2008
f 1361/2399 1348/2273 1347/2272 1360/2397
f 1232/2033 1389/2036 1351/2342 1362/2400
f 1440/369 1439/368 1427/2251 1426/2253
f 1495/2206 1494/2142 1436/2391 1435/2432
f 2438/2154 1495/2206 1435/2432 2441/2431
f 1355/3333 1342/3334 1341/3335 1354/3336
f 1356/2220 1343/2219 1342/3334 1355/3333
f 1374/1918 1355/3333 1354/3336 1375/2207
f 1372/1853 1357/2173 1356/2220 1373/1917
f 2443/1849 2446/3337 1358/2170 1371/1850
f 1493/2141 1492/2194 1438/2385 1437/2389
f 3932/3338 3947/2118 1297/2121 1298/2143
f 3937/3339 3932/3338 1298/2143 1302/2217
f 3942/3340 3937/3339 1302/2217 1303/2218
f 3952/2213 3942/3340 1303/2218 1307/2150
f 3862/3341 3857/3331 1274/3332 1276/3342
f 3902/2167 3917/3343 1293/3344 1259/2168
f 1410/3317 1274/3332 1272/3330 1409/3319
f 1412/3345 1293/3344 1276/3342 1411/3316
f 2428/2134 2392/2133 2394/3346 2431/3347
f 2431/3347 2394/3346 2395/3348 2430/3349
f 2430/3350 2395/3351 2396/3352 2429/3353
f 2429/3353 2396/3352 2393/2204 2427/2205
f 1362/2400 1351/2342 1348/2273 1361/2399
f 1439/368 1429/1972 1428/333 1427/2251
f 1441/1006 1440/369 1426/2253 1425/2257
f 3617/1922 2428/2134 2431/3347 3618/1250
f 3647/2058 3652/2057 2435/3354 2436/3355
f 3652/2069 3657/2002 2434/3356 2435/3357
f 3657/2002 3662/2001 2432/2164 2434/3356
f 1303/2218 1322/2117 1323/2116 1307/2150
f 2348/2196 2433/2195 2436/3355 2351/3358
f 2351/3358 2436/3355 2435/3354 2350/3359
f 2350/3360 2435/3357 2434/3356 2349/3361
f 2349/3361 2434/3356 2432/2164 2347/2165
f 1490/2386 2451/3362 2450/3363 1434/2387
f 1434/3323 2450/3364 2449/3365 1417/3324
f 1417/3324 2449/3365 2447/3366 1412/3345
f 1373/1917 1356/2220 1355/3333 1374/1918
f 2392/2155 2438/2154 2441/2431 2394/3367
f 2394/3367 2441/2431 2440/2434 2395/3368
f 2395/3369 2440/3327 2439/3321 2396/3370
f 2396/3370 2439/3321 2437/2110 2393/2212
f 2443/1849 2402/2158 2404/3371 2446/3337
f 2446/3337 2404/3371 2405/3372 2445/3373
f 2445/2201 2405/3374 2406/3375 2444/2163
f 2444/2163 2406/3375 2403/2209 2442/2151
f 1371/1850 1358/2170 1357/2173 1372/1853
f 1492/2194 1491/2097 1490/2386 1438/2385
f 1494/2142 1493/2141 1437/2389 1436/2391
f 1375/2207 1354/3336 2456/3376 2453/2210
f 2448/2096 2348/2146 2351/3377 2451/3362
f 2451/3362 2351/3377 2350/3378 2450/3363
f 2450/3364 2350/3379 2349/3380 2449/3365
f 2449/3365 2349/3380 2347/3381 2447/3366
f 1432/3326 1433/3322 1416/3315 1415/3314
f 1430/3328 1431/3325 1414/3318 1413/3320
f 1416/3315 1417/3324 1412/3345 1411/3316
f 1491/2097 2448/2096 2451/3362 1490/2386
f 1354/3336 1341/3335 2455/3382 2456/3376
f 1341/2199 1324/2086 2454/3383 2455/3384
f 1324/2086 1310/2085 2452/2128 2454/3383
f 2446/3337 2445/3373 1353/2171 1358/2170
f 2358/2214 2453/2210 2456/3376 2361/3385
f 2361/3385 2456/3376 2455/3382 2360/3386
f 2360/3387 2455/3384 2454/3383 2359/3388
f 2359/3388 2454/3383 2452/2128 2357/2190
f 3618/1250 2431/3347 2430/3349 3623/1251
f 3623/2100 2430/3350 2429/3353 3628/2101
f 3628/2101 2429/3353 2427/2205 3633/2144
f 3917/3343 3862/3341 1276/3342 1293/3344
f 2402/2186 2458/1962 2461/1965 2404/3389
f 2404/3389 2461/1965 2460/1998 2405/3390
f 2405/3391 2460/2222 2459/2223 2406/3392
f 2406/3392 2459/2223 2457/2106 2403/2203
f 2463/2179 2358/2178 2361/3393 2466/2067
f 2466/2067 2361/3393 2360/3394 2465/2068
f 2465/2052 2360/3395 2359/3396 2464/402
f 2464/402 2359/3396 2357/2200 2462/403
f 1409/3319 1272/3330 1271/2095 1376/2109
f 1411/3316 1276/3342 1274/3332 1410/3317
f 2447/3366 1259/2168 1293/3344 1412/3345
f 3638/2215 3647/2058 2436/3355 2433/2195
f 2347/3381 1255/2169 1259/2168 2447/3366
f 2476/3397 2469/3398 2503/3399 2504/3400
f 2504/3400 2503/3399 2505/3401 2506/3402
f 2508/251 2507/3403 2509/3404 2510/3405
f 2510/3405 2509/3404 2470/3406 2478/3407
f 2472/3408 2467/3409 2511/3410 2512/3411
f 2512/3411 2511/3410 2513/3412 2514/3413
f 2468/3414 2473/3415 2515/3416 2516/3417
f 2516/3417 2515/3416 2517/3418 2518/3419
f 2514/3413 2519/3420 2520/3421 2512/3411
f 2512/3411 2520/3421 2479/3422 2472/3408
f 2519/3420 2521/3423 2522/3424 2520/3421
f 2520/3421 2522/3424 2480/3425 2479/3422
f 2521/3426 2523/3427 2524/3428 2522/3429
f 2522/3429 2524/3428 2481/3430 2480/3431
f 2523/3427 2525/3432 2526/3433 2524/3428
f 2524/3428 2526/3433 2471/3434 2481/3430
f 2528/3435 2527/3436 2529/3437 2530/3438
f 2530/3438 2529/3437 2482/3439 2477/3440
f 2527/3436 2531/3441 2532/3442 2529/3437
f 2529/3437 2532/3442 2483/3443 2482/3439
f 2531/3444 2533/252 2534/3445 2532/3446
f 2532/3446 2534/3445 2484/3447 2483/3448
f 2533/252 2508/251 2510/3405 2534/3445
f 2534/3445 2510/3405 2478/3407 2484/3447
f 2536/3449 2535/3450 2537/3451 2538/3452
f 2538/3452 2537/3451 2475/3453 2485/3454
f 2539/3455 2536/3449 2538/3452 2540/3456
f 2540/3456 2538/3452 2485/3454 2486/3457
f 2541/3458 2539/3459 2540/3460 2542/3461
f 2542/3461 2540/3460 2486/3462 2487/3463
f 2506/3402 2541/3458 2542/3461 2504/3400
f 2504/3400 2542/3461 2487/3463 2476/3397
f 2543/3464 2517/3418 2515/3416 2544/3465
f 2544/3465 2515/3416 2473/3415 2488/3466
f 2545/3467 2543/3464 2544/3465 2546/3468
f 2546/3468 2544/3465 2488/3466 2489/3469
f 2547/3470 2545/3471 2546/3472 2548/3473
f 2548/3473 2546/3472 2489/3474 2490/3475
f 2549/3476 2547/3470 2548/3473 2550/3477
f 2550/3477 2548/3473 2490/3475 2474/3478
f 2492/3479 2475/3453 2537/3451 2551/3480
f 2551/3480 2537/3451 2535/3450 2552/3481
f 2474/3478 2492/3479 2551/3480 2550/3477
f 2550/3477 2551/3480 2552/3481 2549/3476
f 2477/3440 2491/3482 2553/3483 2530/3438
f 2530/3438 2553/3483 2554/3484 2528/3435
f 2491/3482 2471/3434 2526/3433 2553/3483
f 2553/3483 2526/3433 2525/3432 2554/3484
f 2700/3485 2703/1303 2702/926 2701/925
f 2699/1002 2704/1304 2703/1303 2700/3485
f 420/819 421/820 2716/238 2707/3486
f 1068/3487 2571/3488 2572/3489 1063/791
f 2689/241 2694/246 2693/1492 2690/263
f 2688/227 2695/243 2694/246 2689/241
f 2690/263 2693/1492 2692/931 2691/260
f 1053/3490 2570/3491 2500/3492 1069/3493
f 1063/791 2572/3489 2501/3494 1112/792
f 2697/3495 2706/1077 2705/3496 2698/1001
f 2507/3403 2567/752 2568/794 2509/3404
f 2509/3404 2568/794 2499/702 2470/3406
f 3259/3497 927/719 2772/208 3374/207
f 1058/763 2569/3498 2570/3491 1053/3490
f 2569/3498 2513/3412 2511/3410 2570/3491
f 2570/3491 2511/3410 2467/3409 2500/3492
f 2709/750 2714/240 2713/250 2710/3499
f 2707/3486 2716/238 2715/237 2708/749
f 2571/3488 2505/3401 2503/3399 2572/3489
f 2572/3489 2503/3399 2469/3398 2501/3494
f 422/821 423/824 2706/1077 2697/3495
f 2698/1001 2705/3496 2704/1304 2699/1002
f 2518/3419 2573/3500 2574/3501 2516/3417
f 2516/3417 2574/3501 2502/690 2468/3414
f 2547/3470 2549/3476 1094/1810 1093/1809
f 2573/3500 2518/3419 1087/1802 1116/1837
f 2518/3419 2517/3418 1088/1803 1087/1802
f 2517/3418 2543/3464 1091/1806 1088/1803
f 2543/3464 2545/3467 1092/1807 1091/1806
f 2525/3432 2523/3427 1105/1828 1106/1830
f 338/1465 337/2868 336/843 161/173
f 2708/749 2715/237 2714/240 2709/750
f 1054/770 2573/3500 1116/1837 2555/771
f 2710/3499 2713/250 2712/249 2711/922
f 2717/1787 2744/1784 2743/1273 2718/1272
f 2535/3450 2536/3449 1096/1813 1095/1812
f 2507/3403 2508/251 1084/254 1083/1799
f 2533/252 2531/3444 1101/1823 1102/253
f 157/138 156/137 149/920 148/1072
f 2528/3435 2554/3484 1107/1831 1100/1821
f 2527/3436 2528/3435 1100/1821 1099/1820
f 2567/752 2507/3403 1083/1799 1117/753
f 2549/3476 2552/3481 1108/1832 1094/1810
f 2541/3458 2506/3402 1085/1800 1098/1819
f 2519/3420 2514/3413 1089/1804 1103/1824
f 2506/3402 2505/3401 1086/1801 1085/1800
f 2521/3423 2519/3420 1103/1824 1104/1825
f 2505/3401 2571/3488 1115/1838 1086/1801
f 2523/3427 2521/3426 1104/1829 1105/1828
f 2536/3449 2539/3455 1097/1815 1096/1813
f 2513/3412 2569/3498 1118/1262 1090/1805
f 2539/3459 2541/3458 1098/1819 1097/1818
f 2514/3413 2513/3412 1090/1805 1089/1804
f 2545/3471 2547/3470 1093/1809 1092/1808
f 2552/3481 2535/3450 1095/1812 1108/1832
f 155/147 154/144 151/1057 150/918
f 2554/3484 2525/3432 1106/1830 1107/1831
f 1068/3487 2564/3502 1115/1838 2571/3488
f 2531/3441 2527/3436 1099/1820 1101/1822
f 2696/1544 2686/1316 2685/244 2695/243
f 279/1794 278/1255 479/1774 480/1311
f 122/856 778/1491 764/1478 128/857
f 3477/1836 448/1835 478/2867 3478/1327
f 3475/894 446/893 447/1834 3476/1833
f 672/985 765/1205 778/1491 122/856
f 527/1254 2705/3496 2706/1077 528/1076
f 264/1071 263/1151 483/1565 482/1570
f 748/565 776/1489 777/1490 123/566
f 524/1047 2702/926 2703/1303 525/1073
f 526/1305 2704/1304 2705/3496 527/1254
f 123/566 777/1490 770/1482 683/669
f 81/665 80/666 2645/643 2644/642
f 523/1046 457/927 2702/926 524/1047
f 717/802 775/1487 776/1489 748/565
f 785/904 83/667 2642/647 786/1154
f 82/668 81/665 2644/642 2643/648
f 712/801 774/1488 775/1487 717/802
f 2640/277 2639/1296 2616/617 2615/616
f 2638/1297 2637/234 2636/611 2635/610
f 707/1051 773/1050 774/1486 712/3503
f 2610/3504 2609/1165 2608/348 2607/1776
f 2641/278 2640/277 2615/616 2614/622
f 148/1072 703/803 960/807 945/1463
f 2613/3505 2612/1258 2605/1294 2604/1780
f 2611/1257 2610/3504 2607/1776 2606/1293
f 702/1054 772/1484 754/1471 383/1055
f 2601/1618 2600/374 2597/1284 2596/1283
f 789/1498 2613/3505 2604/1780 790/1499
f 697/1059 771/1485 772/1484 702/1054
f 791/1503 2603/1288 2594/1280 792/1279
f 2602/1289 2601/1618 2596/1283 2595/1290
f 692/1167 769/1481 771/1483 697/1545
f 2595/1290 2596/1283 2591/1276 2590/1275
f 2597/1284 2598/1170 2593/1176 2592/1285
f 687/688 688/1164 957/1495 947/689
f 2592/1285 2593/1176 2588/1182 2587/3506
f 2594/1280 2595/1290 2590/1275 2589/1281
f 342/1467 682/1502 956/1816 950/1468
f 2589/1281 2590/1275 2585/1278 2584/3507
f 2591/1276 2592/1285 2587/3506 2586/1277
f 682/1502 677/1552 955/1817 956/1816
f 2586/3508 2587/1274 2582/1265 2581/1264
f 793/1282 2589/1281 2584/3507 794/1509
f 677/1193 667/1192 954/1811 955/1814
f 794/1512 2584/1269 2579/1260 795/1259
f 2585/1270 2586/3508 2581/1264 2580/1271
f 667/1192 668/563 949/562 954/1811
f 2580/1271 2581/1264 2576/587 2575/593
f 2582/1265 2583/1189 2578/1141 2577/588
f 128/857 764/1478 763/1477 133/1215
f 193/1253 192/1199 2609/1165 2610/3504
f 2579/1260 2580/1271 2575/593 197/592
f 133/1215 763/1477 762/1476 138/1216
f 196/1249 195/1248 2612/1258 2613/3505
f 194/1256 193/1253 2610/3504 2611/1257
f 138/1527 762/1475 761/1474 143/1528
f 189/3509 188/1252 193/1253 194/1256
f 797/1517 196/1249 2613/3505 789/1498
f 143/1528 761/1474 758/1473 337/2868
f 798/1519 191/1246 196/1249 797/1517
f 190/1247 189/3509 194/1256 195/1248
f 153/143 760/153 759/1049 152/1052
f 185/1235 184/1234 189/1241 190/3510
f 183/1239 182/1206 187/1209 188/1240
f 337/2868 758/1473 757/1472 336/843
f 178/1140 177/1212 182/1206 183/1239
f 186/1138 185/1235 190/3510 191/1236
f 347/187 756/853 755/1177 346/1180
f 181/583 180/578 185/1235 186/1138
f 179/577 178/1140 183/1239 184/1234
f 383/1055 754/1471 753/1470 382/833
f 2622/965 2623/964 2618/65 2617/69
f 1080/859 2625/855 2620/967 1081/1798
f 3124/3511 389/701 451/911 3254/3512
f 1081/1798 2620/967 2565/73 1082/75
f 2621/966 2622/965 2617/69 2566/71
f 3129/3513 868/1654 933/1795 3243/3514
f 2753/1493 2558/765 2557/1287 2752/1286
f 2751/220 2556/772 2555/771 2750/221
f 3109/3515 872/1638 935/61 3248/3516
f 658/1074 525/1073 526/1305 643/1148
f 2754/1263 2559/766 2558/765 2753/1493
f 3144/3517 393/713 487/728 3249/727
f 961/1826 708/797 713/799 962/1827
f 432/845 431/848 2657/1008 2652/1007
f 2653/1010 2658/1009 2659/909 2654/908
f 2658/816 2663/815 2664/1003 2659/3518
f 2659/3518 2664/1003 2665/1567 2660/1566
f 2747/3519 2562/759 2561/3520 2746/121
f 2711/922 456/924 486/1004 534/745
f 278/1255 528/1076 521/1069 479/1774
f 3074/746 534/745 486/1004 3244/3521
f 3099/3522 529/1783 452/921 3239/3523
f 643/1148 526/1305 527/1254 653/1149
f 2647/3524 2652/1007 2653/1010 2648/3525
f 704/804 705/919 710/1013 709/805
f 2746/121 2561/3520 2560/754 2745/120
f 2649/3526 2654/908 2655/810 2650/809
f 706/1011 707/1051 712/3503 711/1012
f 431/841 430/839 2662/814 2657/813
f 2655/810 2660/910 2661/953 2656/811
f 430/839 422/821 2697/3495 2662/814
f 2662/814 2697/3495 2698/1001 2663/815
f 2749/825 2564/3502 2563/760 2748/3527
f 962/1827 713/799 718/674 946/673
f 2665/1567 2700/3485 2701/925 2666/947
f 2664/1003 2699/1002 2700/3485 2665/1567
f 971/826 1115/1838 2564/3502 2749/825
f 2748/3527 2563/760 2562/759 2747/3519
f 3164/3528 397/731 411/795 3238/3529
f 1065/3530 1066/758 1061/796 1060/787
f 1067/761 1068/3487 1063/791 1062/790
f 3238/3529 411/795 398/736 3173/3531
f 970/3532 1053/3490 1069/3493 1070/3533
f 1064/755 1065/3530 1060/787 1059/786
f 3229/3534 410/793 409/789 3228/3535
f 967/3536 968/775 1110/696 1111/691
f 969/774 970/3532 1070/3533 1109/697
f 3194/3537 403/757 410/793 3229/3534
f 1061/796 1062/790 1113/709 1114/708
f 2574/3501 967/3536 1111/691 2502/690
f 3228/3535 409/789 408/784 3223/3538
f 2568/794 1059/786 1805/703 2499/702
f 1060/787 1061/796 1114/708 1802/788
f 3223/3538 408/784 407/785 3218/3539
f 3274/3540 924/715 925/782 3269/781
f 3264/783 926/720 927/719 3259/3497
f 3218/3541 407/780 406/776 3213/3542
f 1057/764 1058/763 1053/3490 970/3532
f 3279/779 923/716 924/715 3274/3540
f 3213/3542 406/776 392/712 3143/3543
f 1054/770 1055/769 968/775 967/3536
f 1056/773 1057/764 970/3532 969/774
f 3114/3544 387/695 405/767 3208/3545
f 1056/773 1055/769 2556/772 2557/1287
f 2573/3500 1054/770 967/3536 2574/3501
f 3208/3545 405/767 404/768 3203/3546
f 2569/3498 1058/763 2559/766 1118/1262
f 1057/764 1056/773 2557/1287 2558/765
f 3203/3547 404/762 402/756 3193/3548
f 1065/3530 2561/3520 2562/759 1066/758
f 1067/761 2563/760 2564/3502 1068/3487
f 3193/3548 402/756 403/757 3194/3537
f 2710/3499 2711/922 534/745 535/744
f 1064/755 2560/754 2561/3520 1065/3530
f 3184/3549 401/748 388/700 3123/3550
f 2707/3486 2708/749 537/740 538/739
f 2709/750 2710/3499 535/744 536/751
f 3179/3551 400/747 401/748 3184/3549
f 3084/3552 536/751 535/744 3079/743
f 420/819 2707/3486 538/739 451/911
f 3174/3553 399/737 400/742 3179/3554
f 3254/3512 451/911 538/739 3094/738
f 3089/741 537/740 536/751 3084/3552
f 3173/3531 398/736 399/737 3174/3553
f 3104/3555 532/1789 531/733 3064/732
f 3069/735 530/734 529/1783 3099/3522
f 3159/3556 396/726 397/731 3164/3528
f 858/699 929/1622 928/1621 857/692
f 3059/730 533/729 532/1789 3104/3555
f 3154/3557 395/725 396/726 3159/3556
f 861/3558 966/325 965/723 860/722
f 859/698 930/724 929/1622 858/699
f 3149/3559 394/717 395/721 3154/3560
f 920/711 921/710 926/720 925/782
f 2826/3561 2790/198 966/325 861/3558
f 3134/3562 391/707 394/717 3149/3559
f 2804/705 862/704 923/716 2768/778
f 919/714 920/711 925/782 924/715
f 3143/3543 392/712 393/713 3144/3517
f 1802/788 1114/708 920/711 919/714
f 1113/709 1112/792 922/718 921/710
f 3133/3563 390/706 391/707 3134/3562
f 1070/3533 1069/3493 861/3558 860/722
f 1805/703 1802/788 919/714 862/704
f 3123/3550 388/700 389/701 3124/3511
f 1111/691 1110/696 858/699 857/692
f 1109/697 1070/3533 860/722 859/698
f 3113/3564 386/694 387/695 3114/3544
f 2826/3561 2791/3565 2755/199 2790/198
f 2803/3566 2804/705 2768/778 2767/1577
f 2808/3567 2809/3568 2773/209 2772/208
f 802/3569 2648/3525 2649/3526 803/3570
f 433/849 432/845 2652/1007 2647/3524
f 857/692 928/1621 2786/1630 2822/693
f 2797/3571 2798/3572 2762/401 2761/400
f 2814/3573 2815/3574 2779/1606 2778/3575
f 2812/3576 2813/3577 2777/3578 2776/3579
f 2810/3580 2811/3581 2775/3582 2774/3583
f 2818/3584 2819/3585 2783/1585 2782/3586
f 2816/3587 2817/3588 2781/3589 2780/1607
f 2802/3590 2803/3566 2767/1577 2766/1351
f 2821/3591 2822/693 2786/1630 2785/1629
f 2809/3568 2810/3580 2774/3583 2773/209
f 2791/3565 2792/3592 2756/1359 2755/199
f 2820/3593 2821/3591 2785/1629 2784/1586
f 2795/3594 2796/3595 2760/1609 2759/1378
f 2794/3596 2795/3594 2759/1378 2758/1377
f 2793/3597 2794/3598 2758/1367 2757/1360
f 2792/3592 2793/3597 2757/1360 2756/1359
f 2801/3599 2802/3590 2766/1351 2765/1345
f 2800/3600 2801/3599 2765/1345 2764/1344
f 2799/3601 2800/3602 2764/1337 2763/1331
f 2798/3572 2799/3601 2763/1331 2762/401
f 2817/3588 2818/3603 2782/3604 2781/3589
f 2819/3585 2820/3593 2784/1586 2783/1585
f 2811/3581 2812/3605 2776/3606 2775/3582
f 2813/3577 2814/3573 2778/3575 2777/3578
f 2815/3574 2816/3587 2780/1607 2779/1606
f 2796/3595 2797/3571 2761/400 2760/1609
f 825/3607 2650/809 2651/812 826/960
f 922/718 2808/3567 2772/208 927/719
f 803/3570 2649/3526 2650/809 825/3607
f 434/284 433/849 2647/3524 663/285
f 2648/3525 2653/1010 2654/908 2649/3526
f 2668/224 825/3607 826/960 2667/225
f 559/195 1804/194 2494/597 3528/265
f 2670/1536 802/3569 803/3570 2669/223
f 1112/792 2501/3494 2808/3567 922/718
f 2671/286 663/285 802/3569 2670/1536
f 2471/3434 2491/3482 2797/3571 2796/3595
f 2492/3479 2474/3478 2816/3587 2815/3574
f 2485/3454 2475/3453 2814/3573 2813/3577
f 2487/3463 2486/3462 2812/3605 2811/3581
f 2488/3466 2473/3415 2820/3593 2819/3585
f 2490/3475 2489/3474 2818/3603 2817/3588
f 2477/3440 2482/3439 2799/3601 2798/3572
f 2482/3439 2483/3443 2800/3602 2799/3601
f 2483/3448 2484/3447 2801/3599 2800/3600
f 2484/3447 2478/3407 2802/3590 2801/3599
f 2472/3408 2479/3422 2793/3597 2792/3592
f 2479/3422 2480/3425 2794/3598 2793/3597
f 2480/3431 2481/3430 2795/3594 2794/3596
f 2481/3430 2471/3434 2796/3595 2795/3594
f 2473/3415 2468/3414 2821/3591 2820/3593
f 2467/3409 2472/3408 2792/3592 2791/3565
f 2469/3398 2476/3397 2810/3580 2809/3568
f 2468/3414 2502/690 2822/693 2821/3591
f 2478/3407 2470/3406 2803/3566 2802/3590
f 2474/3478 2490/3475 2817/3588 2816/3587
f 2489/3469 2488/3466 2819/3585 2818/3584
f 2476/3397 2487/3463 2811/3581 2810/3580
f 2486/3457 2485/3454 2813/3577 2812/3576
f 2475/3453 2492/3479 2815/3574 2814/3573
f 2491/3482 2477/3440 2798/3572 2797/3571
f 1069/3493 2500/3492 2826/3561 861/3558
f 663/285 2647/3524 2648/3525 802/3569
f 2669/223 803/3570 825/3607 2668/224
f 2501/3494 2469/3398 2809/3568 2808/3567
f 2470/3406 2499/702 2804/705 2803/3566
f 2500/3492 2467/3409 2791/3565 2826/3561
f 2857/109 2856/112 2851/115 2852/110
f 2855/113 2854/640 2849/634 2850/114
f 2747/3519 2848/3608 2843/3609 2748/3527
f 2848/3608 2847/3610 2842/3611 2843/3609
f 2847/3610 2846/3612 2841/3613 2842/3611
f 2846/3612 2845/3614 2840/3615 2841/3613
f 2845/3614 2844/637 2839/633 2840/3615
f 973/154 2829/157 2858/108 2745/120
f 2829/157 2830/158 2857/109 2858/108
f 2830/158 2831/148 2856/112 2857/109
f 2831/148 2832/151 2855/113 2856/112
f 2832/151 2833/639 2854/640 2855/113
f 2746/121 2853/111 2848/3608 2747/3519
f 2853/111 2852/110 2847/3610 2848/3608
f 2852/110 2851/115 2846/3612 2847/3610
f 2851/115 2850/114 2845/3614 2846/3612
f 2850/114 2849/634 2844/637 2845/3614
f 2748/3527 2843/3609 2838/140 2749/825
f 2843/3609 2842/3611 2837/128 2838/140
f 2842/3611 2841/3613 2836/129 2837/128
f 2841/3613 2840/3615 2835/132 2836/129
f 2840/3615 2839/633 2834/133 2835/132
f 2805/646 515/3616 108/844 807/1153
f 515/3616 516/3617 109/174 108/844
f 516/3617 517/3618 110/171 109/174
f 517/3618 518/3619 111/180 110/171
f 518/3619 519/222 112/179 111/180
f 2789/649 780/167 515/3616 2805/646
f 780/167 781/161 516/3617 515/3616
f 781/161 782/160 517/3618 516/3617
f 782/160 783/164 518/3619 517/3618
f 783/164 784/163 519/222 518/3619
f 162/623 3038/3620 2998/1542 805/624
f 3038/3620 3037/3621 2997/3622 2998/1542
f 3037/3621 3036/3623 2996/3624 2997/3622
f 3036/3623 3035/3625 2995/3626 2996/3624
f 3035/3625 3034/900 2994/1578 2995/3626
f 548/680 484/679 2999/3627 3009/3628
f 3009/3628 2999/3627 3000/3629 3010/3630
f 3010/3630 3000/3629 3001/3631 3011/3632
f 3011/3632 3001/3631 3002/3633 3012/3634
f 3012/3634 3002/3633 3003/1539 3013/652
f 828/1469 721/1403 2863/3635 3004/3636
f 3004/3636 2863/3635 2862/3637 3005/3638
f 3005/3638 2862/3637 2861/3639 3006/3640
f 3006/3640 2861/3639 2860/3641 3007/3642
f 3007/3642 2860/3641 2859/995 3008/1226
f 450/902 357/580 2878/1404 2994/1578
f 2994/1578 2878/1404 2877/3643 2995/3626
f 2995/3626 2877/3643 2876/3644 2996/3624
f 2996/3624 2876/3644 2875/3645 2997/3622
f 2997/3622 2875/3645 2874/1543 2998/1542
f 484/679 361/591 2898/1412 2999/3627
f 2999/3627 2898/1412 2897/3646 3000/3629
f 3000/3629 2897/3646 2896/3647 3001/3631
f 3001/3631 2896/3647 2895/3648 3002/3633
f 3002/3633 2895/3648 2894/1540 3003/1539
f 165/613 3053/3649 3048/3650 164/618
f 3053/3649 3052/3651 3047/3652 3048/3650
f 3052/3651 3051/3653 3046/3654 3047/3652
f 3051/3653 3050/3655 3045/3656 3046/3654
f 3050/3655 3049/992 3044/897 3045/3656
f 804/663 725/1411 2883/3657 2989/660
f 2989/660 2883/3657 2882/3658 2990/3659
f 2990/3659 2882/3658 2881/3660 2991/3661
f 2991/3661 2881/3660 2880/3662 2992/3663
f 2992/3663 2880/3662 2879/1409 2993/1460
f 729/1419 2903/3664 2984/3665 746/1459
f 2903/3664 2902/3666 2985/3667 2984/3665
f 2902/3666 2901/3668 2986/3669 2985/3667
f 2901/3668 2900/3670 2987/3671 2986/3669
f 2900/3670 2899/1417 2988/1458 2987/3671
f 746/1459 2984/3665 2934/3672 736/1435
f 2984/3665 2985/3667 2935/3673 2934/3672
f 2985/3667 2986/3669 2936/3674 2935/3673
f 2986/3669 2987/3671 2937/3675 2936/3674
f 2987/3671 2988/1458 2938/1434 2937/3675
f 745/1457 2983/3676 2944/3677 738/1438
f 2983/3676 2982/3678 2945/3679 2944/3677
f 2982/3678 2981/3680 2946/3681 2945/3679
f 2981/3680 2980/3682 2947/3683 2946/3681
f 2980/3682 2979/1456 2948/1436 2947/3683
f 744/1455 2978/3684 2983/3676 745/1457
f 2978/3684 2977/3685 2982/3678 2983/3676
f 2977/3685 2976/3686 2981/3680 2982/3678
f 2976/3686 2975/3687 2980/3682 2981/3680
f 2975/3687 2974/1454 2979/1456 2980/3682
f 743/1453 2973/3688 2978/3684 744/1455
f 2973/3688 2972/3689 2977/3685 2978/3684
f 2972/3689 2971/3690 2976/3686 2977/3685
f 2971/3690 2970/3691 2975/3687 2976/3686
f 2970/3691 2969/1451 2974/1454 2975/3687
f 742/1452 2968/3692 2973/3688 743/1453
f 2968/3692 2967/3693 2972/3689 2973/3688
f 2967/3693 2966/3694 2971/3690 2972/3689
f 2966/3694 2965/3695 2970/3691 2971/3690
f 2965/3695 2964/1450 2969/1451 2970/3691
f 741/1447 2963/3696 2968/3697 742/1449
f 2963/3696 2962/3698 2967/3699 2968/3697
f 2962/3698 2961/3700 2966/3701 2967/3699
f 2961/3700 2960/3702 2965/3703 2966/3701
f 2960/3702 2959/1446 2964/1448 2965/3703
f 723/1407 2873/3704 2963/3696 741/1447
f 2873/3704 2872/3705 2962/3698 2963/3696
f 2872/3705 2871/3706 2961/3700 2962/3698
f 2871/3706 2870/3707 2960/3702 2961/3700
f 2870/3707 2869/1405 2959/1446 2960/3702
f 740/1445 2958/3708 2884/3709 726/1410
f 2958/3708 2957/3710 2885/3711 2884/3709
f 2957/3710 2956/3712 2886/3713 2885/3711
f 2956/3712 2955/3714 2887/3715 2886/3713
f 2955/3714 2954/1443 2888/1408 2887/3715
f 739/1444 2953/3716 2958/3708 740/1445
f 2953/3716 2952/3717 2957/3710 2958/3708
f 2952/3717 2951/3718 2956/3712 2957/3710
f 2951/3718 2950/3719 2955/3714 2956/3712
f 2950/3719 2949/1442 2954/1443 2955/3714
f 737/1439 2943/3720 2953/3721 739/1441
f 2943/3720 2942/3722 2952/3723 2953/3721
f 2942/3722 2941/3724 2951/3725 2952/3723
f 2941/3724 2940/3726 2950/3727 2951/3725
f 2940/3726 2939/1437 2949/1440 2950/3727
f 738/1438 2944/3677 2943/3720 737/1439
f 2944/3677 2945/3679 2942/3722 2943/3720
f 2945/3679 2946/3681 2941/3724 2942/3722
f 2946/3681 2947/3683 2940/3726 2941/3724
f 2947/3683 2948/1436 2939/1437 2940/3726
f 736/1435 2934/3672 2929/3728 735/1432
f 2934/3672 2935/3673 2930/3729 2929/3728
f 2935/3673 2936/3674 2931/3730 2930/3729
f 2936/3674 2937/3675 2932/3731 2931/3730
f 2937/3675 2938/1434 2933/1430 2932/3731
f 735/1432 2929/3728 2924/3732 734/1433
f 2929/3728 2930/3729 2925/3733 2924/3732
f 2930/3729 2931/3730 2926/3734 2925/3733
f 2931/3730 2932/3731 2927/3735 2926/3734
f 2932/3731 2933/1430 2928/1431 2927/3735
f 734/1429 2924/3736 2919/3737 733/1427
f 2924/3736 2925/3738 2920/3739 2919/3737
f 2925/3738 2926/3740 2921/3741 2920/3739
f 2926/3740 2927/3742 2922/3743 2921/3741
f 2927/3742 2928/1428 2923/1426 2922/3743
f 733/1427 2919/3737 2864/3744 722/1402
f 2919/3737 2920/3739 2865/3745 2864/3744
f 2920/3739 2921/3741 2866/3746 2865/3745
f 2921/3741 2922/3743 2867/3747 2866/3746
f 2922/3743 2923/1426 2868/994 2867/3747
f 727/1415 2893/3748 2914/3749 732/1424
f 2893/3748 2892/3750 2915/3751 2914/3749
f 2892/3750 2891/3752 2916/3753 2915/3751
f 2891/3752 2890/3754 2917/3755 2916/3753
f 2890/3754 2889/1413 2918/1422 2917/3755
f 732/1424 2914/3749 2909/3756 731/1425
f 2914/3749 2915/3751 2910/3757 2909/3756
f 2915/3751 2916/3753 2911/3758 2910/3757
f 2916/3753 2917/3755 2912/3759 2911/3758
f 2917/3755 2918/1422 2913/1423 2912/3759
f 731/1421 2909/3760 2904/3761 730/1418
f 2909/3760 2910/3762 2905/3763 2904/3761
f 2910/3762 2911/3764 2906/3765 2905/3763
f 2911/3764 2912/3766 2907/3767 2906/3765
f 2912/3766 2913/1420 2908/1416 2907/3767
f 730/1418 2904/3761 2903/3664 729/1419
f 2904/3761 2905/3763 2902/3666 2903/3664
f 2905/3763 2906/3765 2901/3668 2902/3666
f 2906/3765 2907/3767 2900/3670 2901/3668
f 2907/3767 2908/1416 2899/1417 2900/3670
f 728/1414 2894/1540 2893/3748 727/1415
f 2894/1540 2895/3648 2892/3750 2893/3748
f 2895/3648 2896/3647 2891/3752 2892/3750
f 2896/3647 2897/3646 2890/3754 2891/3752
f 2897/3646 2898/1412 2889/1413 2890/3754
f 726/1410 2884/3709 2883/3657 725/1411
f 2884/3709 2885/3711 2882/3658 2883/3657
f 2885/3711 2886/3713 2881/3660 2882/3658
f 2886/3713 2887/3715 2880/3662 2881/3660
f 2887/3715 2888/1408 2879/1409 2880/3662
f 724/1406 2874/1543 2873/3704 723/1407
f 2874/1543 2875/3645 2872/3705 2873/3704
f 2875/3645 2876/3644 2871/3706 2872/3705
f 2876/3644 2877/3643 2870/3707 2871/3706
f 2877/3643 2878/1404 2869/1405 2870/3707
f 828/1469 3004/3636 3058/3768 166/612
f 3004/3636 3005/3638 3057/3769 3058/3768
f 3005/3638 3006/3640 3056/3770 3057/3769
f 3006/3640 3007/3642 3055/3771 3056/3770
f 3007/3642 3008/1226 3054/991 3055/3771
f 544/1788 545/1786 3024/3772 3029/3773
f 3029/3773 3024/3772 3025/3774 3030/3775
f 3030/3775 3025/3774 3026/3776 3031/3777
f 3031/3777 3026/3776 3027/3778 3032/3779
f 3032/3779 3027/3778 3028/656 3033/661
f 546/1785 547/1793 3014/3780 3019/3781
f 3019/3781 3014/3780 3015/3782 3020/3783
f 3020/3783 3015/3782 3016/3784 3021/3785
f 3021/3785 3016/3784 3017/3786 3022/3787
f 3022/3787 3017/3786 3018/651 3023/657
f 722/1402 2864/3744 2863/3635 721/1403
f 2864/3744 2865/3745 2862/3637 2863/3635
f 2865/3745 2866/3746 2861/3639 2862/3637
f 2866/3746 2867/3747 2860/3641 2861/3639
f 2867/3747 2868/994 2859/995 2860/3641
f 166/612 3058/3768 3053/3649 165/613
f 3058/3768 3057/3769 3052/3651 3053/3649
f 3057/3769 3056/3770 3051/3653 3052/3651
f 3056/3770 3055/3771 3050/3655 3051/3653
f 3055/3771 3054/991 3049/992 3050/3655
f 163/619 3043/3788 3038/3620 162/623
f 3043/3788 3042/3789 3037/3621 3038/3620
f 3042/3789 3041/3790 3036/3623 3037/3621
f 3041/3790 3040/3791 3035/3625 3036/3623
f 3040/3791 3039/898 3034/900 3035/3625
f 164/618 3048/3650 3043/3788 163/619
f 3048/3650 3047/3652 3042/3789 3043/3788
f 3047/3652 3046/3654 3041/3790 3042/3789
f 3046/3654 3045/3656 3040/3791 3041/3790
f 3045/3656 3044/897 3039/898 3040/3791
f 449/899 544/1788 3029/3773 2993/1460
f 2993/1460 3029/3773 3030/3775 2992/3663
f 2992/3663 3030/3775 3031/3777 2991/3661
f 2991/3661 3031/3777 3032/3779 2990/3659
f 2990/3659 3032/3779 3033/661 2989/660
f 545/1786 546/1785 3019/3781 3024/3772
f 3024/3772 3019/3781 3020/3783 3025/3774
f 3025/3774 3020/3783 3021/3785 3026/3776
f 3026/3776 3021/3785 3022/3787 3027/3778
f 3027/3778 3022/3787 3023/657 3028/656
f 547/1793 548/680 3009/3628 3014/3780
f 3014/3780 3009/3628 3010/3630 3015/3782
f 3015/3782 3010/3630 3011/3632 3016/3784
f 3016/3784 3011/3632 3012/3634 3017/3786
f 3017/3786 3012/3634 3013/652 3018/651
f 872/1638 3109/3515 3118/3792 885/1639
f 3109/3515 3110/3793 3117/3794 3118/3792
f 3110/3793 3111/3795 3116/3796 3117/3794
f 3111/3795 3112/3797 3115/3798 3116/3796
f 3112/3797 3113/3564 3114/3544 3115/3798
f 890/1640 3119/3799 3128/3800 873/1641
f 3119/3799 3120/3801 3127/3802 3128/3800
f 3120/3801 3121/3803 3126/3804 3127/3802
f 3121/3803 3122/3805 3125/3806 3126/3804
f 3122/3805 3123/3550 3124/3511 3125/3806
f 868/1654 3129/3513 3138/3807 877/1655
f 3129/3513 3130/3808 3137/3809 3138/3807
f 3130/3808 3131/3810 3136/3811 3137/3809
f 3131/3810 3132/3812 3135/3813 3136/3811
f 3132/3812 3133/3563 3134/3562 3135/3813
f 880/1662 3139/3814 3148/3815 869/1663
f 3139/3814 3140/3816 3147/3817 3148/3815
f 3140/3816 3141/3818 3146/3819 3147/3817
f 3141/3818 3142/3820 3145/3821 3146/3819
f 3142/3820 3143/3543 3144/3517 3145/3821
f 877/1655 3138/3807 3153/3822 891/1664
f 3138/3807 3137/3809 3152/3823 3153/3822
f 3137/3809 3136/3811 3151/3824 3152/3823
f 3136/3811 3135/3813 3150/3825 3151/3824
f 3135/3813 3134/3562 3149/3559 3150/3825
f 891/1664 3153/3822 3158/3826 893/1669
f 3153/3822 3152/3823 3157/3827 3158/3826
f 3152/3823 3151/3824 3156/3828 3157/3827
f 3151/3824 3150/3825 3155/3829 3156/3828
f 3150/3825 3149/3559 3154/3560 3155/3829
f 893/1674 3158/3830 3163/3831 895/1675
f 3158/3830 3157/3832 3162/3833 3163/3831
f 3157/3832 3156/3834 3161/3835 3162/3833
f 3156/3834 3155/3836 3160/3837 3161/3835
f 3155/3836 3154/3557 3159/3556 3160/3837
f 89/854 3063/3838 3108/3839 90/106
f 3063/3838 3062/3840 3107/3841 3108/3839
f 3062/3840 3061/3842 3106/3843 3107/3841
f 3061/3842 3060/3844 3105/3845 3106/3843
f 3060/3844 3059/730 3104/3555 3105/3845
f 895/1675 3163/3831 3168/3846 875/1684
f 3163/3831 3162/3833 3167/3847 3168/3846
f 3162/3833 3161/3835 3166/3848 3167/3847
f 3161/3835 3160/3837 3165/3849 3166/3848
f 3160/3837 3159/3556 3164/3528 3165/3849
f 92/100 3073/3850 3103/3851 93/101
f 3073/3850 3072/3852 3102/3853 3103/3851
f 3072/3852 3071/3854 3101/3855 3102/3853
f 3071/3854 3070/3856 3100/3857 3101/3855
f 3070/3856 3069/735 3099/3522 3100/3857
f 90/106 3108/3839 3068/3858 91/104
f 3108/3839 3107/3841 3067/3859 3068/3858
f 3107/3841 3106/3843 3066/3860 3067/3859
f 3106/3843 3105/3845 3065/3861 3066/3860
f 3105/3845 3104/3555 3064/732 3065/3861
f 888/1689 3169/3862 3178/3863 897/1690
f 3169/3862 3170/3864 3177/3865 3178/3863
f 3170/3864 3171/3866 3176/3867 3177/3865
f 3171/3866 3172/3868 3175/3869 3176/3867
f 3172/3868 3173/3531 3174/3553 3175/3869
f 85/1231 3093/3870 3088/3871 86/1563
f 3093/3870 3092/3872 3087/3873 3088/3871
f 3092/3872 3091/3874 3086/3875 3087/3873
f 3091/3874 3090/3876 3085/3877 3086/3875
f 3090/3876 3089/741 3084/3552 3085/3877
f 932/1782 3258/3878 3098/3879 84/1232
f 3258/3878 3257/3880 3097/3881 3098/3879
f 3257/3880 3256/3882 3096/3883 3097/3881
f 3256/3882 3255/3884 3095/3885 3096/3883
f 3255/3884 3254/3512 3094/738 3095/3885
f 897/1690 3178/3863 3183/3886 899/1699
f 3178/3863 3177/3865 3182/3887 3183/3886
f 3177/3865 3176/3867 3181/3888 3182/3887
f 3176/3867 3175/3869 3180/3889 3181/3888
f 3175/3869 3174/3553 3179/3554 3180/3889
f 86/1563 3088/3871 3083/3890 87/901
f 3088/3871 3087/3873 3082/3891 3083/3890
f 3087/3873 3086/3875 3081/3892 3082/3891
f 3086/3875 3085/3877 3080/3893 3081/3892
f 3085/3877 3084/3552 3079/743 3080/3893
f 899/1704 3183/3894 3188/3895 901/1705
f 3183/3894 3182/3896 3187/3897 3188/3895
f 3182/3896 3181/3898 3186/3899 3187/3897
f 3181/3898 3180/3900 3185/3901 3186/3899
f 3180/3900 3179/3551 3184/3549 3185/3901
f 901/1705 3188/3895 3119/3799 890/1640
f 3188/3895 3187/3897 3120/3801 3119/3799
f 3187/3897 3186/3899 3121/3803 3120/3801
f 3186/3899 3185/3901 3122/3805 3121/3803
f 3185/3901 3184/3549 3123/3550 3122/3805
f 904/1714 3189/3902 3198/3903 883/1715
f 3189/3902 3190/3904 3197/3905 3198/3903
f 3190/3904 3191/3906 3196/3907 3197/3905
f 3191/3906 3192/3908 3195/3909 3196/3907
f 3192/3908 3193/3548 3194/3537 3195/3909
f 906/1724 3199/3910 3189/3902 904/1714
f 3199/3910 3200/3911 3190/3904 3189/3902
f 3200/3911 3201/3912 3191/3906 3190/3904
f 3201/3912 3202/3913 3192/3908 3191/3906
f 3202/3913 3203/3547 3193/3548 3192/3908
f 908/1729 3204/3914 3199/3915 906/1730
f 3204/3914 3205/3916 3200/3917 3199/3915
f 3205/3916 3206/3918 3201/3919 3200/3917
f 3206/3918 3207/3920 3202/3921 3201/3919
f 3207/3920 3208/3545 3203/3546 3202/3921
f 885/1639 3118/3792 3204/3914 908/1729
f 3118/3792 3117/3794 3205/3916 3204/3914
f 3117/3794 3116/3796 3206/3918 3205/3916
f 3116/3796 3115/3798 3207/3920 3206/3918
f 3115/3798 3114/3544 3208/3545 3207/3920
f 910/1739 3209/3922 3139/3814 880/1662
f 3209/3922 3210/3923 3140/3816 3139/3814
f 3210/3923 3211/3924 3141/3818 3140/3816
f 3211/3924 3212/3925 3142/3820 3141/3818
f 3212/3925 3213/3542 3143/3543 3142/3820
f 912/1744 3214/3926 3209/3922 910/1739
f 3214/3926 3215/3927 3210/3923 3209/3922
f 3215/3927 3216/3928 3211/3924 3210/3923
f 3216/3928 3217/3929 3212/3925 3211/3924
f 3217/3929 3218/3541 3213/3542 3212/3925
f 914/1749 3219/3930 3214/3931 912/1750
f 3219/3930 3220/3932 3215/3933 3214/3931
f 3220/3932 3221/3934 3216/3935 3215/3933
f 3221/3934 3222/3936 3217/3937 3216/3935
f 3222/3936 3223/3538 3218/3539 3217/3937
f 882/1759 3224/3938 3219/3930 914/1749
f 3224/3938 3225/3939 3220/3932 3219/3930
f 3225/3939 3226/3940 3221/3934 3220/3932
f 3226/3940 3227/3941 3222/3936 3221/3934
f 3227/3941 3228/3535 3223/3538 3222/3936
f 883/1715 3198/3903 3233/3942 917/1768
f 3198/3903 3197/3905 3232/3943 3233/3942
f 3197/3905 3196/3907 3231/3944 3232/3943
f 3196/3907 3195/3909 3230/3945 3231/3944
f 3195/3909 3194/3537 3229/3534 3230/3945
f 917/1768 3233/3942 3224/3938 882/1759
f 3233/3942 3232/3943 3225/3939 3224/3938
f 3232/3943 3231/3944 3226/3940 3225/3939
f 3231/3944 3230/3945 3227/3941 3226/3940
f 3230/3945 3229/3534 3228/3535 3227/3941
f 916/1773 3234/3946 3169/3862 888/1689
f 3234/3946 3235/3947 3170/3864 3169/3862
f 3235/3947 3236/3948 3171/3866 3170/3864
f 3236/3948 3237/3949 3172/3868 3171/3866
f 3237/3949 3238/3529 3173/3531 3172/3868
f 875/1684 3168/3846 3234/3946 916/1773
f 3168/3846 3167/3847 3235/3947 3234/3946
f 3167/3847 3166/3848 3236/3948 3235/3947
f 3166/3848 3165/3849 3237/3949 3236/3948
f 3165/3849 3164/3528 3238/3529 3237/3949
f 93/101 3103/3851 3243/3514 933/1795
f 3103/3851 3102/3853 3242/3950 3243/3514
f 3102/3853 3101/3855 3241/3951 3242/3950
f 3101/3855 3100/3857 3240/3952 3241/3951
f 3100/3857 3099/3522 3239/3523 3240/3952
f 88/64 3078/3953 3248/3516 935/61
f 3078/3953 3077/3954 3247/3955 3248/3516
f 3077/3954 3076/3956 3246/3957 3247/3955
f 3076/3956 3075/3958 3245/3959 3246/3957
f 3075/3958 3074/746 3244/3521 3245/3959
f 869/1663 3148/3815 3253/3960 938/858
f 3148/3815 3147/3817 3252/3961 3253/3960
f 3147/3817 3146/3819 3251/3962 3252/3961
f 3146/3819 3145/3821 3250/3963 3251/3962
f 3145/3821 3144/3517 3249/727 3250/3963
f 386/694 3113/3564 3244/3521 486/1004
f 3113/3564 3112/3797 3245/3959 3244/3521
f 3112/3797 3111/3795 3246/3957 3245/3959
f 3111/3795 3110/3793 3247/3955 3246/3957
f 3110/3793 3109/3515 3248/3516 3247/3955
f 390/706 3133/3563 3239/3523 452/921
f 3133/3563 3132/3812 3240/3952 3239/3523
f 3132/3812 3131/3810 3241/3951 3240/3952
f 3131/3810 3130/3808 3242/3950 3241/3951
f 3130/3808 3129/3513 3243/3514 3242/3950
f 873/1641 3128/3800 3258/3878 932/1782
f 3128/3800 3127/3802 3257/3880 3258/3878
f 3127/3802 3126/3804 3256/3882 3257/3880
f 3126/3804 3125/3806 3255/3884 3256/3882
f 3125/3806 3124/3511 3254/3512 3255/3884
f 87/901 3083/3890 3078/3953 88/64
f 3083/3890 3082/3891 3077/3954 3078/3953
f 3082/3891 3081/3892 3076/3956 3077/3954
f 3081/3892 3080/3893 3075/3958 3076/3956
f 3080/3893 3079/743 3074/746 3075/3958
f 84/1232 3098/3879 3093/3870 85/1231
f 3098/3879 3097/3881 3092/3872 3093/3870
f 3097/3881 3096/3883 3091/3874 3092/3872
f 3096/3883 3095/3885 3090/3876 3091/3874
f 3095/3885 3094/738 3089/741 3090/3876
f 91/104 3068/3858 3073/3850 92/100
f 3068/3858 3067/3859 3072/3852 3073/3850
f 3067/3859 3066/3860 3071/3854 3072/3852
f 3066/3860 3065/3861 3070/3856 3071/3854
f 3065/3861 3064/732 3069/735 3070/3856
f 938/858 3253/3960 3063/3838 89/854
f 3253/3960 3252/3961 3062/3840 3063/3838
f 3252/3961 3251/3962 3061/3842 3062/3840
f 3251/3962 3250/3963 3060/3844 3061/3842
f 3250/3963 3249/727 3059/730 3060/3844
f 2770/351 3283/3964 3278/3965 2769/1777
f 3283/3964 3282/3966 3277/3967 3278/3965
f 3282/3966 3281/3968 3276/3969 3277/3967
f 3281/3968 3280/3970 3275/3971 3276/3969
f 3280/3970 3279/779 3274/3540 3275/3971
f 2741/1779 3268/3972 3263/3973 2740/1781
f 3268/3972 3267/3974 3262/3975 3263/3973
f 3267/3974 3266/3976 3261/3977 3262/3975
f 3266/3976 3265/3978 3260/3979 3261/3977
f 3265/3978 3264/783 3259/3497 3260/3979
f 2769/1777 3278/3965 3273/3980 2742/1778
f 3278/3965 3277/3967 3272/3981 3273/3980
f 3277/3967 3276/3969 3271/3982 3272/3981
f 3276/3969 3275/3971 3270/3983 3271/3982
f 3275/3971 3274/3540 3269/781 3270/3983
f 2740/1781 3263/3973 3378/3984 864/1631
f 3263/3973 3262/3975 3377/3985 3378/3984
f 3262/3975 3261/3977 3376/3986 3377/3985
f 3261/3977 3260/3979 3375/3987 3376/3986
f 3260/3979 3259/3497 3374/207 3375/3987
f 863/1616 3453/3988 3288/3989 2739/1617
f 3453/3988 3452/3990 3287/3991 3288/3989
f 3452/3990 3451/3992 3286/3993 3287/3991
f 3451/3992 3450/3994 3285/3995 3286/3993
f 3450/3994 3449/1627 3284/1620 3285/3995
f 2738/1626 3293/3996 3308/3997 2737/1619
f 3293/3996 3292/3998 3307/3999 3308/3997
f 3292/3998 3291/4000 3306/4001 3307/3999
f 3291/4000 3290/4002 3305/4003 3306/4001
f 3290/4002 3289/1623 3304/1625 3305/4003
f 863/1616 837/1392 3328/1391 3453/3988
f 3453/3988 3328/1391 3327/4004 3452/3990
f 3452/3990 3327/4004 3326/4005 3451/3992
f 3451/3992 3326/4005 3325/4006 3450/3994
f 3450/3994 3325/4006 3324/1628 3449/1627
f 2737/1619 3308/3997 3303/4007 2736/375
f 3308/3997 3307/3999 3302/4008 3303/4007
f 3307/3999 3306/4001 3301/4009 3302/4008
f 3306/4001 3305/4003 3300/4010 3301/4009
f 3305/4003 3304/1625 3299/1624 3300/4010
f 2736/375 3303/4007 3298/4011 2735/268
f 3303/4007 3302/4008 3297/4012 3298/4011
f 3302/4008 3301/4009 3296/4013 3297/4012
f 3301/4009 3300/4010 3295/4014 3296/4013
f 3300/4010 3299/1624 3294/324 3295/4014
f 2739/1617 3288/3989 3293/3996 2738/1626
f 3288/3989 3287/3991 3292/3998 3293/3996
f 3287/3991 3286/3993 3291/4000 3292/3998
f 3286/3993 3285/3995 3290/4002 3291/4000
f 3285/3995 3284/1620 3289/1623 3290/4002
f 856/1615 839/1385 3333/1384 3403/4015
f 3403/4015 3333/1384 3332/4016 3402/4017
f 3402/4017 3332/4016 3331/4018 3401/4019
f 3401/4019 3331/4018 3330/4020 3400/4021
f 3400/4021 3330/4020 3329/1608 3399/399
f 848/496 855/419 3373/418 3443/497
f 3443/497 3373/418 3372/4022 3442/4023
f 3442/4023 3372/4022 3371/4024 3441/4025
f 3441/4025 3371/4024 3370/4026 3440/4027
f 3440/4027 3370/4026 3369/1605 3439/1604
f 2778/3575 3364/4028 3359/4029 2777/3578
f 3364/4028 3365/4030 3360/4031 3359/4029
f 3365/4030 3366/4032 3361/4033 3360/4031
f 3366/4032 3367/4034 3362/4035 3361/4033
f 3367/4034 3368/421 3363/438 3362/4035
f 2776/3606 3354/4036 3349/4037 2775/3582
f 3354/4036 3355/4038 3350/4039 3349/4037
f 3355/4038 3356/4040 3351/4041 3350/4039
f 3356/4040 3357/4042 3352/4043 3351/4041
f 3357/4042 3358/1591 3353/457 3352/4043
f 838/1393 850/478 3348/477 3448/1394
f 3448/1394 3348/477 3347/4044 3447/4045
f 3447/4045 3347/4044 3346/4046 3446/4047
f 3446/4047 3346/4046 3345/4048 3445/4049
f 3445/4049 3345/4048 3344/1584 3444/1583
f 2782/3604 3339/4050 3334/4051 2781/3589
f 3339/4050 3340/4052 3335/4053 3334/4051
f 3340/4052 3341/4054 3336/4055 3335/4053
f 3341/4054 3342/4056 3337/4057 3336/4055
f 3342/4056 3343/1579 3338/494 3337/4057
f 866/350 831/1572 3313/1571 3433/4058
f 3433/4058 3313/1571 3312/4059 3432/4060
f 3432/4060 3312/4059 3311/4061 3431/4062
f 3431/4062 3311/4061 3310/4063 3430/4064
f 3430/4064 3310/4063 3309/1576 3429/777
f 2767/1577 3309/1576 3424/1350 2766/1351
f 3309/1576 3310/4063 3425/4065 3424/1350
f 3310/4063 3311/4061 3426/4066 3425/4065
f 3311/4061 3312/4059 3427/4067 3426/4066
f 3312/4059 3313/1571 3428/1574 3427/4067
f 2774/3583 3314/4068 3434/206 2773/209
f 3314/4068 3315/4069 3435/4070 3434/206
f 3315/4069 3316/4071 3436/4072 3435/4070
f 3316/4071 3317/4073 3437/4074 3436/4072
f 3317/4073 3318/460 3438/1538 3437/4074
f 2756/1359 3319/1358 3458/196 2755/199
f 3319/1358 3320/4075 3457/4076 3458/196
f 3320/4075 3321/4077 3456/4078 3457/4076
f 3321/4077 3322/4079 3455/4080 3456/4078
f 3322/4079 3323/1398 3454/1401 3455/4080
f 2785/1629 3324/1628 3444/1583 2784/1586
f 3324/1628 3325/4006 3445/4049 3444/1583
f 3325/4006 3326/4005 3446/4047 3445/4049
f 3326/4005 3327/4004 3447/4045 3446/4047
f 3327/4004 3328/1391 3448/1394 3447/4045
f 2760/1609 3329/1608 3394/1375 2759/1378
f 3329/1608 3330/4020 3395/4081 3394/1375
f 3330/4020 3331/4018 3396/4082 3395/4081
f 3331/4018 3332/4016 3397/4083 3396/4082
f 3332/4016 3333/1384 3398/1387 3397/4083
f 840/1386 841/1588 3393/4084 3398/1387
f 3398/1387 3393/4084 3392/4085 3397/4083
f 3397/4083 3392/4085 3391/4086 3396/4082
f 3396/4082 3391/4086 3390/4087 3395/4081
f 3395/4081 3390/4087 3389/1376 3394/1375
f 841/1590 842/1589 3388/4088 3393/4089
f 3393/4089 3388/4088 3387/4090 3392/4091
f 3392/4091 3387/4090 3386/4092 3391/4093
f 3391/4093 3386/4092 3385/4094 3390/4095
f 3390/4095 3385/4094 3384/1357 3389/1366
f 842/1589 835/1399 3323/1398 3388/4088
f 3388/4088 3323/1398 3322/4079 3387/4090
f 3387/4090 3322/4079 3321/4077 3386/4092
f 3386/4092 3321/4077 3320/4075 3385/4094
f 3385/4094 3320/4075 3319/1358 3384/1357
f 832/1573 843/1593 3423/4096 3428/1574
f 3428/1574 3423/4096 3422/4097 3427/4067
f 3427/4067 3422/4097 3421/4098 3426/4066
f 3426/4066 3421/4098 3420/4099 3425/4065
f 3425/4065 3420/4099 3419/1342 3424/1350
f 843/1593 844/1594 3418/4100 3423/4096
f 3423/4096 3418/4100 3417/4101 3422/4097
f 3422/4097 3417/4101 3416/4102 3421/4098
f 3421/4098 3416/4102 3415/4103 3420/4099
f 3420/4099 3415/4103 3414/1343 3419/1342
f 844/1598 845/1597 3413/4104 3418/4105
f 3418/4105 3413/4104 3412/4106 3417/4107
f 3417/4107 3412/4106 3411/4108 3416/4109
f 3416/4109 3411/4108 3410/4110 3415/4111
f 3415/4111 3410/4110 3409/1330 3414/1336
f 845/1597 846/1600 3408/4112 3413/4104
f 3413/4104 3408/4112 3407/4113 3412/4106
f 3412/4106 3407/4113 3406/4114 3411/4108
f 3411/4108 3406/4114 3405/4115 3410/4110
f 3410/4110 3405/4115 3404/398 3409/1330
f 2742/1778 3273/3980 3268/3972 2741/1779
f 3273/3980 3272/3981 3267/3974 3268/3972
f 3272/3981 3271/3982 3266/3976 3267/3974
f 3271/3982 3270/3983 3265/3978 3266/3976
f 3270/3983 3269/781 3264/783 3265/3978
f 866/350 3433/4058 3283/3964 2770/351
f 3433/4058 3432/4060 3282/3966 3283/3964
f 3432/4060 3431/4062 3281/3968 3282/3966
f 3431/4062 3430/4064 3280/3970 3281/3968
f 3430/4064 3429/777 3279/779 3280/3970
f 2781/3589 3334/4051 3439/1604 2780/1607
f 3334/4051 3335/4053 3440/4027 3439/1604
f 3335/4053 3336/4055 3441/4025 3440/4027
f 3336/4055 3337/4057 3442/4023 3441/4025
f 3337/4057 3338/494 3443/497 3442/4023
f 2783/1585 3344/1584 3339/4116 2782/3586
f 3344/1584 3345/4048 3340/4117 3339/4116
f 3345/4048 3346/4046 3341/4118 3340/4117
f 3346/4046 3347/4044 3342/4119 3341/4118
f 3347/4044 3348/477 3343/480 3342/4119
f 2775/3582 3349/4037 3314/4068 2774/3583
f 3349/4037 3350/4039 3315/4069 3314/4068
f 3350/4039 3351/4041 3316/4071 3315/4069
f 3351/4041 3352/4043 3317/4073 3316/4071
f 3352/4043 3353/457 3318/460 3317/4073
f 2777/3578 3359/4029 3354/4120 2776/3579
f 3359/4029 3360/4031 3355/4121 3354/4120
f 3360/4031 3361/4033 3356/4122 3355/4121
f 3361/4033 3362/4035 3357/4123 3356/4122
f 3362/4035 3363/438 3358/441 3357/4123
f 2779/1606 3369/1605 3364/4028 2778/3575
f 3369/1605 3370/4026 3365/4030 3364/4028
f 3370/4026 3371/4024 3366/4032 3365/4030
f 3371/4024 3372/4022 3367/4034 3366/4032
f 3372/4022 3373/418 3368/421 3367/4034
f 846/1600 856/1615 3403/4015 3408/4112
f 3408/4112 3403/4015 3402/4017 3407/4113
f 3407/4113 3402/4017 3401/4019 3406/4114
f 3406/4114 3401/4019 3400/4021 3405/4115
f 3405/4115 3400/4021 3399/399 3404/398
f 2735/268 3298/4011 3383/4124 865/269
f 3298/4011 3297/4012 3382/4125 3383/4124
f 3297/4012 3296/4013 3381/4126 3382/4125
f 3296/4013 3295/4014 3380/4127 3381/4126
f 3295/4014 3294/324 3379/197 3380/4127
f 834/1537 864/1631 3378/3984 3438/1538
f 3438/1538 3378/3984 3377/3985 3437/4074
f 3437/4074 3377/3985 3376/3986 3436/4072
f 3436/4072 3376/3986 3375/3987 3435/4070
f 3435/4070 3375/3987 3374/207 3434/206
f 836/1400 865/269 3383/4124 3454/1401
f 3454/1401 3383/4124 3382/4125 3455/4080
f 3455/4080 3382/4125 3381/4126 3456/4078
f 3456/4078 3381/4126 3380/4127 3457/4076
f 3457/4076 3380/4127 3379/197 3458/196
f 296/413 301/412 302/1326 297/1332
f 298/417 3474/416 3475/894 299/425
f 299/425 3475/894 3476/1833 300/411
f 300/411 3476/1833 3477/1836 301/412
f 301/412 3477/1836 3478/1327 302/1326
f 490/1014 508/1033 308/4128 303/570
f 303/570 308/4128 309/4129 304/571
f 304/571 309/4129 310/4130 305/982
f 305/982 310/4130 311/4131 306/1070
f 306/1070 311/4131 312/1321 307/1150
f 508/1033 509/1034 313/4132 308/4128
f 308/4128 313/4132 314/4133 309/4129
f 309/4129 314/4133 315/4134 310/4130
f 310/4130 315/4134 316/4135 311/4131
f 311/4131 316/4135 317/1322 312/1321
f 509/1037 510/1036 318/4136 313/4137
f 313/4137 318/4136 319/4138 314/4139
f 314/4139 319/4138 320/4140 315/4141
f 315/4141 320/4140 321/4142 316/4143
f 316/4143 321/4142 322/1314 317/1319
f 510/1036 511/1040 323/4144 318/4136
f 318/4136 323/4144 324/4145 319/4138
f 319/4138 324/4145 325/4146 320/4140
f 320/4140 325/4146 326/4147 321/4142
f 321/4142 326/4147 327/1312 322/1314
f 511/1040 512/1043 328/4148 323/4144
f 323/4144 328/4148 329/4149 324/4145
f 324/4145 329/4149 330/4150 325/4146
f 325/4146 330/4150 331/4151 326/4147
f 326/4147 331/4151 332/1307 327/1312
f 512/1043 505/449 3469/442 328/4148
f 328/4148 3469/442 3470/443 329/4149
f 329/4149 3470/443 3471/444 330/4150
f 330/4150 3471/444 3472/434 331/4151
f 331/4151 3472/434 3473/435 332/1307
f 1801/1145 1800/1363 642/1065 273/547
f 273/547 642/1065 641/896 274/544
f 274/544 641/896 640/895 275/543
f 275/543 640/895 639/257 276/540
f 276/540 639/257 638/256 277/550
f 513/1044 503/451 3464/454 3459/4152
f 3459/4152 3464/454 3465/455 3460/4153
f 3460/4153 3465/455 3466/445 3461/4154
f 3461/4154 3466/445 3467/448 3462/4155
f 3462/4155 3467/448 3468/1022 3463/1300
f 496/1020 513/1044 3459/4152 333/524
f 333/524 3459/4152 3460/4153 334/517
f 334/517 3460/4153 3461/4154 335/518
f 335/518 3461/4154 3462/4155 443/519
f 443/519 3462/4155 3463/1300 444/520
f 1813/605 657/628 282/1564 2493/1144
f 657/628 656/1147 281/1568 282/1564
f 656/1147 655/274 280/1569 281/1568
f 655/274 654/273 279/1794 280/1569
f 654/273 653/1149 278/1255 279/1794
f 1808/607 652/546 662/988 1811/608
f 652/546 651/545 661/989 662/988
f 651/545 650/542 660/1066 661/989
f 650/542 649/541 659/1775 660/1066
f 649/541 648/551 658/1074 659/1775
f 470/262 3519/528 3529/4156 436/242
f 3519/528 3520/527 3530/4157 3529/4156
f 3520/527 3521/530 3531/4158 3530/4157
f 3521/530 3522/523 3532/4159 3531/4158
f 3522/523 3523/522 3533/200 3532/4159
f 1810/602 1809/1354 478/2867 258/1041
f 258/1041 478/2867 448/1835 259/533
f 259/533 448/1835 447/1834 260/534
f 260/534 447/1834 446/893 261/539
f 261/539 446/893 445/891 262/536
f 436/242 3529/4156 3534/887 435/228
f 3529/4156 3530/4157 3535/888 3534/887
f 3530/4157 3531/4158 3536/1048 3535/888
f 3531/4158 3532/4159 3537/548 3536/1048
f 3532/4159 3533/200 3538/203 3537/548
f 493/1017 272/986 549/886 522/885
f 272/986 271/987 556/1064 549/886
f 271/987 270/1839 557/630 556/1064
f 270/1839 269/1233 558/264 557/630
f 269/1233 268/192 559/195 558/264
f 2354/1374 3672/1373 3667/2078 2355/2378
f 3671/1379 3670/2079 3665/4160 3666/2077
f 3670/2079 3669/1383 3664/4161 3665/4160
f 3669/1383 3668/1382 3663/2260 3664/4161
f 2355/2378 3667/2078 3612/4162 2356/1948
f 3667/2078 3666/2077 3611/4163 3612/4162
f 3666/2077 3665/4160 3610/4164 3611/4163
f 3665/4160 3664/4161 3609/4165 3610/4164
f 3664/4161 3663/2260 3608/1877 3609/4165
f 1287/2180 199/4166 3543/2248 1308/2247
f 199/4166 200/4167 3544/4168 3543/2248
f 200/4167 201/4169 3545/4170 3544/4168
f 201/4169 202/4171 3546/4172 3545/4170
f 202/4171 203/2216 3547/2255 3546/4172
f 1202/1933 1138/4173 3547/2255 1312/2250
f 1138/4173 1139/4174 3546/4172 3547/2255
f 1139/4174 1142/4175 3545/4170 3546/4172
f 1142/4175 1145/4176 3544/4168 3545/4170
f 1145/4176 1148/1876 3543/2248 3544/4168
f 1288/1907 198/1924 208/2208 1286/2187
f 198/1924 3539/4177 207/4178 208/2208
f 3539/4177 3540/4179 206/4180 207/4178
f 3540/4179 3541/4181 205/4182 206/4180
f 3541/4181 3542/2224 204/2225 205/4182
f 2463/2179 3642/2238 199/4166 1287/2180
f 3642/2238 3641/2236 200/4167 199/4166
f 3641/2236 3640/2231 201/4169 200/4167
f 3640/2231 3639/2232 202/4171 201/4169
f 3639/2232 3638/2215 203/2216 202/4171
f 2428/2134 3617/1922 204/2225 1280/2135
f 3617/1922 3616/1921 205/4182 204/2225
f 3616/1921 3615/1956 206/4180 205/4182
f 3615/1956 3614/1966 207/4178 206/4180
f 3614/1966 3613/1963 208/2208 207/4178
f 3927/2192 3957/4183 213/2122 1263/2123
f 3957/4183 3962/4184 212/4185 213/2122
f 3962/4184 3967/4186 211/4187 212/4185
f 3967/4186 3972/4188 210/4189 211/4187
f 3972/4188 3977/2129 209/2132 210/4189
f 1254/2131 2432/2164 3662/2001 209/2132
f 209/2132 3662/2001 3661/2000 210/4189
f 210/4189 3661/2000 3660/295 211/4187
f 211/4187 3660/295 3659/294 212/4185
f 212/4185 3659/294 3658/404 213/2122
f 3872/2138 3982/4190 218/4191 1253/2139
f 3982/4190 3987/4192 217/4193 218/4191
f 3987/4192 3992/4194 216/4195 217/4193
f 3992/4194 3997/4196 215/4197 216/4195
f 3997/4196 4002/2107 214/2104 215/4197
f 2427/2205 1253/2139 218/4191 3633/2144
f 3633/2144 218/4191 217/4193 3634/2145
f 3634/2145 217/4193 216/4195 3635/2221
f 3635/2221 216/4195 215/4197 3636/2226
f 3636/2226 215/4197 214/2104 3637/2103
f 1378/2049 1228/2048 1126/4198 1129/2073
f 1129/2073 1126/4198 1125/4199 1132/291
f 1132/291 1125/4199 1124/4200 1133/292
f 1133/292 1124/4200 1121/4201 1134/1534
f 1134/1534 1121/4201 477/1967 1135/299
f 1231/2043 249/4202 244/1892 1383/1891
f 249/4202 250/4203 245/1890 244/1892
f 250/4203 251/4204 246/1857 245/1890
f 251/4204 252/4205 247/1858 246/1857
f 252/4205 253/1989 248/1930 247/1858
f 1379/2042 437/357 249/4202 1231/2043
f 437/357 257/356 250/4203 249/4202
f 257/356 256/1389 251/4204 250/4203
f 256/1389 255/364 252/4205 251/4204
f 255/364 254/363 253/1989 252/4205
f 1214/874 1185/1936 1251/4206 1194/875
f 1194/875 1251/4206 1268/4207 1199/4208
f 1199/4208 1268/4207 1269/4209 1200/4210
f 1200/4210 1269/4209 1270/4211 1201/4212
f 1201/4212 1270/4211 1277/1870 1219/1986
f 1228/2048 1381/2051 476/865 1126/4198
f 1126/4198 476/865 475/864 1125/4199
f 1125/4199 475/864 474/969 1124/4200
f 1124/4200 474/969 473/968 1121/4201
f 1121/4201 473/968 472/385 477/1967
f 1184/1929 1215/281 1193/280 1309/4213
f 1309/4213 1193/280 1192/4214 1306/4215
f 1306/4215 1192/4214 1179/4216 1305/4217
f 1305/4217 1179/4216 1177/4218 1304/4219
f 1304/4219 1177/4218 1176/1957 1301/1861
f 1190/1941 1183/1944 1294/4220 1243/2082
f 1243/2082 1294/4220 1295/4221 1244/1291
f 1244/1291 1295/4221 1296/4222 1245/860
f 1245/860 1296/4222 1299/4223 1249/861
f 1249/861 1299/4223 1300/1946 1250/1945
f 1195/868 239/4224 224/4225 1196/869
f 239/4224 240/4226 225/4227 224/4225
f 240/4226 241/4228 226/4229 225/4227
f 241/4228 242/4230 227/4231 226/4229
f 242/4230 243/1925 228/1868 227/4231
f 1292/1975 3542/2224 239/4224 1195/868
f 3542/2224 3541/4181 240/4226 239/4224
f 3541/4181 3540/4179 241/4228 240/4226
f 3540/4179 3539/4177 242/4230 241/4228
f 3539/4177 198/1924 243/1925 242/4230
f 1188/1951 1191/1949 1227/4232 1291/4233
f 1291/4233 1227/4232 1226/4234 1290/4235
f 1290/4235 1226/4234 1225/4236 1289/4237
f 1289/4237 1225/4236 1221/4238 1279/4239
f 1279/4239 1221/4238 1220/1880 1278/1912
f 2356/1948 3612/4162 1227/4232 1191/1949
f 3612/4162 3611/4163 1226/4234 1227/4232
f 3611/4163 3610/4164 1225/4236 1226/4234
f 3610/4164 3609/4165 1221/4238 1225/4236
f 3609/4165 3608/1877 1220/1880 1221/4238
f 1198/1932 234/4240 1138/4173 1202/1933
f 234/4240 235/4241 1139/4174 1138/4173
f 235/4241 236/4242 1142/4175 1139/4174
f 236/4242 237/4243 1145/4176 1142/4175
f 237/4243 238/1856 1148/1876 1145/4176
f 1185/1936 1188/1939 1291/4244 1251/4206
f 1251/4206 1291/4244 1290/4245 1268/4207
f 1268/4207 1290/4245 1289/4246 1269/4209
f 1269/4209 1289/4246 1279/4247 1270/4211
f 1270/4211 1279/4247 1278/1871 1277/1870
f 1196/869 224/4225 438/4248 1197/1954
f 224/4225 225/4227 439/4249 438/4248
f 225/4227 226/4229 440/4250 439/4249
f 226/4229 227/4231 441/4251 440/4250
f 227/4231 228/1868 442/1855 441/4251
f 1184/1929 1309/4213 1294/4252 1183/1926
f 1309/4213 1306/4215 1295/4253 1294/4252
f 1306/4215 1305/4217 1296/4254 1295/4253
f 1305/4217 1304/4219 1299/4255 1296/4254
f 1304/4219 1301/1861 1300/1864 1299/4255
f 1197/1954 438/4248 234/4240 1198/1932
f 438/4248 439/4249 235/4241 234/4240
f 439/4249 440/4250 236/4242 235/4241
f 440/4250 441/4251 237/4243 236/4242
f 441/4251 442/1855 238/1856 237/4243
f 3733/4256 3797/4257 1219/1986 1204/1970
f 3797/4257 3802/4258 1201/4212 1219/1986
f 3802/4258 3807/4259 1200/4210 1201/4212
f 3807/4259 3812/4260 1199/4208 1200/4210
f 3812/4260 3817/872 1194/875 1199/4208
f 3788/999 1206/998 1176/1957 3818/4261
f 3818/4261 1176/1957 1177/4218 3823/4262
f 3823/4262 1177/4218 1179/4216 3828/4263
f 3828/4263 1179/4216 1192/4214 3833/4264
f 3833/4264 1192/4214 1193/280 3838/279
f 222/308 3837/4265 3842/4266 223/1531
f 3837/4265 3836/4267 3841/4268 3842/4266
f 3836/4267 3835/4269 3840/4270 3841/4268
f 3835/4269 3834/4271 3839/4272 3840/4270
f 3834/4271 3833/4264 3838/279 3839/4272
f 221/307 3832/4273 3837/4265 222/308
f 3832/4273 3831/4274 3836/4267 3837/4265
f 3831/4274 3830/4275 3835/4269 3836/4267
f 3830/4275 3829/4276 3834/4271 3835/4269
f 3829/4276 3828/4263 3833/4264 3834/4271
f 220/1533 3827/4277 3832/4273 221/307
f 3827/4277 3826/4278 3831/4274 3832/4273
f 3826/4278 3825/4279 3830/4275 3831/4274
f 3825/4279 3824/4280 3829/4276 3830/4275
f 3824/4280 3823/4262 3828/4263 3829/4276
f 219/1532 3822/4281 3827/4277 220/1533
f 3822/4281 3821/4282 3826/4278 3827/4277
f 3821/4282 3820/4283 3825/4279 3826/4278
f 3820/4283 3819/4284 3824/4280 3825/4279
f 3819/4284 3818/4261 3823/4262 3824/4280
f 1380/2327 3792/4285 3822/4281 219/1532
f 3792/4285 3791/4286 3821/4282 3822/4281
f 3791/4286 3790/4287 3820/4283 3821/4282
f 3790/4287 3789/4288 3819/4284 3820/4283
f 3789/4288 3788/999 3818/4261 3819/4284
f 230/1395 229/1396 3813/4289 3808/4290
f 3808/4290 3813/4289 3814/4291 3809/4292
f 3809/4292 3814/4291 3815/4293 3810/4294
f 3810/4294 3815/4293 3816/4295 3811/4296
f 3811/4296 3816/4295 3817/872 3812/4260
f 231/347 230/1395 3808/4290 3803/4297
f 3803/4297 3808/4290 3809/4292 3804/4298
f 3804/4298 3809/4292 3810/4294 3805/4299
f 3805/4299 3810/4294 3811/4296 3806/4300
f 3806/4300 3811/4296 3812/4260 3807/4259
f 232/344 231/347 3803/4297 3798/4301
f 3798/4301 3803/4297 3804/4298 3799/4302
f 3799/4302 3804/4298 3805/4299 3800/4303
f 3800/4303 3805/4299 3806/4300 3801/4304
f 3801/4304 3806/4300 3807/4259 3802/4258
f 233/1390 232/344 3798/4301 3793/4305
f 3793/4305 3798/4301 3799/4302 3794/4306
f 3794/4306 3799/4302 3800/4303 3795/4307
f 3795/4307 3800/4303 3801/4304 3796/4308
f 3796/4308 3801/4304 3802/4258 3797/4257
f 1377/390 233/1390 3793/4305 3737/391
f 3737/391 3793/4305 3794/4306 3736/4309
f 3736/4309 3794/4306 3795/4307 3735/4310
f 3735/4310 3795/4307 3796/4308 3734/4311
f 3734/4311 3796/4308 3797/4257 3733/4256
f 1503/327 1504/2241 3688/4312 3718/4313
f 3718/4313 3688/4312 3689/4314 3719/4315
f 3719/4315 3689/4314 3690/4316 3720/4317
f 3720/4317 3690/4316 3691/4318 3721/4319
f 3721/4319 3691/4318 3692/2375 3722/2441
f 1316/2237 1315/2175 3728/4320 3698/4321
f 3698/4321 3728/4320 3729/4322 3699/4323
f 3699/4323 3729/4322 3730/4324 3700/4325
f 3700/4325 3730/4324 3731/4326 3701/4327
f 3701/4327 3731/4326 3732/1983 3702/2402
f 1320/2111 1319/2235 3708/4328 3723/4329
f 3723/4329 3708/4328 3709/4330 3724/4331
f 3724/4331 3709/4330 3710/4332 3725/4333
f 3725/4333 3710/4332 3711/4334 3726/4335
f 3726/4335 3711/4334 3712/2401 3727/2404
f 1395/319 1327/2112 3713/4336 3778/320
f 3778/320 3713/4336 3714/4337 3779/4338
f 3779/4338 3714/4337 3715/4339 3780/4340
f 3780/4340 3715/4339 3716/4341 3781/4342
f 3781/4342 3716/4341 3717/2403 3782/2452
f 1211/328 1503/327 3718/4313 3758/4343
f 3758/4343 3718/4313 3719/4315 3759/4344
f 3759/4344 3719/4315 3720/4317 3760/4345
f 3760/4345 3720/4317 3721/4319 3761/4346
f 3761/4346 3721/4319 3722/2441 3762/341
f 1327/2112 1320/2111 3723/4329 3713/4336
f 3713/4336 3723/4329 3724/4331 3714/4337
f 3714/4337 3724/4331 3725/4333 3715/4339
f 3715/4339 3725/4333 3726/4335 3716/4341
f 3716/4341 3726/4335 3727/2404 3717/2403
f 1319/2235 1316/2237 3698/4321 3708/4328
f 3708/4328 3698/4321 3699/4323 3709/4330
f 3709/4330 3699/4323 3700/4325 3710/4332
f 3710/4332 3700/4325 3701/4327 3711/4334
f 3711/4334 3701/4327 3702/2402 3712/2401
f 1504/2241 1505/2245 3703/4347 3688/4312
f 3688/4312 3703/4347 3704/4348 3689/4314
f 3689/4314 3704/4348 3705/4349 3690/4316
f 3690/4316 3705/4349 3706/4350 3691/4318
f 3691/4318 3706/4350 3707/2374 3692/2375
f 1505/2245 1506/2244 3683/4351 3703/4347
f 3703/4347 3683/4351 3684/4352 3704/4348
f 3704/4348 3684/4352 3685/4353 3705/4349
f 3705/4349 3685/4353 3686/4354 3706/4350
f 3706/4350 3686/4354 3687/2373 3707/2374
f 1506/2244 1507/2249 3693/4355 3683/4351
f 3683/4351 3693/4355 3694/4356 3684/4352
f 3684/4352 3694/4356 3695/4357 3685/4353
f 3685/4353 3695/4357 3696/4358 3686/4354
f 3686/4354 3696/4358 3697/1978 3687/2373
f 1315/2175 1385/377 3752/376 3728/4320
f 3728/4320 3752/376 3751/4359 3729/4322
f 3729/4322 3751/4359 3750/4360 3730/4324
f 3730/4324 3750/4360 3749/4361 3731/4326
f 3731/4326 3749/4361 3748/1984 3732/1983
f 1507/2249 1208/361 3783/360 3693/4355
f 3693/4355 3783/360 3784/4362 3694/4356
f 3694/4356 3784/4362 3785/4363 3695/4357
f 3695/4357 3785/4363 3786/4364 3696/4358
f 3696/4358 3786/4364 3787/1979 3697/1978
f 1332/2330 3743/4365 3792/4285 1380/2327
f 3743/4365 3744/4366 3791/4286 3792/4285
f 3744/4366 3745/4367 3790/4287 3791/4286
f 3745/4367 3746/4368 3789/4288 3790/4287
f 3746/4368 3747/996 3788/999 3789/4288
f 229/1396 1401/311 3768/310 3813/4289
f 3813/4289 3768/310 3769/4369 3814/4291
f 3814/4291 3769/4369 3770/4370 3815/4293
f 3815/4293 3770/4370 3771/4371 3816/4295
f 3816/4295 3771/4371 3772/873 3817/872
f 1205/1969 3738/4372 3733/4256 1204/1970
f 3738/4372 3739/4373 3734/4311 3733/4256
f 3739/4373 3740/4374 3735/4310 3734/4311
f 3740/4374 3741/4375 3736/4309 3735/4310
f 3741/4375 3742/388 3737/391 3736/4309
f 1209/1973 3748/1984 3757/4376 1210/1974
f 3748/1984 3749/4361 3756/4377 3757/4376
f 3749/4361 3750/4360 3755/4378 3756/4377
f 3750/4360 3751/4359 3754/4379 3755/4378
f 3751/4359 3752/376 3753/379 3754/4379
f 1332/2337 1388/1980 3787/1979 3743/4380
f 3743/4380 3787/1979 3786/4364 3744/4381
f 3744/4381 3786/4364 3785/4363 3745/4382
f 3745/4382 3785/4363 3784/4362 3746/4383
f 3746/4383 3784/4362 3783/360 3747/359
f 1205/1977 1211/328 3758/4343 3738/4384
f 3738/4384 3758/4343 3759/4344 3739/4385
f 3739/4385 3759/4344 3760/4345 3740/4386
f 3740/4386 3760/4345 3761/4346 3741/4387
f 3741/4387 3761/4346 3762/341 3742/340
f 1212/1982 3763/4388 3782/2452 1213/978
f 3763/4388 3764/4389 3781/4342 3782/2452
f 3764/4389 3765/4390 3780/4340 3781/4342
f 3765/4390 3766/4391 3779/4338 3780/4340
f 3766/4391 3767/317 3778/320 3779/4338
f 1212/1987 1214/874 3772/873 3763/4392
f 3763/4392 3772/873 3771/4371 3764/4393
f 3764/4393 3771/4371 3770/4370 3765/4394
f 3765/4394 3770/4370 3769/4369 3766/4395
f 3766/4395 3769/4369 3768/310 3767/309
f 1336/2357 1403/2074 3777/4396 3753/4397
f 3753/4397 3777/4396 3776/4398 3754/4399
f 3754/4399 3776/4398 3775/4400 3755/4401
f 3755/4401 3775/4400 3774/4402 3756/4403
f 3756/4403 3774/4402 3773/282 3757/287
f 223/1531 3842/4266 3777/4396 1403/2074
f 3842/4266 3841/4268 3776/4398 3777/4396
f 3841/4268 3840/4270 3775/4400 3776/4398
f 3840/4270 3839/4272 3774/4402 3775/4400
f 3839/4272 3838/279 3773/282 3774/4402
f 1150/372 1149/2076 3998/4404 3993/4405
f 3993/4405 3998/4404 3999/4406 3994/4407
f 3994/4407 3999/4406 4000/4408 3995/4409
f 3995/4409 4000/4408 4001/4410 3996/4411
f 3996/4411 4001/4410 4002/2107 3997/4196
f 1153/373 1150/372 3993/4405 3988/4412
f 3988/4412 3993/4405 3994/4407 3989/4413
f 3989/4413 3994/4407 3995/4409 3990/4414
f 3990/4414 3995/4409 3996/4411 3991/4415
f 3991/4415 3996/4411 3997/4196 3992/4194
f 1156/882 1153/373 3988/4412 3983/4416
f 3983/4416 3988/4412 3989/4413 3984/4417
f 3984/4417 3989/4413 3990/4414 3985/4418
f 3985/4418 3990/4414 3991/4415 3986/4419
f 3986/4419 3991/4415 3992/4194 3987/4192
f 1157/396 1156/882 3983/4416 3978/4420
f 3978/4420 3983/4416 3984/4417 3979/4421
f 3979/4421 3984/4417 3985/4418 3980/4422
f 3980/4422 3985/4418 3986/4419 3981/4423
f 3981/4423 3986/4419 3987/4192 3982/4190
f 1384/397 1157/396 3978/4420 3868/4424
f 3868/4424 3978/4420 3979/4421 3869/4425
f 3869/4425 3979/4421 3980/4422 3870/4426
f 3870/4426 3980/4422 3981/4423 3871/4427
f 3871/4427 3981/4423 3982/4190 3872/2138
f 1159/408 1158/913 3973/4428 3968/4429
f 3968/4429 3973/4428 3974/4430 3969/4431
f 3969/4431 3974/4430 3975/4432 3970/4433
f 3970/4433 3975/4432 3976/4434 3971/4435
f 3971/4435 3976/4434 3977/2129 3972/4188
f 1170/409 1159/408 3968/4429 3963/4436
f 3963/4436 3968/4429 3969/4431 3964/4437
f 3964/4437 3969/4431 3970/4433 3965/4438
f 3965/4438 3970/4433 3971/4435 3966/4439
f 3966/4439 3971/4435 3972/4188 3967/4186
f 1171/382 1170/409 3963/4436 3958/4440
f 3958/4440 3963/4436 3964/4437 3959/4441
f 3959/4441 3964/4437 3965/4438 3960/4442
f 3960/4442 3965/4438 3966/4439 3961/4443
f 3961/4443 3966/4439 3967/4186 3962/4184
f 1172/383 1171/382 3958/4440 3953/4444
f 3953/4444 3958/4440 3959/4441 3954/4445
f 3954/4445 3959/4441 3960/4442 3955/4446
f 3955/4446 3960/4442 3961/4443 3956/4447
f 3956/4447 3961/4443 3962/4184 3957/4183
f 1408/880 1172/383 3953/4444 3923/4448
f 3923/4448 3953/4444 3954/4445 3924/4449
f 3924/4449 3954/4445 3955/4446 3925/4450
f 3925/4450 3955/4446 3956/4447 3926/4451
f 3926/4451 3956/4447 3957/4183 3927/2192
f 1483/2305 1482/2302 3858/4452 3913/4453
f 3913/4453 3858/4452 3859/4454 3914/4455
f 3914/4455 3859/4454 3860/4456 3915/4457
f 3915/4457 3860/4456 3861/4458 3916/4459
f 3916/4459 3861/4458 3862/3341 3917/3343
f 1398/2306 1483/2305 3913/4453 3898/4460
f 3898/4460 3913/4453 3914/4455 3899/4461
f 3899/4461 3914/4455 3915/4457 3900/4462
f 3900/4462 3915/4457 3916/4459 3901/4463
f 3901/4463 3916/4459 3917/3343 3902/2167
f 1482/2302 1481/2301 3853/4464 3858/4452
f 3858/4452 3853/4464 3854/4465 3859/4454
f 3859/4454 3854/4465 3855/4466 3860/4456
f 3860/4456 3855/4466 3856/4467 3861/4458
f 3861/4458 3856/4467 3857/3331 3862/3341
f 1488/2317 1487/2314 3938/4468 3948/4469
f 3948/4469 3938/4468 3939/4470 3949/4471
f 3949/4471 3939/4470 3940/4472 3950/4473
f 3950/4473 3940/4472 3941/4474 3951/4475
f 3951/4475 3941/4474 3942/3340 3952/2213
f 1487/2314 1486/2313 3933/4476 3938/4468
f 3938/4468 3933/4476 3934/4477 3939/4470
f 3939/4470 3934/4477 3935/4478 3940/4472
f 3940/4472 3935/4478 3936/4479 3941/4474
f 3941/4474 3936/4479 3937/3339 3942/3340
f 1486/2313 1485/2310 3928/4480 3933/4476
f 3933/4476 3928/4480 3929/4481 3934/4477
f 3934/4477 3929/4481 3930/4482 3935/4478
f 3935/4478 3930/4482 3931/4483 3936/4479
f 3936/4479 3931/4483 3932/3338 3937/3339
f 1485/2310 1484/2309 3943/4484 3928/4480
f 3928/4480 3943/4484 3944/4485 3929/4481
f 3929/4481 3944/4485 3945/4486 3930/4482
f 3930/4482 3945/4486 3946/4487 3931/4483
f 3931/4483 3946/4487 3947/2118 3932/3338
f 1481/2301 1444/2298 3843/4488 3853/4464
f 3853/4464 3843/4488 3844/4489 3854/4465
f 3854/4465 3844/4489 3845/4490 3855/4466
f 3855/4466 3845/4490 3846/4491 3856/4467
f 3856/4467 3846/4491 3847/3329 3857/3331
f 1444/2298 1443/2297 3848/4492 3843/4488
f 3843/4488 3848/4492 3849/4493 3844/4489
f 3844/4489 3849/4493 3850/4494 3845/4490
f 3845/4490 3850/4494 3851/4495 3846/4491
f 3846/4491 3851/4495 3852/2092 3847/3329
f 1392/2318 1488/2317 3948/4469 3893/4496
f 3893/4496 3948/4469 3949/4471 3894/4497
f 3894/4497 3949/4471 3950/4473 3895/4498
f 3895/4498 3950/4473 3951/4475 3896/4499
f 3896/4499 3951/4475 3952/2213 3897/2161
f 1350/2451 1408/880 3923/4448 3908/4500
f 3908/4500 3923/4448 3924/4449 3909/4501
f 3909/4501 3924/4449 3925/4450 3910/4502
f 3910/4502 3925/4450 3926/4451 3911/4503
f 3911/4503 3926/4451 3927/2192 3912/2191
f 1406/2382 1367/2447 3892/4504 3918/4505
f 3918/4505 3892/4504 3891/4506 3919/4507
f 3919/4507 3891/4506 3890/4508 3920/4509
f 3920/4509 3890/4508 3889/4510 3921/4511
f 3921/4511 3889/4510 3888/2188 3922/2108
f 1400/2396 1350/2440 3908/4512 3903/4513
f 3903/4513 3908/4512 3909/4514 3904/4515
f 3904/4515 3909/4514 3910/4516 3905/4517
f 3905/4517 3910/4516 3911/4518 3906/4519
f 3906/4519 3911/4518 3912/2182 3907/2119
f 1346/2430 1398/2306 3898/4460 3878/4520
f 3878/4520 3898/4460 3899/4461 3879/4521
f 3879/4521 3899/4461 3900/4462 3880/4522
f 3880/4522 3900/4462 3901/4463 3881/4523
f 3881/4523 3901/4463 3902/2167 3882/2166
f 1367/2426 1392/2318 3893/4496 3892/4524
f 3892/4524 3893/4496 3894/4497 3891/4525
f 3891/4525 3894/4497 3895/4498 3890/4526
f 3890/4526 3895/4498 3896/4499 3889/4527
f 3889/4527 3896/4499 3897/2161 3888/2160
f 1390/2371 1363/2422 3867/4528 3883/4529
f 3883/4529 3867/4528 3866/4530 3884/4531
f 3884/4531 3866/4530 3865/4532 3885/4533
f 3885/4533 3865/4532 3864/4534 3886/4535
f 3886/4535 3864/4534 3863/2156 3887/2093
f 1382/2406 1346/2412 3878/4536 3873/4537
f 3873/4537 3878/4536 3879/4538 3874/4539
f 3874/4539 3879/4538 3880/4540 3875/4541
f 3875/4541 3880/4540 3881/4542 3876/4543
f 3876/4543 3881/4542 3882/2148 3877/2130
f 1363/2416 1384/397 3868/4424 3867/4544
f 3867/4544 3868/4424 3869/4425 3866/4545
f 3866/4545 3869/4425 3870/4426 3865/4546
f 3865/4546 3870/4426 3871/4427 3864/4547
f 3864/4547 3871/4427 3872/2138 3863/2137
f 1158/913 1382/2406 3873/4537 3973/4428
f 3973/4428 3873/4537 3874/4539 3974/4430
f 3974/4430 3874/4539 3875/4541 3975/4432
f 3975/4432 3875/4541 3876/4543 3976/4434
f 3976/4434 3876/4543 3877/2130 3977/2129
f 1484/2309 1400/2396 3903/4513 3943/4484
f 3943/4484 3903/4513 3904/4515 3944/4485
f 3944/4485 3904/4515 3905/4517 3945/4486
f 3945/4486 3905/4517 3906/4519 3946/4487
f 3946/4487 3906/4519 3907/2119 3947/2118
f 1149/2076 1406/2382 3918/4505 3998/4404
f 3998/4404 3918/4505 3919/4507 3999/4406
f 3999/4406 3919/4507 3920/4509 4000/4408
f 4000/4408 3920/4509 3921/4511 4001/4410
f 4001/4410 3921/4511 3922/2108 4002/2107
f 1443/2297 1390/2371 3883/4529 3848/4492
f 3848/4492 3883/4529 3884/4531 3849/4493
f 3849/4493 3884/4531 3885/4533 3850/4494
f 3850/4494 3885/4533 3886/4535 3851/4495
f 3851/4495 3886/4535 3887/2093 3852/2092
o sticker
v 0.071725 0.153899 0.008494
v 0.010574 0.154688 0.009894
v 0.072310 0.153022 0.008494
v 0.072514 0.151998 0.008494
v 0.010574 0.154688 0.008494
v 0.072514 0.151998 0.009894
v 0.069824 0.154688 0.009894
v 0.072310 0.153022 0.009894
v 0.071725 0.153899 0.009894
v 0.070848 0.154485 0.009894
v 0.069824 0.154688 -0.009894
v 0.070848 0.154485 -0.009894
v 0.071725 0.153899 -0.009894
v 0.072310 0.153022 -0.009894
v 0.068814 0.154688 -0.009894
v 0.068814 0.154688 0.009894
v 0.072514 0.150988 -0.009894
v 0.072514 0.150988 0.009894
v -0.007903 0.154688 0.009894
v -0.009313 0.154688 0.008484
v -0.008448 0.154688 0.009785
v -0.008901 0.154688 0.009482
v -0.009204 0.154688 0.009029
v -0.007903 0.154688 -0.009894
v -0.009313 0.154688 -0.008484
v -0.008448 0.154688 -0.009785
v -0.008901 0.154688 -0.009482
v -0.009204 0.154688 -0.009029
v 0.072514 0.114260 0.009894
v 0.072514 0.112850 0.008484
v 0.072514 0.113715 0.009785
v 0.072514 0.113261 0.009482
v 0.072514 0.112958 0.009029
v 0.072514 0.114260 -0.009894
v 0.072514 0.112850 -0.008484
v 0.072514 0.113715 -0.009785
v 0.072514 0.113261 -0.009482
v 0.072514 0.112958 -0.009029
v 0.070848 0.154485 0.008494
v 0.069824 0.154688 0.008494
v 0.068814 0.154688 0.008494
v 0.072514 0.150988 0.008494
v 0.069824 0.154688 -0.008494
v 0.070848 0.154485 -0.008494
v 0.010574 0.154688 -0.008494
v 0.071725 0.153899 -0.008494
v 0.072310 0.153022 -0.008494
v 0.072514 0.151998 -0.008494
v 0.068814 0.154688 -0.008494
v 0.072514 0.150988 -0.008494
v -0.007913 0.154688 -0.008494
v -0.007913 0.154688 0.008494
v 0.069824 0.154688 0.000000
v 0.070848 0.154485 0.000000
v 0.071725 0.153899 0.000000
v 0.072310 0.153022 0.000000
v -0.009313 0.154688 0.000000
v 0.010574 0.154688 0.000000
v 0.072514 0.151998 0.000000
v 0.068814 0.154688 0.000000
v 0.072514 0.150988 0.000000
v -0.007913 0.154688 0.000000
v 0.010574 0.154688 -0.009068
v 0.072514 0.151998 -0.009068
v 0.068814 0.154688 -0.009068
v 0.072514 0.150988 -0.009068
v 0.069824 0.154688 -0.009068
v 0.070848 0.154485 -0.009068
v 0.071725 0.153899 -0.009068
v 0.072310 0.153022 -0.009068
v -0.007913 0.154688 -0.009068
v 0.072310 0.153022 0.009068
v 0.071725 0.153899 0.009068
v 0.070848 0.154485 0.009068
v 0.069824 0.154688 0.009068
v 0.072514 0.151998 0.009068
v 0.010574 0.154688 0.009068
v 0.068814 0.154688 0.009068
v 0.072514 0.150988 0.009068
v -0.007913 0.154688 0.009068
v -0.008487 0.154688 -0.009068
v -0.008487 0.154688 -0.008494
v -0.008487 0.154688 0.000000
v -0.008487 0.154688 0.008494
v -0.008487 0.154688 0.009068
v 0.072514 0.114250 -0.009068
v 0.072514 0.114250 -0.008494
v 0.072514 0.114250 0.008494
v 0.072514 0.114250 0.009068
v 0.072514 0.113676 -0.009068
v 0.072514 0.113676 -0.008494
v 0.072514 0.113676 0.008494
v 0.072514 0.113676 0.009068
v 0.072514 0.112850 0.000000
v 0.072514 0.114250 0.000000
v 0.072514 0.113676 0.000000
v 0.072514 0.120373 -0.009894
v 0.072514 0.126496 -0.009894
v 0.072514 0.132619 -0.009894
v 0.072514 0.138742 -0.009894
v 0.072514 0.144865 -0.009894
v 0.072514 0.144865 0.009894
v 0.072514 0.138742 0.009894
v 0.072514 0.132619 0.009894
v 0.072514 0.126496 0.009894
v 0.072514 0.120373 0.009894
v 0.072514 0.144865 -0.009068
v 0.072514 0.138742 -0.009068
v 0.072514 0.132619 -0.009068
v 0.072514 0.126496 -0.009068
v 0.072514 0.120373 -0.009068
v 0.072514 0.144865 -0.008494
v 0.072514 0.138742 -0.008494
v 0.072514 0.132619 -0.008494
v 0.072514 0.126496 -0.008494
v 0.072514 0.120373 -0.008494
v 0.072514 0.144865 0.008494
v 0.072514 0.138742 0.008494
v 0.072514 0.132619 0.008494
v 0.072514 0.126496 0.008494
v 0.072514 0.120373 0.008494
v 0.072514 0.144865 0.009068
v 0.072514 0.138742 0.009068
v 0.072514 0.132619 0.009068
v 0.072514 0.126496 0.009068
v 0.072514 0.120373 0.009068
v 0.072514 0.144865 0.000000
v 0.072514 0.138742 0.000000
v 0.072514 0.132619 0.000000
v 0.072514 0.126496 0.000000
v 0.072514 0.120373 0.000000
v 0.072514 0.112850 -0.004247
v 0.010574 0.154688 -0.004247
v 0.072514 0.151998 -0.004247
v 0.068814 0.154688 -0.004247
v 0.072514 0.150988 -0.004247
v -0.007913 0.154688 -0.004247
v 0.069824 0.154688 -0.004247
v 0.070848 0.154485 -0.004247
v 0.071725 0.153899 -0.004247
v 0.072310 0.153022 -0.004247
v -0.009313 0.154688 -0.004247
v -0.008487 0.154688 -0.004247
v 0.072514 0.114250 -0.004247
v 0.072514 0.113676 -0.004247
v 0.072514 0.144865 -0.004247
v 0.072514 0.138742 -0.004247
v 0.072514 0.132619 -0.004247
v 0.072514 0.126496 -0.004247
v 0.072514 0.120373 -0.004247
v 0.069824 0.154688 0.004247
v 0.070848 0.154485 0.004247
v 0.071725 0.153899 0.004247
v 0.072310 0.153022 0.004247
v -0.009313 0.154688 0.004247
v 0.010574 0.154688 0.004247
v 0.072514 0.151998 0.004247
v 0.068814 0.154688 0.004247
v 0.072514 0.150988 0.004247
v -0.007913 0.154688 0.004247
v -0.008487 0.154688 0.004247
v 0.072514 0.112850 0.004247
v 0.072514 0.114250 0.004247
v 0.072514 0.113676 0.004247
v 0.072514 0.144865 0.004247
v 0.072514 0.138742 0.004247
v 0.072514 0.132619 0.004247
v 0.072514 0.126496 0.004247
v 0.072514 0.120373 0.004247
v 0.063961 0.154688 -0.009894
v 0.059107 0.154688 -0.009894
v 0.054254 0.154688 -0.009894
v 0.049401 0.154688 -0.009894
v 0.044548 0.154688 -0.009894
v 0.039694 0.154688 -0.009894
v 0.034841 0.154688 -0.009894
v 0.029988 0.154688 -0.009894
v 0.025134 0.154688 -0.009894
v 0.020281 0.154688 -0.009894
v 0.015428 0.154688 -0.009894
v 0.015428 0.154688 0.009894
v 0.020281 0.154688 0.009894
v 0.025134 0.154688 0.009894
v 0.029988 0.154688 0.009894
v 0.034841 0.154688 0.009894
v 0.039694 0.154688 0.009894
v 0.044548 0.154688 0.009894
v 0.049401 0.154688 0.009894
v 0.054254 0.154688 0.009894
v 0.059107 0.154688 0.009894
v 0.063961 0.154688 0.009894
v 0.015428 0.154688 0.008494
v 0.020281 0.154688 0.008494
v 0.025134 0.154688 0.008494
v 0.029988 0.154688 0.008494
v 0.034841 0.154688 0.008494
v 0.039694 0.154688 0.008494
v 0.044548 0.154688 0.008494
v 0.049401 0.154688 0.008494
v 0.054254 0.154688 0.008494
v 0.059107 0.154688 0.008494
v 0.063961 0.154688 0.008494
v 0.015428 0.154688 -0.008494
v 0.020281 0.154688 -0.008494
v 0.025134 0.154688 -0.008494
v 0.029988 0.154688 -0.008494
v 0.034841 0.154688 -0.008494
v 0.039694 0.154688 -0.008494
v 0.044548 0.154688 -0.008494
v 0.049401 0.154688 -0.008494
v 0.054254 0.154688 -0.008494
v 0.059107 0.154688 -0.008494
v 0.063961 0.154688 -0.008494
v 0.015428 0.154688 0.000000
v 0.020281 0.154688 0.000000
v 0.025134 0.154688 0.000000
v 0.029988 0.154688 0.000000
v 0.034841 0.154688 0.000000
v 0.039694 0.154688 0.000000
v 0.044548 0.154688 0.000000
v 0.049401 0.154688 0.000000
v 0.054254 0.154688 0.000000
v 0.059107 0.154688 0.000000
v 0.063961 0.154688 0.000000
v 0.015428 0.154688 -0.009068
v 0.020281 0.154688 -0.009068
v 0.025134 0.154688 -0.009068
v 0.029988 0.154688 -0.009068
v 0.034841 0.154688 -0.009068
v 0.039694 0.154688 -0.009068
v 0.044548 0.154688 -0.009068
v 0.049401 0.154688 -0.009068
v 0.054254 0.154688 -0.009068
v 0.059107 0.154688 -0.009068
v 0.063961 0.154688 -0.009068
v 0.015428 0.154688 0.009068
v 0.020281 0.154688 0.009068
v 0.025134 0.154688 0.009068
v 0.029988 0.154688 0.009068
v 0.034841 0.154688 0.009068
v 0.039694 0.154688 0.009068
v 0.044548 0.154688 0.009068
v 0.049401 0.154688 0.009068
v 0.054254 0.154688 0.009068
v 0.059107 0.154688 0.009068
v 0.063961 0.154688 0.009068
v 0.015428 0.154688 -0.004247
v 0.020281 0.154688 -0.004247
v 0.025134 0.154688 -0.004247
v 0.029988 0.154688 -0.004247
v 0.034841 0.154688 -0.004247
v 0.039694 0.154688 -0.004247
v 0.044548 0.154688 -0.004247
v 0.049401 0.154688 -0.004247
v 0.054254 0.154688 -0.004247
v 0.059107 0.154688 -0.004247
v 0.063961 0.154688 -0.004247
v 0.015428 0.154688 0.004247
v 0.020281 0.154688 0.004247
v 0.025134 0.154688 0.004247
v 0.029988 0.154688 0.004247
v 0.034841 0.154688 0.004247
v 0.039694 0.154688 0.004247
v 0.044548 0.154688 0.004247
v 0.049401 0.154688 0.004247
v 0.054254 0.154688 0.004247
v 0.059107 0.154688 0.004247
v 0.063961 0.154688 0.004247
v -0.003291 0.154688 0.009894
v 0.001331 0.154688 0.009894
v 0.005953 0.154688 0.009894
v 0.005953 0.154688 -0.009894
v 0.001331 0.154688 -0.009894
v -0.003291 0.154688 -0.009894
v -0.003291 0.154688 0.008494
v 0.001331 0.154688 0.008494
v 0.005953 0.154688 0.008494
v 0.005953 0.154688 -0.008494
v 0.001331 0.154688 -0.008494
v -0.003291 0.154688 -0.008494
v -0.003291 0.154688 0.000000
v 0.001331 0.154688 0.000000
v 0.005953 0.154688 0.000000
v 0.005953 0.154688 -0.009068
v 0.001331 0.154688 -0.009068
v -0.003291 0.154688 -0.009068
v -0.003291 0.154688 0.009068
v 0.001331 0.154688 0.009068
v 0.005953 0.154688 0.009068
v -0.003291 0.154688 -0.004247
v 0.001331 0.154688 -0.004247
v 0.005953 0.154688 -0.004247
v -0.003291 0.154688 0.004247
v 0.001331 0.154688 0.004247
v 0.005953 0.154688 0.004247
v 0.072514 0.147927 -0.009894
v 0.072514 0.147927 0.009894
v 0.072514 0.147927 -0.009068
v 0.072514 0.147927 -0.008494
v 0.072514 0.147927 0.008494
v 0.072514 0.147927 0.009068
v 0.072514 0.147927 0.000000
v 0.072514 0.147927 -0.004247
v 0.072514 0.147927 0.004247
v 0.072514 0.141804 -0.009894
v 0.072514 0.141804 0.009894
v 0.072514 0.141804 -0.009068
v 0.072514 0.141804 -0.008494
v 0.072514 0.141804 0.008494
v 0.072514 0.141804 0.009068
v 0.072514 0.141804 0.000000
v 0.072514 0.141804 -0.004247
v 0.072514 0.141804 0.004247
v 0.072514 0.135681 -0.009894
v 0.072514 0.135681 0.009894
v 0.072514 0.135681 -0.009068
v 0.072514 0.135681 -0.008494
v 0.072514 0.135681 0.008494
v 0.072514 0.135681 0.009068
v 0.072514 0.135681 0.000000
v 0.072514 0.135681 -0.004247
v 0.072514 0.135681 0.004247
v 0.072514 0.129558 -0.009894
v 0.072514 0.129558 0.009894
v 0.072514 0.129558 -0.009068
v 0.072514 0.129558 -0.008494
v 0.072514 0.129558 0.008494
v 0.072514 0.129558 0.009068
v 0.072514 0.129558 0.000000
v 0.072514 0.129558 -0.004247
v 0.072514 0.129558 0.004247
v 0.072514 0.123435 -0.009894
v 0.072514 0.123435 0.009894
v 0.072514 0.123435 -0.009068
v 0.072514 0.123435 -0.008494
v 0.072514 0.123435 0.008494
v 0.072514 0.123435 0.009068
v 0.072514 0.123435 0.000000
v 0.072514 0.123435 -0.004247
v 0.072514 0.123435 0.004247
v 0.072514 0.117312 0.009894
v 0.072514 0.117312 -0.009068
v 0.072514 0.117312 -0.008494
v 0.072514 0.117312 0.008494
v 0.072514 0.117312 0.009068
v 0.072514 0.117312 0.000000
v 0.072514 0.117312 -0.009894
v 0.072514 0.117312 -0.004247
v 0.072514 0.117312 0.004247
v 0.071653 0.153827 0.008494
v 0.010574 0.154588 0.009894
v 0.072216 0.152983 0.008494
v 0.072414 0.151988 0.008494
v 0.010574 0.154588 0.008494
v 0.072414 0.151988 0.009894
v 0.069814 0.154588 0.009894
v 0.072216 0.152983 0.009894
v 0.071653 0.153827 0.009894
v 0.070809 0.154390 0.009894
v 0.069814 0.154588 -0.009894
v 0.070809 0.154390 -0.009894
v 0.071653 0.153827 -0.009894
v 0.072216 0.152983 -0.009894
v 0.068814 0.154588 -0.009894
v 0.068814 0.154588 0.009894
v 0.072414 0.150988 -0.009894
v 0.072414 0.150988 0.009894
v -0.007903 0.154588 0.009894
v -0.009313 0.154588 0.008484
v -0.008448 0.154588 0.009785
v -0.008901 0.154588 0.009482
v -0.009204 0.154588 0.009029
v -0.007903 0.154588 -0.009894
v -0.009313 0.154588 -0.008484
v -0.008448 0.154588 -0.009785
v -0.008901 0.154588 -0.009482
v -0.009204 0.154588 -0.009029
v 0.072414 0.114260 0.009894
v 0.072414 0.112850 0.008484
v 0.072414 0.113715 0.009785
v 0.072414 0.113261 0.009482
v 0.072414 0.112958 0.009029
v 0.072414 0.114260 -0.009894
v 0.072414 0.112850 -0.008484
v 0.072414 0.113715 -0.009785
v 0.072414 0.113261 -0.009482
v 0.072414 0.112958 -0.009029
v 0.070809 0.154390 0.008494
v 0.069814 0.154588 0.008494
v 0.068814 0.154588 0.008494
v 0.072414 0.150988 0.008494
v 0.069814 0.154588 -0.008494
v 0.070809 0.154390 -0.008494
v 0.010574 0.154588 -0.008494
v 0.071653 0.153827 -0.008494
v 0.072216 0.152983 -0.008494
v 0.072414 0.151988 -0.008494
v 0.068814 0.154588 -0.008494
v 0.072414 0.150988 -0.008494
v -0.007913 0.154588 -0.008494
v -0.007913 0.154588 0.008494
v 0.069814 0.154588 0.000000
v 0.070809 0.154390 0.000000
v 0.071653 0.153827 0.000000
v 0.072216 0.152983 0.000000
v -0.009313 0.154588 0.000000
v 0.010574 0.154588 0.000000
v 0.072414 0.151988 0.000000
v 0.068814 0.154588 0.000000
v 0.072414 0.150988 0.000000
v -0.007913 0.154588 0.000000
v 0.010574 0.154588 -0.009068
v 0.072414 0.151988 -0.009068
v 0.068814 0.154588 -0.009068
v 0.072414 0.150988 -0.009068
v 0.069814 0.154588 -0.009068
v 0.070809 0.154390 -0.009068
v 0.071653 0.153827 -0.009068
v 0.072216 0.152983 -0.009068
v -0.007913 0.154588 -0.009068
v 0.072216 0.152983 0.009068
v 0.071653 0.153827 0.009068
v 0.070809 0.154390 0.009068
v 0.069814 0.154588 0.009068
v 0.072414 0.151988 0.009068
v 0.010574 0.154588 0.009068
v 0.068814 0.154588 0.009068
v 0.072414 0.150988 0.009068
v -0.007913 0.154588 0.009068
v -0.008487 0.154588 -0.009068
v -0.008487 0.154588 -0.008494
v -0.008487 0.154588 0.000000
v -0.008487 0.154588 0.008494
v -0.008487 0.154588 0.009068
v 0.072414 0.114250 -0.009068
v 0.072414 0.114250 -0.008494
v 0.072414 0.114250 0.008494
v 0.072414 0.114250 0.009068
v 0.072414 0.113676 -0.009068
v 0.072414 0.113676 -0.008494
v 0.072414 0.113676 0.008494
v 0.072414 0.113676 0.009068
v 0.072414 0.112850 0.000000
v 0.072414 0.114250 0.000000
v 0.072414 0.113676 0.000000
v 0.072414 0.120373 -0.009894
v 0.072414 0.126496 -0.009894
v 0.072414 0.132619 -0.009894
v 0.072414 0.138742 -0.009894
v 0.072414 0.144865 -0.009894
v 0.072414 0.144865 0.009894
v 0.072414 0.138742 0.009894
v 0.072414 0.132619 0.009894
v 0.072414 0.126496 0.009894
v 0.072414 0.120373 0.009894
v 0.072414 0.144865 -0.009068
v 0.072414 0.138742 -0.009068
v 0.072414 0.132619 -0.009068
v 0.072414 0.126496 -0.009068
v 0.072414 0.120373 -0.009068
v 0.072414 0.144865 -0.008494
v 0.072414 0.138742 -0.008494
v 0.072414 0.132619 -0.008494
v 0.072414 0.126496 -0.008494
v 0.072414 0.120373 -0.008494
v 0.072414 0.144865 0.008494
v 0.072414 0.138742 0.008494
v 0.072414 0.132619 0.008494
v 0.072414 0.126496 0.008494
v 0.072414 0.120373 0.008494
v 0.072414 0.144865 0.009068
v 0.072414 0.138742 0.009068
v 0.072414 0.132619 0.009068
v 0.072414 0.126496 0.009068
v 0.072414 0.120373 0.009068
v 0.072414 0.144865 0.000000
v 0.072414 0.138742 0.000000
v 0.072414 0.132619 0.000000
v 0.072414 0.126496 0.000000
v 0.072414 0.120373 0.000000
v 0.072414 0.112850 -0.004247
v 0.010574 0.154588 -0.004247
v 0.072414 0.151988 -0.004247
v 0.068814 0.154588 -0.004247
v 0.072414 0.150988 -0.004247
v -0.007913 0.154588 -0.004247
v 0.069814 0.154588 -0.004247
v 0.070809 0.154390 -0.004247
v 0.071653 0.153827 -0.004247
v 0.072216 0.152983 -0.004247
v -0.009313 0.154588 -0.004247
v -0.008487 0.154588 -0.004247
v 0.072414 0.114250 -0.004247
v 0.072414 0.113676 -0.004247
v 0.072414 0.144865 -0.004247
v 0.072414 0.138742 -0.004247
v 0.072414 0.132619 -0.004247
v 0.072414 0.126496 -0.004247
v 0.072414 0.120373 -0.004247
v 0.069814 0.154588 0.004247
v 0.070809 0.154390 0.004247
v 0.071653 0.153827 0.004247
v 0.072216 0.152983 0.004247
v -0.009313 0.154588 0.004247
v 0.010574 0.154588 0.004247
v 0.072414 0.151988 0.004247
v 0.068814 0.154588 0.004247
v 0.072414 0.150988 0.004247
v -0.007913 0.154588 0.004247
v -0.008487 0.154588 0.004247
v 0.072414 0.112850 0.004247
v 0.072414 0.114250 0.004247
v 0.072414 0.113676 0.004247
v 0.072414 0.144865 0.004247
v 0.072414 0.138742 0.004247
v 0.072414 0.132619 0.004247
v 0.072414 0.126496 0.004247
v 0.072414 0.120373 0.004247
v 0.063961 0.154588 -0.009894
v 0.059107 0.154588 -0.009894
v 0.054254 0.154588 -0.009894
v 0.049401 0.154588 -0.009894
v 0.044548 0.154588 -0.009894
v 0.039694 0.154588 -0.009894
v 0.034841 0.154588 -0.009894
v 0.029988 0.154588 -0.009894
v 0.025134 0.154588 -0.009894
v 0.020281 0.154588 -0.009894
v 0.015428 0.154588 -0.009894
v 0.015428 0.154588 0.009894
v 0.020281 0.154588 0.009894
v 0.025134 0.154588 0.009894
v 0.029988 0.154588 0.009894
v 0.034841 0.154588 0.009894
v 0.039694 0.154588 0.009894
v 0.044548 0.154588 0.009894
v 0.049401 0.154588 0.009894
v 0.054254 0.154588 0.009894
v 0.059107 0.154588 0.009894
v 0.063961 0.154588 0.009894
v 0.015428 0.154588 0.008494
v 0.020281 0.154588 0.008494
v 0.025134 0.154588 0.008494
v 0.029988 0.154588 0.008494
v 0.034841 0.154588 0.008494
v 0.039694 0.154588 0.008494
v 0.044548 0.154588 0.008494
v 0.049401 0.154588 0.008494
v 0.054254 0.154588 0.008494
v 0.059107 0.154588 0.008494
v 0.063961 0.154588 0.008494
v 0.015428 0.154588 -0.008494
v 0.020281 0.154588 -0.008494
v 0.025134 0.154588 -0.008494
v 0.029988 0.154588 -0.008494
v 0.034841 0.154588 -0.008494
v 0.039694 0.154588 -0.008494
v 0.044548 0.154588 -0.008494
v 0.049401 0.154588 -0.008494
v 0.054254 0.154588 -0.008494
v 0.059107 0.154588 -0.008494
v 0.063961 0.154588 -0.008494
v 0.015428 0.154588 0.000000
v 0.020281 0.154588 0.000000
v 0.025134 0.154588 0.000000
v 0.029988 0.154588 0.000000
v 0.034841 0.154588 0.000000
v 0.039694 0.154588 0.000000
v 0.044548 0.154588 0.000000
v 0.049401 0.154588 0.000000
v 0.054254 0.154588 0.000000
v 0.059107 0.154588 0.000000
v 0.063961 0.154588 0.000000
v 0.015428 0.154588 -0.009068
v 0.020281 0.154588 -0.009068
v 0.025134 0.154588 -0.009068
v 0.029988 0.154588 -0.009068
v 0.034841 0.154588 -0.009068
v 0.039694 0.154588 -0.009068
v 0.044548 0.154588 -0.009068
v 0.049401 0.154588 -0.009068
v 0.054254 0.154588 -0.009068
v 0.059107 0.154588 -0.009068
v 0.063961 0.154588 -0.009068
v 0.015428 0.154588 0.009068
v 0.020281 0.154588 0.009068
v 0.025134 0.154588 0.009068
v 0.029988 0.154588 0.009068
v 0.034841 0.154588 0.009068
v 0.039694 0.154588 0.009068
v 0.044548 0.154588 0.009068
v 0.049401 0.154588 0.009068
v 0.054254 0.154588 0.009068
v 0.059107 0.154588 0.009068
v 0.063961 0.154588 0.009068
v 0.015428 0.154588 -0.004247
v 0.020281 0.154588 -0.004247
v 0.025134 0.154588 -0.004247
v 0.029988 0.154588 -0.004247
v 0.034841 0.154588 -0.004247
v 0.039694 0.154588 -0.004247
v 0.044548 0.154588 -0.004247
v 0.049401 0.154588 -0.004247
v 0.054254 0.154588 -0.004247
v 0.059107 0.154588 -0.004247
v 0.063961 0.154588 -0.004247
v 0.015428 0.154588 0.004247
v 0.020281 0.154588 0.004247
v 0.025134 0.154588 0.004247
v 0.029988 0.154588 0.004247
v 0.034841 0.154588 0.004247
v 0.039694 0.154588 0.004247
v 0.044548 0.154588 0.004247
v 0.049401 0.154588 0.004247
v 0.054254 0.154588 0.004247
v 0.059107 0.154588 0.004247
v 0.063961 0.154588 0.004247
v -0.003291 0.154588 0.009894
v 0.001331 0.154588 0.009894
v 0.005953 0.154588 0.009894
v 0.005953 0.154588 -0.009894
v 0.001331 0.154588 -0.009894
v -0.003291 0.154588 -0.009894
v -0.003291 0.154588 0.008494
v 0.001331 0.154588 0.008494
v 0.005953 0.154588 0.008494
v 0.005953 0.154588 -0.008494
v 0.001331 0.154588 -0.008494
v -0.003291 0.154588 -0.008494
v -0.003291 0.154588 0.000000
v 0.001331 0.154588 0.000000
v 0.005953 0.154588 0.000000
v 0.005953 0.154588 -0.009068
v 0.001331 0.154588 -0.009068
v -0.003291 0.154588 -0.009068
v -0.003291 0.154588 0.009068
v 0.001331 0.154588 0.009068
v 0.005953 0.154588 0.009068
v -0.003291 0.154588 -0.004247
v 0.001331 0.154588 -0.004247
v 0.005953 0.154588 -0.004247
v -0.003291 0.154588 0.004247
v 0.001331 0.154588 0.004247
v 0.005953 0.154588 0.004247
v 0.072414 0.147927 -0.009894
v 0.072414 0.147927 0.009894
v 0.072414 0.147927 -0.009068
v 0.072414 0.147927 -0.008494
v 0.072414 0.147927 0.008494
v 0.072414 0.147927 0.009068
v 0.072414 0.147927 0.000000
v 0.072414 0.147927 -0.004247
v 0.072414 0.147927 0.004247
v 0.072414 0.141804 -0.009894
v 0.072414 0.141804 0.009894
v 0.072414 0.141804 -0.009068
v 0.072414 0.141804 -0.008494
v 0.072414 0.141804 0.008494
v 0.072414 0.141804 0.009068
v 0.072414 0.141804 0.000000
v 0.072414 0.141804 -0.004247
v 0.072414 0.141804 0.004247
v 0.072414 0.135681 -0.009894
v 0.072414 0.135681 0.009894
v 0.072414 0.135681 -0.009068
v 0.072414 0.135681 -0.008494
v 0.072414 0.135681 0.008494
v 0.072414 0.135681 0.009068
v 0.072414 0.135681 0.000000
v 0.072414 0.135681 -0.004247
v 0.072414 0.135681 0.004247
v 0.072414 0.129558 -0.009894
v 0.072414 0.129558 0.009894
v 0.072414 0.129558 -0.009068
v 0.072414 0.129558 -0.008494
v 0.072414 0.129558 0.008494
v 0.072414 0.129558 0.009068
v 0.072414 0.129558 0.000000
v 0.072414 0.129558 -0.004247
v 0.072414 0.129558 0.004247
v 0.072414 0.123435 -0.009894
v 0.072414 0.123435 0.009894
v 0.072414 0.123435 -0.009068
v 0.072414 0.123435 -0.008494
v 0.072414 0.123435 0.008494
v 0.072414 0.123435 0.009068
v 0.072414 0.123435 0.000000
v 0.072414 0.123435 -0.004247
v 0.072414 0.123435 0.004247
v 0.072414 0.117312 0.009894
v 0.072414 0.117312 -0.009068
v 0.072414 0.117312 -0.008494
v 0.072414 0.117312 0.008494
v 0.072414 0.117312 0.009068
v 0.072414 0.117312 0.000000
v 0.072414 0.117312 -0.009894
v 0.072414 0.117312 -0.004247
v 0.072414 0.117312 0.004247
v 0.072514 0.151998 -0.009894
v 0.010574 0.154688 -0.009894
v 0.054254 0.154638 0.009994
v 0.049401 0.154638 0.009994
v 0.044548 0.154638 0.009994
v 0.039694 0.154638 0.009994
v 0.072414 0.151988 -0.009894
v 0.034841 0.154638 0.009994
v 0.029988 0.154638 0.009994
v 0.025134 0.154638 0.009994
v 0.020281 0.154638 0.009994
v 0.025134 0.154638 -0.009994
v 0.029988 0.154638 -0.009994
v 0.034841 0.154638 -0.009994
v 0.039694 0.154638 -0.009994
v 0.044548 0.154638 -0.009994
v 0.010574 0.154588 -0.009894
v 0.049401 0.154638 -0.009994
v 0.054254 0.154638 -0.009994
v 0.059107 0.154638 -0.009994
v 0.072464 0.123435 0.009994
v 0.072464 0.126496 0.009994
v 0.072464 0.129558 0.009994
v 0.072464 0.132619 0.009994
v 0.072464 0.135681 0.009994
v 0.072464 0.138742 0.009994
v 0.072464 0.141804 0.009994
v 0.072464 0.144865 0.009994
v 0.072464 0.141804 -0.009994
v 0.072464 0.138742 -0.009994
v 0.072464 0.135681 -0.009994
v 0.072464 0.132619 -0.009994
v 0.072464 0.129558 -0.009994
v 0.072464 0.126496 -0.009994
v 0.072464 0.123435 -0.009994
v 0.072464 0.120373 -0.009994
v 0.072464 0.117312 -0.009994
v 0.072464 0.114250 -0.009994
v 0.072464 0.113676 -0.009879
v 0.072464 0.113189 -0.009554
v 0.072464 0.112864 -0.009068
v 0.072464 0.112750 -0.008494
v 0.072464 0.112750 0.000000
v 0.072464 0.112750 -0.004247
v 0.072464 0.112750 0.004247
v 0.072464 0.112750 0.008494
v 0.072464 0.112864 0.009068
v 0.072464 0.113189 0.009554
v 0.072464 0.113676 0.009879
v 0.072464 0.114250 0.009994
v 0.072464 0.120373 0.009994
v 0.072464 0.117312 0.009994
v 0.072464 0.144865 -0.009994
v -0.009413 0.154638 -0.004247
v -0.009413 0.154638 -0.008494
v -0.009299 0.154638 -0.009068
v -0.008973 0.154638 -0.009554
v -0.008487 0.154638 -0.009879
v -0.007913 0.154638 -0.009994
v 0.001331 0.154638 -0.009994
v -0.003291 0.154638 -0.009994
v 0.015428 0.154638 0.009994
v 0.010574 0.154638 0.009994
v 0.001331 0.154638 0.009994
v 0.005953 0.154638 0.009994
v -0.003291 0.154638 0.009994
v -0.007913 0.154638 0.009994
v -0.008487 0.154638 0.009879
v -0.008973 0.154638 0.009554
v -0.009299 0.154638 0.009068
v -0.009413 0.154638 0.008494
v -0.009413 0.154638 0.000000
v -0.009413 0.154638 0.004247
v 0.072464 0.147927 0.009994
v 0.059107 0.154638 0.009994
v 0.063961 0.154638 -0.009994
v 0.063961 0.154638 0.009994
v 0.020281 0.154638 -0.009994
v 0.072464 0.147927 -0.009994
v 0.068814 0.154638 -0.009994
v 0.068814 0.154638 0.009994
v 0.069819 0.154638 -0.009994
v 0.069819 0.154638 0.009994
v 0.070829 0.154437 -0.009994
v 0.070829 0.154437 0.009994
v 0.071689 0.153863 -0.009994
v 0.072464 0.150988 0.009994
v 0.072464 0.151993 0.009994
v 0.071689 0.153863 0.009994
v 0.072263 0.153003 0.009994
v 0.072263 0.153003 -0.009994
v 0.072464 0.150988 -0.009994
v 0.072464 0.151993 -0.009994
v 0.005953 0.154638 -0.009994
v 0.015428 0.154638 -0.009994
v 0.010574 0.154638 -0.009994
v 0.010574 0.154668 -0.009994
v 0.010574 0.154688 -0.009974
v 0.010574 0.154676 -0.009992
v 0.010574 0.154682 -0.009988
v 0.010574 0.154687 -0.009981
v 0.072514 0.151998 -0.009974
v 0.072494 0.151996 -0.009994
v 0.072513 0.151998 -0.009981
v 0.072508 0.151997 -0.009988
v 0.072502 0.151997 -0.009992
v 0.010574 0.154588 -0.009974
v 0.010574 0.154608 -0.009994
v 0.010574 0.154590 -0.009981
v 0.010574 0.154594 -0.009988
v 0.010574 0.154601 -0.009992
v 0.072434 0.151990 -0.009994
v 0.072414 0.151988 -0.009974
v 0.072426 0.151989 -0.009992
v 0.072420 0.151989 -0.009988
v 0.072416 0.151988 -0.009981
v 0.072310 0.153022 0.009974
v 0.072292 0.153014 0.009994
v 0.072309 0.153022 0.009981
v 0.072305 0.153020 0.009988
v 0.072299 0.153017 0.009992
v 0.072494 0.151996 0.009994
v 0.072514 0.151998 0.009974
v 0.072502 0.151997 0.009992
v 0.072508 0.151997 0.009988
v 0.072513 0.151998 0.009981
v 0.072292 0.153014 -0.009994
v 0.072310 0.153022 -0.009974
v 0.072299 0.153017 -0.009992
v 0.072305 0.153020 -0.009988
v 0.072309 0.153022 -0.009981
v 0.071725 0.153899 0.009974
v 0.071710 0.153884 0.009994
v 0.071723 0.153898 0.009981
v 0.071720 0.153894 0.009988
v 0.071716 0.153890 0.009992
v 0.071710 0.153884 -0.009994
v 0.071725 0.153899 -0.009974
v 0.071716 0.153890 -0.009992
v 0.071720 0.153894 -0.009988
v 0.071723 0.153898 -0.009981
v 0.070848 0.154485 0.009974
v 0.070840 0.154466 0.009994
v 0.070847 0.154483 0.009981
v 0.070846 0.154479 0.009988
v 0.070843 0.154473 0.009992
v 0.070840 0.154466 -0.009994
v 0.070848 0.154485 -0.009974
v 0.070843 0.154473 -0.009992
v 0.070846 0.154479 -0.009988
v 0.070847 0.154483 -0.009981
v 0.069824 0.154688 0.009974
v 0.069822 0.154668 0.009994
v 0.069824 0.154687 0.009981
v 0.069823 0.154682 0.009988
v 0.069823 0.154676 0.009992
v 0.069822 0.154668 -0.009994
v 0.069824 0.154688 -0.009974
v 0.069823 0.154676 -0.009992
v 0.069823 0.154682 -0.009988
v 0.069824 0.154687 -0.009981
v 0.072514 0.150988 -0.009974
v 0.072494 0.150988 -0.009994
v 0.072513 0.150988 -0.009981
v 0.072508 0.150988 -0.009988
v 0.072502 0.150988 -0.009992
v 0.015428 0.154688 -0.009974
v 0.015428 0.154668 -0.009994
v 0.015428 0.154687 -0.009981
v 0.015428 0.154682 -0.009988
v 0.015428 0.154676 -0.009992
v 0.068814 0.154688 0.009974
v 0.068814 0.154668 0.009994
v 0.068814 0.154687 0.009981
v 0.068814 0.154682 0.009988
v 0.068814 0.154676 0.009992
v 0.068814 0.154668 -0.009994
v 0.068814 0.154688 -0.009974
v 0.068814 0.154676 -0.009992
v 0.068814 0.154682 -0.009988
v 0.068814 0.154687 -0.009981
v 0.063961 0.154688 0.009974
v 0.063961 0.154668 0.009994
v 0.063961 0.154687 0.009981
v 0.063961 0.154682 0.009988
v 0.063961 0.154676 0.009992
v 0.072494 0.150988 0.009994
v 0.072514 0.150988 0.009974
v 0.072502 0.150988 0.009992
v 0.072508 0.150988 0.009988
v 0.072513 0.150988 0.009981
v -0.009393 0.154688 0.004247
v -0.009413 0.154668 0.004247
v -0.009400 0.154687 0.004247
v -0.009407 0.154682 0.004247
v -0.009411 0.154676 0.004247
v -0.009413 0.154668 0.008494
v -0.009393 0.154688 0.008492
v -0.009411 0.154676 0.008493
v -0.009407 0.154682 0.008493
v -0.009400 0.154687 0.008492
v -0.009299 0.154668 0.009068
v -0.009280 0.154688 0.009060
v -0.009297 0.154676 0.009067
v -0.009293 0.154682 0.009065
v -0.009287 0.154687 0.009063
v -0.008973 0.154668 0.009554
v -0.008959 0.154688 0.009540
v -0.008972 0.154676 0.009553
v -0.008969 0.154682 0.009550
v -0.008964 0.154687 0.009545
v -0.008487 0.154668 0.009879
v -0.008479 0.154688 0.009861
v -0.008486 0.154676 0.009878
v -0.008484 0.154682 0.009874
v -0.008482 0.154687 0.009868
v -0.007913 0.154668 0.009994
v -0.007911 0.154688 0.009974
v -0.007913 0.154676 0.009992
v -0.007912 0.154682 0.009988
v -0.007912 0.154687 0.009981
v 0.005953 0.154688 0.009974
v 0.005953 0.154668 0.009994
v 0.005953 0.154687 0.009981
v 0.005953 0.154682 0.009988
v 0.005953 0.154676 0.009992
v 0.010574 0.154668 0.009994
v 0.010574 0.154688 0.009974
v 0.010574 0.154676 0.009992
v 0.010574 0.154682 0.009988
v 0.010574 0.154687 0.009981
v -0.003291 0.154688 -0.009974
v -0.003291 0.154668 -0.009994
v -0.003291 0.154687 -0.009981
v -0.003291 0.154682 -0.009988
v -0.003291 0.154676 -0.009992
v -0.007913 0.154668 -0.009994
v -0.007911 0.154688 -0.009974
v -0.007913 0.154676 -0.009992
v -0.007912 0.154682 -0.009988
v -0.007912 0.154687 -0.009981
v -0.008487 0.154668 -0.009879
v -0.008479 0.154688 -0.009861
v -0.008486 0.154676 -0.009878
v -0.008484 0.154682 -0.009874
v -0.008482 0.154687 -0.009868
v -0.008973 0.154668 -0.009554
v -0.008959 0.154688 -0.009540
v -0.008972 0.154676 -0.009553
v -0.008969 0.154682 -0.009550
v -0.008964 0.154687 -0.009545
v -0.009299 0.154668 -0.009068
v -0.009280 0.154688 -0.009060
v -0.009297 0.154676 -0.009067
v -0.009293 0.154682 -0.009065
v -0.009287 0.154687 -0.009063
v -0.009413 0.154668 -0.008494
v -0.009393 0.154688 -0.008492
v -0.009411 0.154676 -0.008493
v -0.009407 0.154682 -0.008493
v -0.009400 0.154687 -0.008492
v 0.072514 0.147927 -0.009974
v 0.072494 0.147927 -0.009994
v 0.072513 0.147927 -0.009981
v 0.072508 0.147927 -0.009988
v 0.072502 0.147927 -0.009992
v 0.072514 0.117312 0.009974
v 0.072494 0.117312 0.009994
v 0.072513 0.117312 0.009981
v 0.072508 0.117312 0.009988
v 0.072502 0.117312 0.009992
v 0.072494 0.114250 0.009994
v 0.072514 0.114252 0.009974
v 0.072502 0.114250 0.009992
v 0.072508 0.114251 0.009988
v 0.072513 0.114251 0.009981
v 0.072494 0.113676 0.009879
v 0.072514 0.113684 0.009861
v 0.072502 0.113677 0.009878
v 0.072508 0.113678 0.009874
v 0.072513 0.113681 0.009868
v 0.072494 0.113189 0.009554
v 0.072514 0.113204 0.009540
v 0.072502 0.113191 0.009553
v 0.072508 0.113194 0.009550
v 0.072513 0.113198 0.009545
v 0.072494 0.112864 0.009068
v 0.072514 0.112883 0.009060
v 0.072502 0.112866 0.009067
v 0.072508 0.112870 0.009065
v 0.072513 0.112876 0.009063
v 0.072494 0.112750 0.008494
v 0.072514 0.112770 0.008492
v 0.072502 0.112752 0.008493
v 0.072508 0.112756 0.008493
v 0.072513 0.112762 0.008492
v 0.072514 0.112770 -0.004247
v 0.072494 0.112750 -0.004247
v 0.072513 0.112762 -0.004247
v 0.072508 0.112756 -0.004247
v 0.072502 0.112752 -0.004247
v 0.072494 0.112750 -0.008494
v 0.072514 0.112770 -0.008492
v 0.072502 0.112752 -0.008493
v 0.072508 0.112756 -0.008493
v 0.072513 0.112762 -0.008492
v 0.072494 0.112864 -0.009068
v 0.072514 0.112883 -0.009060
v 0.072502 0.112866 -0.009067
v 0.072508 0.112870 -0.009065
v 0.072513 0.112876 -0.009063
v 0.072494 0.113189 -0.009554
v 0.072514 0.113204 -0.009540
v 0.072502 0.113191 -0.009553
v 0.072508 0.113194 -0.009550
v 0.072513 0.113198 -0.009545
v 0.072494 0.113676 -0.009879
v 0.072514 0.113684 -0.009861
v 0.072502 0.113677 -0.009878
v 0.072508 0.113678 -0.009874
v 0.072513 0.113681 -0.009868
v 0.072494 0.114250 -0.009994
v 0.072514 0.114252 -0.009974
v 0.072502 0.114250 -0.009992
v 0.072508 0.114251 -0.009988
v 0.072513 0.114251 -0.009981
v -0.009393 0.154688 -0.004247
v -0.009413 0.154668 -0.004247
v -0.009400 0.154687 -0.004247
v -0.009407 0.154682 -0.004247
v -0.009411 0.154676 -0.004247
v -0.009413 0.154668 0.000000
v -0.009393 0.154688 0.000000
v -0.009411 0.154676 0.000000
v -0.009407 0.154682 0.000000
v -0.009400 0.154687 0.000000
v 0.072514 0.112770 0.004247
v 0.072494 0.112750 0.004247
v 0.072513 0.112762 0.004247
v 0.072508 0.112756 0.004247
v 0.072502 0.112752 0.004247
v 0.072494 0.112750 0.000000
v 0.072514 0.112770 0.000000
v 0.072502 0.112752 0.000000
v 0.072508 0.112756 0.000000
v 0.072513 0.112762 0.000000
v 0.072514 0.117312 -0.009974
v 0.072494 0.117312 -0.009994
v 0.072513 0.117312 -0.009981
v 0.072508 0.117312 -0.009988
v 0.072502 0.117312 -0.009992
v 0.072494 0.120373 -0.009994
v 0.072514 0.120373 -0.009974
v 0.072502 0.120373 -0.009992
v 0.072508 0.120373 -0.009988
v 0.072513 0.120373 -0.009981
v 0.072514 0.123435 -0.009974
v 0.072494 0.123435 -0.009994
v 0.072513 0.123435 -0.009981
v 0.072508 0.123435 -0.009988
v 0.072502 0.123435 -0.009992
v 0.072494 0.126496 -0.009994
v 0.072514 0.126496 -0.009974
v 0.072502 0.126496 -0.009992
v 0.072508 0.126496 -0.009988
v 0.072513 0.126496 -0.009981
v 0.072514 0.129558 -0.009974
v 0.072494 0.129558 -0.009994
v 0.072513 0.129558 -0.009981
v 0.072508 0.129558 -0.009988
v 0.072502 0.129558 -0.009992
v 0.072494 0.132619 -0.009994
v 0.072514 0.132619 -0.009974
v 0.072502 0.132619 -0.009992
v 0.072508 0.132619 -0.009988
v 0.072513 0.132619 -0.009981
v 0.072514 0.135681 -0.009974
v 0.072494 0.135681 -0.009994
v 0.072513 0.135681 -0.009981
v 0.072508 0.135681 -0.009988
v 0.072502 0.135681 -0.009992
v 0.072494 0.138742 -0.009994
v 0.072514 0.138742 -0.009974
v 0.072502 0.138742 -0.009992
v 0.072508 0.138742 -0.009988
v 0.072513 0.138742 -0.009981
v 0.072514 0.141804 -0.009974
v 0.072494 0.141804 -0.009994
v 0.072513 0.141804 -0.009981
v 0.072508 0.141804 -0.009988
v 0.072502 0.141804 -0.009992
v 0.072494 0.144865 -0.009994
v 0.072514 0.144865 -0.009974
v 0.072502 0.144865 -0.009992
v 0.072508 0.144865 -0.009988
v 0.072513 0.144865 -0.009981
v 0.072514 0.147927 0.009974
v 0.072494 0.147927 0.009994
v 0.072513 0.147927 0.009981
v 0.072508 0.147927 0.009988
v 0.072502 0.147927 0.009992
v 0.072494 0.144865 0.009994
v 0.072514 0.144865 0.009974
v 0.072502 0.144865 0.009992
v 0.072508 0.144865 0.009988
v 0.072513 0.144865 0.009981
v 0.072514 0.141804 0.009974
v 0.072494 0.141804 0.009994
v 0.072513 0.141804 0.009981
v 0.072508 0.141804 0.009988
v 0.072502 0.141804 0.009992
v 0.072494 0.138742 0.009994
v 0.072514 0.138742 0.009974
v 0.072502 0.138742 0.009992
v 0.072508 0.138742 0.009988
v 0.072513 0.138742 0.009981
v 0.072514 0.135681 0.009974
v 0.072494 0.135681 0.009994
v 0.072513 0.135681 0.009981
v 0.072508 0.135681 0.009988
v 0.072502 0.135681 0.009992
v 0.072494 0.132619 0.009994
v 0.072514 0.132619 0.009974
v 0.072502 0.132619 0.009992
v 0.072508 0.132619 0.009988
v 0.072513 0.132619 0.009981
v 0.072514 0.129558 0.009974
v 0.072494 0.129558 0.009994
v 0.072513 0.129558 0.009981
v 0.072508 0.129558 0.009988
v 0.072502 0.129558 0.009992
v 0.072494 0.126496 0.009994
v 0.072514 0.126496 0.009974
v 0.072502 0.126496 0.009992
v 0.072508 0.126496 0.009988
v 0.072513 0.126496 0.009981
v 0.072514 0.123435 0.009974
v 0.072494 0.123435 0.009994
v 0.072513 0.123435 0.009981
v 0.072508 0.123435 0.009988
v 0.072502 0.123435 0.009992
v 0.072494 0.120373 0.009994
v 0.072514 0.120373 0.009974
v 0.072502 0.120373 0.009992
v 0.072508 0.120373 0.009988
v 0.072513 0.120373 0.009981
v 0.063961 0.154668 -0.009994
v 0.063961 0.154688 -0.009974
v 0.063961 0.154676 -0.009992
v 0.063961 0.154682 -0.009988
v 0.063961 0.154687 -0.009981
v 0.059107 0.154668 -0.009994
v 0.059107 0.154688 -0.009974
v 0.059107 0.154676 -0.009992
v 0.059107 0.154682 -0.009988
v 0.059107 0.154687 -0.009981
v 0.054254 0.154668 -0.009994
v 0.054254 0.154688 -0.009974
v 0.054254 0.154676 -0.009992
v 0.054254 0.154682 -0.009988
v 0.054254 0.154687 -0.009981
v 0.049401 0.154668 -0.009994
v 0.049401 0.154688 -0.009974
v 0.049401 0.154676 -0.009992
v 0.049401 0.154682 -0.009988
v 0.049401 0.154687 -0.009981
v 0.044548 0.154668 -0.009994
v 0.044548 0.154688 -0.009974
v 0.044548 0.154676 -0.009992
v 0.044548 0.154682 -0.009988
v 0.044548 0.154687 -0.009981
v 0.039694 0.154668 -0.009994
v 0.039694 0.154688 -0.009974
v 0.039694 0.154676 -0.009992
v 0.039694 0.154682 -0.009988
v 0.039694 0.154687 -0.009981
v 0.034841 0.154668 -0.009994
v 0.034841 0.154688 -0.009974
v 0.034841 0.154676 -0.009992
v 0.034841 0.154682 -0.009988
v 0.034841 0.154687 -0.009981
v 0.029988 0.154668 -0.009994
v 0.029988 0.154688 -0.009974
v 0.029988 0.154676 -0.009992
v 0.029988 0.154682 -0.009988
v 0.029988 0.154687 -0.009981
v 0.025134 0.154668 -0.009994
v 0.025134 0.154688 -0.009974
v 0.025134 0.154676 -0.009992
v 0.025134 0.154682 -0.009988
v 0.025134 0.154687 -0.009981
v 0.020281 0.154668 -0.009994
v 0.020281 0.154688 -0.009974
v 0.020281 0.154676 -0.009992
v 0.020281 0.154682 -0.009988
v 0.020281 0.154687 -0.009981
v 0.015428 0.154668 0.009994
v 0.015428 0.154688 0.009974
v 0.015428 0.154676 0.009992
v 0.015428 0.154682 0.009988
v 0.015428 0.154687 0.009981
v 0.020281 0.154668 0.009994
v 0.020281 0.154688 0.009974
v 0.020281 0.154676 0.009992
v 0.020281 0.154682 0.009988
v 0.020281 0.154687 0.009981
v 0.025134 0.154668 0.009994
v 0.025134 0.154688 0.009974
v 0.025134 0.154676 0.009992
v 0.025134 0.154682 0.009988
v 0.025134 0.154687 0.009981
v 0.029988 0.154668 0.009994
v 0.029988 0.154688 0.009974
v 0.029988 0.154676 0.009992
v 0.029988 0.154682 0.009988
v 0.029988 0.154687 0.009981
v 0.034841 0.154668 0.009994
v 0.034841 0.154688 0.009974
v 0.034841 0.154676 0.009992
v 0.034841 0.154682 0.009988
v 0.034841 0.154687 0.009981
v 0.039694 0.154668 0.009994
v 0.039694 0.154688 0.009974
v 0.039694 0.154676 0.009992
v 0.039694 0.154682 0.009988
v 0.039694 0.154687 0.009981
v 0.044548 0.154668 0.009994
v 0.044548 0.154688 0.009974
v 0.044548 0.154676 0.009992
v 0.044548 0.154682 0.009988
v 0.044548 0.154687 0.009981
v 0.049401 0.154668 0.009994
v 0.049401 0.154688 0.009974
v 0.049401 0.154676 0.009992
v 0.049401 0.154682 0.009988
v 0.049401 0.154687 0.009981
v 0.054254 0.154668 0.009994
v 0.054254 0.154688 0.009974
v 0.054254 0.154676 0.009992
v 0.054254 0.154682 0.009988
v 0.054254 0.154687 0.009981
v 0.059107 0.154668 0.009994
v 0.059107 0.154688 0.009974
v 0.059107 0.154676 0.009992
v 0.059107 0.154682 0.009988
v 0.059107 0.154687 0.009981
v -0.003291 0.154668 0.009994
v -0.003291 0.154688 0.009974
v -0.003291 0.154676 0.009992
v -0.003291 0.154682 0.009988
v -0.003291 0.154687 0.009981
v 0.001331 0.154668 0.009994
v 0.001331 0.154688 0.009974
v 0.001331 0.154676 0.009992
v 0.001331 0.154682 0.009988
v 0.001331 0.154687 0.009981
v 0.005953 0.154668 -0.009994
v 0.005953 0.154688 -0.009974
v 0.005953 0.154676 -0.009992
v 0.005953 0.154682 -0.009988
v 0.005953 0.154687 -0.009981
v 0.001331 0.154668 -0.009994
v 0.001331 0.154688 -0.009974
v 0.001331 0.154676 -0.009992
v 0.001331 0.154682 -0.009988
v 0.001331 0.154687 -0.009981
v 0.072235 0.152991 0.009994
v 0.072216 0.152983 0.009974
v 0.072228 0.152988 0.009992
v 0.072222 0.152986 0.009988
v 0.072218 0.152984 0.009981
v 0.072414 0.151988 0.009974
v 0.072434 0.151990 0.009994
v 0.072416 0.151988 0.009981
v 0.072420 0.151989 0.009988
v 0.072426 0.151989 0.009992
v 0.072216 0.152983 -0.009974
v 0.072235 0.152991 -0.009994
v 0.072218 0.152984 -0.009981
v 0.072222 0.152986 -0.009988
v 0.072228 0.152988 -0.009992
v 0.071667 0.153841 0.009994
v 0.071653 0.153827 0.009974
v 0.071662 0.153836 0.009992
v 0.071657 0.153831 0.009988
v 0.071654 0.153828 0.009981
v 0.071653 0.153827 -0.009974
v 0.071667 0.153841 -0.009994
v 0.071654 0.153828 -0.009981
v 0.071657 0.153831 -0.009988
v 0.071662 0.153836 -0.009992
v 0.070817 0.154409 0.009994
v 0.070809 0.154390 0.009974
v 0.070814 0.154402 0.009992
v 0.070811 0.154396 0.009988
v 0.070810 0.154392 0.009981
v 0.070809 0.154390 -0.009974
v 0.070817 0.154409 -0.009994
v 0.070810 0.154392 -0.009981
v 0.070811 0.154396 -0.009988
v 0.070814 0.154402 -0.009992
v 0.069816 0.154608 0.009994
v 0.069814 0.154588 0.009974
v 0.069815 0.154601 0.009992
v 0.069815 0.154594 0.009988
v 0.069814 0.154590 0.009981
v 0.069814 0.154588 -0.009974
v 0.069816 0.154608 -0.009994
v 0.069814 0.154590 -0.009981
v 0.069815 0.154594 -0.009988
v 0.069815 0.154601 -0.009992
v 0.072434 0.150988 -0.009994
v 0.072414 0.150988 -0.009974
v 0.072426 0.150988 -0.009992
v 0.072420 0.150988 -0.009988
v 0.072416 0.150988 -0.009981
v 0.015428 0.154608 -0.009994
v 0.015428 0.154588 -0.009974
v 0.015428 0.154601 -0.009992
v 0.015428 0.154594 -0.009988
v 0.015428 0.154590 -0.009981
v 0.068814 0.154608 0.009994
v 0.068814 0.154588 0.009974
v 0.068814 0.154601 0.009992
v 0.068814 0.154594 0.009988
v 0.068814 0.154590 0.009981
v 0.068814 0.154588 -0.009974
v 0.068814 0.154608 -0.009994
v 0.068814 0.154590 -0.009981
v 0.068814 0.154594 -0.009988
v 0.068814 0.154601 -0.009992
v 0.063961 0.154608 0.009994
v 0.063961 0.154588 0.009974
v 0.063961 0.154601 0.009992
v 0.063961 0.154594 0.009988
v 0.063961 0.154590 0.009981
v 0.072414 0.150988 0.009974
v 0.072434 0.150988 0.009994
v 0.072416 0.150988 0.009981
v 0.072420 0.150988 0.009988
v 0.072426 0.150988 0.009992
v -0.009413 0.154608 0.004247
v -0.009393 0.154588 0.004247
v -0.009411 0.154601 0.004247
v -0.009407 0.154594 0.004247
v -0.009400 0.154590 0.004247
v -0.009393 0.154588 0.008492
v -0.009413 0.154608 0.008494
v -0.009400 0.154590 0.008492
v -0.009407 0.154594 0.008493
v -0.009411 0.154601 0.008493
v -0.009280 0.154588 0.009060
v -0.009299 0.154608 0.009068
v -0.009287 0.154590 0.009063
v -0.009293 0.154594 0.009065
v -0.009297 0.154601 0.009067
v -0.008959 0.154588 0.009540
v -0.008973 0.154608 0.009554
v -0.008964 0.154590 0.009545
v -0.008969 0.154594 0.009550
v -0.008972 0.154601 0.009553
v -0.008479 0.154588 0.009861
v -0.008487 0.154608 0.009879
v -0.008482 0.154590 0.009868
v -0.008484 0.154594 0.009874
v -0.008486 0.154601 0.009878
v -0.007911 0.154588 0.009974
v -0.007913 0.154608 0.009994
v -0.007912 0.154590 0.009981
v -0.007912 0.154594 0.009988
v -0.007913 0.154601 0.009992
v 0.005953 0.154608 0.009994
v 0.005953 0.154588 0.009974
v 0.005953 0.154601 0.009992
v 0.005953 0.154594 0.009988
v 0.005953 0.154590 0.009981
v 0.010574 0.154588 0.009974
v 0.010574 0.154608 0.009994
v 0.010574 0.154590 0.009981
v 0.010574 0.154594 0.009988
v 0.010574 0.154601 0.009992
v -0.003291 0.154608 -0.009994
v -0.003291 0.154588 -0.009974
v -0.003291 0.154601 -0.009992
v -0.003291 0.154594 -0.009988
v -0.003291 0.154590 -0.009981
v -0.007911 0.154588 -0.009974
v -0.007913 0.154608 -0.009994
v -0.007912 0.154590 -0.009981
v -0.007912 0.154594 -0.009988
v -0.007913 0.154601 -0.009992
v -0.008479 0.154588 -0.009861
v -0.008487 0.154608 -0.009879
v -0.008482 0.154590 -0.009868
v -0.008484 0.154594 -0.009874
v -0.008486 0.154601 -0.009878
v -0.008959 0.154588 -0.009540
v -0.008973 0.154608 -0.009554
v -0.008964 0.154590 -0.009545
v -0.008969 0.154594 -0.009550
v -0.008972 0.154601 -0.009553
v -0.009280 0.154588 -0.009060
v -0.009299 0.154608 -0.009068
v -0.009287 0.154590 -0.009063
v -0.009293 0.154594 -0.009065
v -0.009297 0.154601 -0.009067
v -0.009393 0.154588 -0.008492
v -0.009413 0.154608 -0.008494
v -0.009400 0.154590 -0.008492
v -0.009407 0.154594 -0.008493
v -0.009411 0.154601 -0.008493
v 0.072434 0.147927 -0.009994
v 0.072414 0.147927 -0.009974
v 0.072426 0.147927 -0.009992
v 0.072420 0.147927 -0.009988
v 0.072416 0.147927 -0.009981
v 0.072434 0.117312 0.009994
v 0.072414 0.117312 0.009974
v 0.072426 0.117312 0.009992
v 0.072420 0.117312 0.009988
v 0.072416 0.117312 0.009981
v 0.072414 0.114252 0.009974
v 0.072434 0.114250 0.009994
v 0.072416 0.114251 0.009981
v 0.072420 0.114251 0.009988
v 0.072426 0.114250 0.009992
v 0.072414 0.113684 0.009861
v 0.072434 0.113676 0.009879
v 0.072416 0.113681 0.009868
v 0.072420 0.113678 0.009874
v 0.072426 0.113677 0.009878
v 0.072414 0.113204 0.009540
v 0.072434 0.113189 0.009554
v 0.072416 0.113198 0.009545
v 0.072420 0.113194 0.009550
v 0.072426 0.113191 0.009553
v 0.072414 0.112883 0.009060
v 0.072434 0.112864 0.009068
v 0.072416 0.112876 0.009063
v 0.072420 0.112870 0.009065
v 0.072426 0.112866 0.009067
v 0.072414 0.112770 0.008492
v 0.072434 0.112750 0.008494
v 0.072416 0.112762 0.008492
v 0.072420 0.112756 0.008493
v 0.072426 0.112752 0.008493
v 0.072434 0.112750 -0.004247
v 0.072414 0.112770 -0.004247
v 0.072426 0.112752 -0.004247
v 0.072420 0.112756 -0.004247
v 0.072416 0.112762 -0.004247
v 0.072414 0.112770 -0.008492
v 0.072434 0.112750 -0.008494
v 0.072416 0.112762 -0.008492
v 0.072420 0.112756 -0.008493
v 0.072426 0.112752 -0.008493
v 0.072414 0.112883 -0.009060
v 0.072434 0.112864 -0.009068
v 0.072416 0.112876 -0.009063
v 0.072420 0.112870 -0.009065
v 0.072426 0.112866 -0.009067
v 0.072414 0.113204 -0.009540
v 0.072434 0.113189 -0.009554
v 0.072416 0.113198 -0.009545
v 0.072420 0.113194 -0.009550
v 0.072426 0.113191 -0.009553
v 0.072414 0.113684 -0.009861
v 0.072434 0.113676 -0.009879
v 0.072416 0.113681 -0.009868
v 0.072420 0.113678 -0.009874
v 0.072426 0.113677 -0.009878
v 0.072414 0.114252 -0.009974
v 0.072434 0.114250 -0.009994
v 0.072416 0.114251 -0.009981
v 0.072420 0.114251 -0.009988
v 0.072426 0.114250 -0.009992
v -0.009413 0.154608 -0.004247
v -0.009393 0.154588 -0.004247
v -0.009411 0.154601 -0.004247
v -0.009407 0.154594 -0.004247
v -0.009400 0.154590 -0.004247
v -0.009393 0.154588 0.000000
v -0.009413 0.154608 0.000000
v -0.009400 0.154590 0.000000
v -0.009407 0.154594 0.000000
v -0.009411 0.154601 0.000000
v 0.072434 0.112750 0.004247
v 0.072414 0.112770 0.004247
v 0.072426 0.112752 0.004247
v 0.072420 0.112756 0.004247
v 0.072416 0.112762 0.004247
v 0.072414 0.112770 0.000000
v 0.072434 0.112750 0.000000
v 0.072416 0.112762 0.000000
v 0.072420 0.112756 0.000000
v 0.072426 0.112752 0.000000
v 0.072434 0.117312 -0.009994
v 0.072414 0.117312 -0.009974
v 0.072426 0.117312 -0.009992
v 0.072420 0.117312 -0.009988
v 0.072416 0.117312 -0.009981
v 0.072414 0.120373 -0.009974
v 0.072434 0.120373 -0.009994
v 0.072416 0.120373 -0.009981
v 0.072420 0.120373 -0.009988
v 0.072426 0.120373 -0.009992
v 0.072434 0.123435 -0.009994
v 0.072414 0.123435 -0.009974
v 0.072426 0.123435 -0.009992
v 0.072420 0.123435 -0.009988
v 0.072416 0.123435 -0.009981
v 0.072414 0.126496 -0.009974
v 0.072434 0.126496 -0.009994
v 0.072416 0.126496 -0.009981
v 0.072420 0.126496 -0.009988
v 0.072426 0.126496 -0.009992
v 0.072434 0.129558 -0.009994
v 0.072414 0.129558 -0.009974
v 0.072426 0.129558 -0.009992
v 0.072420 0.129558 -0.009988
v 0.072416 0.129558 -0.009981
v 0.072414 0.132619 -0.009974
v 0.072434 0.132619 -0.009994
v 0.072416 0.132619 -0.009981
v 0.072420 0.132619 -0.009988
v 0.072426 0.132619 -0.009992
v 0.072434 0.135681 -0.009994
v 0.072414 0.135681 -0.009974
v 0.072426 0.135681 -0.009992
v 0.072420 0.135681 -0.009988
v 0.072416 0.135681 -0.009981
v 0.072414 0.138742 -0.009974
v 0.072434 0.138742 -0.009994
v 0.072416 0.138742 -0.009981
v 0.072420 0.138742 -0.009988
v 0.072426 0.138742 -0.009992
v 0.072434 0.141804 -0.009994
v 0.072414 0.141804 -0.009974
v 0.072426 0.141804 -0.009992
v 0.072420 0.141804 -0.009988
v 0.072416 0.141804 -0.009981
v 0.072414 0.144865 -0.009974
v 0.072434 0.144865 -0.009994
v 0.072416 0.144865 -0.009981
v 0.072420 0.144865 -0.009988
v 0.072426 0.144865 -0.009992
v 0.072434 0.147927 0.009994
v 0.072414 0.147927 0.009974
v 0.072426 0.147927 0.009992
v 0.072420 0.147927 0.009988
v 0.072416 0.147927 0.009981
v 0.072414 0.144865 0.009974
v 0.072434 0.144865 0.009994
v 0.072416 0.144865 0.009981
v 0.072420 0.144865 0.009988
v 0.072426 0.144865 0.009992
v 0.072434 0.141804 0.009994
v 0.072414 0.141804 0.009974
v 0.072426 0.141804 0.009992
v 0.072420 0.141804 0.009988
v 0.072416 0.141804 0.009981
v 0.072414 0.138742 0.009974
v 0.072434 0.138742 0.009994
v 0.072416 0.138742 0.009981
v 0.072420 0.138742 0.009988
v 0.072426 0.138742 0.009992
v 0.072434 0.135681 0.009994
v 0.072414 0.135681 0.009974
v 0.072426 0.135681 0.009992
v 0.072420 0.135681 0.009988
v 0.072416 0.135681 0.009981
v 0.072414 0.132619 0.009974
v 0.072434 0.132619 0.009994
v 0.072416 0.132619 0.009981
v 0.072420 0.132619 0.009988
v 0.072426 0.132619 0.009992
v 0.072434 0.129558 0.009994
v 0.072414 0.129558 0.009974
v 0.072426 0.129558 0.009992
v 0.072420 0.129558 0.009988
v 0.072416 0.129558 0.009981
v 0.072414 0.126496 0.009974
v 0.072434 0.126496 0.009994
v 0.072416 0.126496 0.009981
v 0.072420 0.126496 0.009988
v 0.072426 0.126496 0.009992
v 0.072434 0.123435 0.009994
v 0.072414 0.123435 0.009974
v 0.072426 0.123435 0.009992
v 0.072420 0.123435 0.009988
v 0.072416 0.123435 0.009981
v 0.072414 0.120373 0.009974
v 0.072434 0.120373 0.009994
v 0.072416 0.120373 0.009981
v 0.072420 0.120373 0.009988
v 0.072426 0.120373 0.009992
v 0.063961 0.154588 -0.009974
v 0.063961 0.154608 -0.009994
v 0.063961 0.154590 -0.009981
v 0.063961 0.154594 -0.009988
v 0.063961 0.154601 -0.009992
v 0.059107 0.154588 -0.009974
v 0.059107 0.154608 -0.009994
v 0.059107 0.154590 -0.009981
v 0.059107 0.154594 -0.009988
v 0.059107 0.154601 -0.009992
v 0.054254 0.154588 -0.009974
v 0.054254 0.154608 -0.009994
v 0.054254 0.154590 -0.009981
v 0.054254 0.154594 -0.009988
v 0.054254 0.154601 -0.009992
v 0.049401 0.154588 -0.009974
v 0.049401 0.154608 -0.009994
v 0.049401 0.154590 -0.009981
v 0.049401 0.154594 -0.009988
v 0.049401 0.154601 -0.009992
v 0.044548 0.154588 -0.009974
v 0.044548 0.154608 -0.009994
v 0.044548 0.154590 -0.009981
v 0.044548 0.154594 -0.009988
v 0.044548 0.154601 -0.009992
v 0.039694 0.154588 -0.009974
v 0.039694 0.154608 -0.009994
v 0.039694 0.154590 -0.009981
v 0.039694 0.154594 -0.009988
v 0.039694 0.154601 -0.009992
v 0.034841 0.154588 -0.009974
v 0.034841 0.154608 -0.009994
v 0.034841 0.154590 -0.009981
v 0.034841 0.154594 -0.009988
v 0.034841 0.154601 -0.009992
v 0.029988 0.154588 -0.009974
v 0.029988 0.154608 -0.009994
v 0.029988 0.154590 -0.009981
v 0.029988 0.154594 -0.009988
v 0.029988 0.154601 -0.009992
v 0.025134 0.154588 -0.009974
v 0.025134 0.154608 -0.009994
v 0.025134 0.154590 -0.009981
v 0.025134 0.154594 -0.009988
v 0.025134 0.154601 -0.009992
v 0.020281 0.154588 -0.009974
v 0.020281 0.154608 -0.009994
v 0.020281 0.154590 -0.009981
v 0.020281 0.154594 -0.009988
v 0.020281 0.154601 -0.009992
v 0.015428 0.154588 0.009974
v 0.015428 0.154608 0.009994
v 0.015428 0.154590 0.009981
v 0.015428 0.154594 0.009988
v 0.015428 0.154601 0.009992
v 0.020281 0.154588 0.009974
v 0.020281 0.154608 0.009994
v 0.020281 0.154590 0.009981
v 0.020281 0.154594 0.009988
v 0.020281 0.154601 0.009992
v 0.025134 0.154588 0.009974
v 0.025134 0.154608 0.009994
v 0.025134 0.154590 0.009981
v 0.025134 0.154594 0.009988
v 0.025134 0.154601 0.009992
v 0.029988 0.154588 0.009974
v 0.029988 0.154608 0.009994
v 0.029988 0.154590 0.009981
v 0.029988 0.154594 0.009988
v 0.029988 0.154601 0.009992
v 0.034841 0.154588 0.009974
v 0.034841 0.154608 0.009994
v 0.034841 0.154590 0.009981
v 0.034841 0.154594 0.009988
v 0.034841 0.154601 0.009992
v 0.039694 0.154588 0.009974
v 0.039694 0.154608 0.009994
v 0.039694 0.154590 0.009981
v 0.039694 0.154594 0.009988
v 0.039694 0.154601 0.009992
v 0.044548 0.154588 0.009974
v 0.044548 0.154608 0.009994
v 0.044548 0.154590 0.009981
v 0.044548 0.154594 0.009988
v 0.044548 0.154601 0.009992
v 0.049401 0.154588 0.009974
v 0.049401 0.154608 0.009994
v 0.049401 0.154590 0.009981
v 0.049401 0.154594 0.009988
v 0.049401 0.154601 0.009992
v 0.054254 0.154588 0.009974
v 0.054254 0.154608 0.009994
v 0.054254 0.154590 0.009981
v 0.054254 0.154594 0.009988
v 0.054254 0.154601 0.009992
v 0.059107 0.154588 0.009974
v 0.059107 0.154608 0.009994
v 0.059107 0.154590 0.009981
v 0.059107 0.154594 0.009988
v 0.059107 0.154601 0.009992
v -0.003291 0.154588 0.009974
v -0.003291 0.154608 0.009994
v -0.003291 0.154590 0.009981
v -0.003291 0.154594 0.009988
v -0.003291 0.154601 0.009992
v 0.001331 0.154588 0.009974
v 0.001331 0.154608 0.009994
v 0.001331 0.154590 0.009981
v 0.001331 0.154594 0.009988
v 0.001331 0.154601 0.009992
v 0.005953 0.154588 -0.009974
v 0.005953 0.154608 -0.009994
v 0.005953 0.154590 -0.009981
v 0.005953 0.154594 -0.009988
v 0.005953 0.154601 -0.009992
v 0.001331 0.154588 -0.009974
v 0.001331 0.154608 -0.009994
v 0.001331 0.154590 -0.009981
v 0.001331 0.154594 -0.009988
v 0.001331 0.154601 -0.009992
vt 0.902514 0.067155
vt 0.902514 0.070960
vt 0.901488 0.070960
vt 0.901488 0.067155
vt 0.902514 0.078687
vt 0.901488 0.078687
vt 0.901488 0.077432
vt 0.902514 0.077432
vt 0.925056 0.072215
vt 0.926082 0.072215
vt 0.926082 0.073513
vt 0.925056 0.073513
vt 0.926082 0.074823
vt 0.925056 0.074823
vt 0.926082 0.076134
vt 0.925056 0.076134
vt 0.926082 0.077432
vt 0.925056 0.077432
vt 0.908506 0.072215
vt 0.903228 0.072215
vt 0.903228 0.070960
vt 0.908506 0.070960
vt 0.902514 0.084719
vt 0.901488 0.084719
vt 0.902514 0.072215
vt 0.901488 0.072215
vt 0.925056 0.156820
vt 0.925056 0.151075
vt 0.926082 0.151075
vt 0.926082 0.156820
vt 0.908506 0.084719
vt 0.903228 0.084719
vt 0.903228 0.078687
vt 0.908506 0.078687
vt 0.902514 0.076134
vt 0.903228 0.076134
vt 0.903228 0.077432
vt 0.902514 0.074823
vt 0.903228 0.074823
vt 0.902514 0.073513
vt 0.903228 0.073513
vt 0.908506 0.077432
vt 0.925056 0.078687
vt 0.924342 0.078687
vt 0.924342 0.077432
vt 0.925056 0.084719
vt 0.924342 0.084719
vt 0.924342 0.072215
vt 0.924342 0.070960
vt 0.925056 0.070960
vt 0.919063 0.076134
vt 0.924342 0.076134
vt 0.919063 0.077432
vt 0.919063 0.074823
vt 0.924342 0.074823
vt 0.919063 0.073513
vt 0.924342 0.073513
vt 0.919063 0.072215
vt 0.902514 0.156820
vt 0.901488 0.156820
vt 0.901488 0.151075
vt 0.902514 0.151075
vt 0.908506 0.156820
vt 0.903228 0.156820
vt 0.903228 0.151075
vt 0.908506 0.151075
vt 0.908506 0.174767
vt 0.903228 0.174767
vt 0.903228 0.174054
vt 0.908506 0.174054
vt 0.925056 0.174767
vt 0.925056 0.174054
vt 0.926082 0.174042
vt 0.925948 0.174719
vt 0.902514 0.174767
vt 0.901623 0.174719
vt 0.901488 0.174042
vt 0.902514 0.174054
vt 0.919064 0.174767
vt 0.913785 0.174767
vt 0.913785 0.174054
vt 0.919064 0.174054
vt 0.919064 0.156820
vt 0.913785 0.156820
vt 0.913785 0.151075
vt 0.919064 0.151075
vt 0.913785 0.072215
vt 0.913785 0.073513
vt 0.908506 0.073513
vt 0.913785 0.074823
vt 0.908506 0.074823
vt 0.913785 0.076134
vt 0.908506 0.076134
vt 0.913785 0.077432
vt 0.919063 0.078687
vt 0.913785 0.078687
vt 0.919063 0.084719
vt 0.913785 0.084719
vt 0.913785 0.070960
vt 0.919063 0.070960
vt 0.926082 0.070960
vt 0.926082 0.084719
vt 0.926082 0.078687
vt 0.924342 0.156820
vt 0.924342 0.151075
vt 0.901488 0.073513
vt 0.901488 0.074823
vt 0.901488 0.076134
vt 0.924342 0.174767
vt 0.924342 0.174054
vt 0.903240 0.175794
vt 0.902563 0.175659
vt 0.908506 0.175794
vt 0.919064 0.175794
vt 0.913785 0.175794
vt 0.924330 0.175794
vt 0.925007 0.175659
vt 0.925571 0.175283
vt 0.901999 0.175283
vt 0.908507 0.024583
vt 0.903228 0.024583
vt 0.903240 0.023556
vt 0.908507 0.023556
vt 0.903228 0.067155
vt 0.925948 0.024632
vt 0.925056 0.024583
vt 0.925007 0.023691
vt 0.925571 0.024068
vt 0.924342 0.024583
vt 0.924330 0.023556
vt 0.903228 0.025297
vt 0.902515 0.025297
vt 0.902515 0.024583
vt 0.908507 0.029102
vt 0.903228 0.029102
vt 0.908507 0.025297
vt 0.925056 0.029102
vt 0.924342 0.029102
vt 0.924342 0.025297
vt 0.925056 0.025297
vt 0.926082 0.029102
vt 0.926082 0.025309
vt 0.901488 0.025309
vt 0.901623 0.024631
vt 0.902563 0.023691
vt 0.901999 0.024068
vt 0.919064 0.025297
vt 0.913785 0.025297
vt 0.913785 0.024583
vt 0.919064 0.024583
vt 0.913785 0.023556
vt 0.919064 0.023556
vt 0.919064 0.029102
vt 0.913785 0.029102
vt 0.919064 0.067155
vt 0.913785 0.067155
vt 0.913785 0.063349
vt 0.919064 0.063349
vt 0.919064 0.059544
vt 0.913785 0.059544
vt 0.913785 0.055739
vt 0.919064 0.055739
vt 0.919064 0.051933
vt 0.913785 0.051933
vt 0.913785 0.048128
vt 0.919064 0.048128
vt 0.919064 0.044323
vt 0.913785 0.044323
vt 0.913785 0.040518
vt 0.919064 0.040518
vt 0.919064 0.036712
vt 0.913785 0.036712
vt 0.913785 0.032907
vt 0.919064 0.032907
vt 0.926082 0.067155
vt 0.925056 0.067155
vt 0.925056 0.063349
vt 0.926082 0.063349
vt 0.926082 0.059544
vt 0.925056 0.059544
vt 0.925056 0.055739
vt 0.926082 0.055739
vt 0.926082 0.051934
vt 0.925056 0.051933
vt 0.925056 0.048128
vt 0.926082 0.048128
vt 0.926082 0.044323
vt 0.925056 0.044323
vt 0.925056 0.040518
vt 0.926082 0.040518
vt 0.926082 0.036712
vt 0.925056 0.036712
vt 0.925056 0.032907
vt 0.926082 0.032907
vt 0.924342 0.067155
vt 0.924342 0.063349
vt 0.924342 0.059544
vt 0.924342 0.055739
vt 0.924342 0.051933
vt 0.924342 0.048128
vt 0.924342 0.044323
vt 0.924342 0.040518
vt 0.924342 0.036712
vt 0.924342 0.032907
vt 0.908506 0.067155
vt 0.903228 0.063349
vt 0.908506 0.063349
vt 0.908506 0.059544
vt 0.903228 0.059544
vt 0.903228 0.055739
vt 0.908506 0.055739
vt 0.908506 0.051933
vt 0.903228 0.051933
vt 0.903228 0.048128
vt 0.908506 0.048128
vt 0.908507 0.044323
vt 0.903228 0.044323
vt 0.903228 0.040518
vt 0.908507 0.040518
vt 0.908507 0.036712
vt 0.903228 0.036712
vt 0.903228 0.032907
vt 0.908507 0.032907
vt 0.902515 0.032907
vt 0.902515 0.029102
vt 0.902514 0.040518
vt 0.902514 0.036712
vt 0.902514 0.048128
vt 0.902514 0.044323
vt 0.902514 0.055739
vt 0.902514 0.051933
vt 0.902514 0.063349
vt 0.902514 0.059544
vt 0.901488 0.032907
vt 0.901488 0.029102
vt 0.901488 0.040518
vt 0.901488 0.036712
vt 0.901488 0.048128
vt 0.901488 0.044323
vt 0.901488 0.055739
vt 0.901488 0.051933
vt 0.901488 0.063349
vt 0.901488 0.059544
vt 0.908506 0.145043
vt 0.913785 0.145043
vt 0.908506 0.139010
vt 0.913785 0.139010
vt 0.908506 0.132978
vt 0.913785 0.132978
vt 0.908506 0.126946
vt 0.913785 0.126946
vt 0.908506 0.120913
vt 0.913785 0.120913
vt 0.908506 0.114881
vt 0.913785 0.114881
vt 0.908506 0.108849
vt 0.913785 0.108849
vt 0.908506 0.102816
vt 0.913785 0.102816
vt 0.908506 0.096784
vt 0.913785 0.096784
vt 0.908506 0.090752
vt 0.913785 0.090752
vt 0.919064 0.145043
vt 0.924342 0.145043
vt 0.919064 0.139010
vt 0.924342 0.139010
vt 0.919064 0.132978
vt 0.924342 0.132978
vt 0.919064 0.126946
vt 0.924342 0.126946
vt 0.919064 0.120913
vt 0.924342 0.120913
vt 0.919064 0.114881
vt 0.924342 0.114881
vt 0.919063 0.108849
vt 0.924342 0.108849
vt 0.919063 0.102816
vt 0.924342 0.102816
vt 0.919064 0.096784
vt 0.924342 0.096784
vt 0.919063 0.090752
vt 0.924342 0.090752
vt 0.902514 0.145043
vt 0.903228 0.145043
vt 0.902514 0.139010
vt 0.903228 0.139010
vt 0.902514 0.132978
vt 0.903228 0.132978
vt 0.902514 0.126946
vt 0.903228 0.126946
vt 0.902514 0.120913
vt 0.903228 0.120913
vt 0.902514 0.114881
vt 0.903228 0.114881
vt 0.902514 0.108849
vt 0.903228 0.108849
vt 0.902514 0.102816
vt 0.903228 0.102816
vt 0.902514 0.096784
vt 0.903228 0.096784
vt 0.902514 0.090752
vt 0.903228 0.090752
vt 0.925056 0.145043
vt 0.926082 0.145043
vt 0.925056 0.139010
vt 0.926082 0.139010
vt 0.925056 0.132978
vt 0.926082 0.132978
vt 0.925056 0.126946
vt 0.926082 0.126946
vt 0.925056 0.120913
vt 0.926082 0.120913
vt 0.925056 0.114881
vt 0.926082 0.114881
vt 0.925056 0.108849
vt 0.926082 0.108849
vt 0.925056 0.102816
vt 0.926082 0.102816
vt 0.925056 0.096784
vt 0.926082 0.096784
vt 0.925056 0.090752
vt 0.926082 0.090752
vt 0.901488 0.145043
vt 0.901488 0.139010
vt 0.901488 0.132978
vt 0.901488 0.126946
vt 0.901488 0.120913
vt 0.901488 0.114881
vt 0.901488 0.108849
vt 0.901488 0.102816
vt 0.901488 0.096784
vt 0.901488 0.090752
vt 0.908506 0.168309
vt 0.913785 0.168309
vt 0.908506 0.162565
vt 0.913785 0.162565
vt 0.919064 0.168309
vt 0.924342 0.168309
vt 0.919064 0.162565
vt 0.924342 0.162565
vt 0.902514 0.168309
vt 0.903228 0.168309
vt 0.902514 0.162565
vt 0.903228 0.162565
vt 0.925056 0.168309
vt 0.925056 0.162565
vt 0.901488 0.168309
vt 0.901488 0.162565
vt 0.926082 0.168309
vt 0.926082 0.162565
vt 0.925056 0.230178
vt 0.926082 0.230178
vt 0.926082 0.233983
vt 0.925056 0.233983
vt 0.925056 0.241513
vt 0.925056 0.240270
vt 0.926082 0.240270
vt 0.926082 0.241513
vt 0.902514 0.235226
vt 0.902514 0.236487
vt 0.901488 0.236487
vt 0.901488 0.235226
vt 0.902514 0.237748
vt 0.901488 0.237748
vt 0.902514 0.239009
vt 0.901488 0.239009
vt 0.902514 0.240270
vt 0.901488 0.240270
vt 0.919064 0.235226
vt 0.919064 0.233983
vt 0.924342 0.233983
vt 0.924342 0.235226
vt 0.925056 0.247545
vt 0.926082 0.247545
vt 0.925056 0.235226
vt 0.926082 0.235226
vt 0.902515 0.319646
vt 0.901488 0.319646
vt 0.901488 0.313901
vt 0.902515 0.313901
vt 0.919064 0.247545
vt 0.919064 0.241513
vt 0.924342 0.241513
vt 0.924342 0.247545
vt 0.925056 0.239009
vt 0.924342 0.240270
vt 0.924342 0.239009
vt 0.925056 0.237748
vt 0.924342 0.237748
vt 0.925056 0.236487
vt 0.924342 0.236487
vt 0.919064 0.240270
vt 0.902514 0.241513
vt 0.903228 0.240270
vt 0.903228 0.241513
vt 0.902514 0.247545
vt 0.903228 0.247545
vt 0.902515 0.233983
vt 0.903228 0.233983
vt 0.903228 0.235226
vt 0.908507 0.239009
vt 0.908507 0.240270
vt 0.903228 0.239009
vt 0.908507 0.237748
vt 0.903228 0.237748
vt 0.908507 0.236487
vt 0.903228 0.236487
vt 0.908507 0.235226
vt 0.925056 0.319646
vt 0.925056 0.313901
vt 0.926082 0.313901
vt 0.926082 0.319646
vt 0.919064 0.319646
vt 0.919064 0.313901
vt 0.924342 0.313901
vt 0.924342 0.319646
vt 0.919064 0.337593
vt 0.919064 0.336880
vt 0.924342 0.336880
vt 0.924342 0.337593
vt 0.902515 0.337593
vt 0.901623 0.337545
vt 0.901488 0.336867
vt 0.902515 0.336880
vt 0.925056 0.337593
vt 0.925056 0.336880
vt 0.926082 0.336867
vt 0.925948 0.337544
vt 0.908507 0.337593
vt 0.908507 0.336880
vt 0.913785 0.336880
vt 0.913785 0.337593
vt 0.908507 0.319646
vt 0.908507 0.313901
vt 0.913785 0.313901
vt 0.913785 0.319646
vt 0.919064 0.236487
vt 0.913785 0.236487
vt 0.913785 0.235226
vt 0.919064 0.237748
vt 0.913785 0.237748
vt 0.919064 0.239009
vt 0.913785 0.239009
vt 0.913785 0.240270
vt 0.908507 0.241513
vt 0.913785 0.241513
vt 0.908507 0.247545
vt 0.913785 0.247545
vt 0.908507 0.233983
vt 0.913785 0.233983
vt 0.901488 0.233983
vt 0.901488 0.247545
vt 0.901488 0.241513
vt 0.903228 0.319646
vt 0.903228 0.313901
vt 0.926082 0.236487
vt 0.926082 0.237748
vt 0.926082 0.239009
vt 0.903228 0.337593
vt 0.903228 0.336880
vt 0.924330 0.338620
vt 0.925007 0.338485
vt 0.919064 0.338620
vt 0.908507 0.338620
vt 0.913785 0.338620
vt 0.903240 0.338620
vt 0.902563 0.338485
vt 0.901999 0.338108
vt 0.925571 0.338108
vt 0.919064 0.187606
vt 0.919064 0.186579
vt 0.924330 0.186579
vt 0.924342 0.187606
vt 0.924342 0.230178
vt 0.901623 0.187654
vt 0.901999 0.187091
vt 0.902563 0.186714
vt 0.902515 0.187606
vt 0.903240 0.186579
vt 0.903228 0.187606
vt 0.925056 0.187606
vt 0.925056 0.188320
vt 0.924342 0.188320
vt 0.919064 0.192125
vt 0.919064 0.188320
vt 0.924342 0.192125
vt 0.902515 0.192125
vt 0.902515 0.188320
vt 0.903228 0.188319
vt 0.903228 0.192125
vt 0.901488 0.192125
vt 0.901488 0.188332
vt 0.925948 0.187655
vt 0.926082 0.188332
vt 0.925007 0.186714
vt 0.925571 0.187091
vt 0.908507 0.188320
vt 0.908507 0.187606
vt 0.913785 0.187606
vt 0.913785 0.188320
vt 0.908507 0.186579
vt 0.913785 0.186579
vt 0.908507 0.192125
vt 0.913785 0.192125
vt 0.908507 0.230178
vt 0.908507 0.226372
vt 0.913785 0.226372
vt 0.913785 0.230178
vt 0.908507 0.222567
vt 0.908507 0.218762
vt 0.913785 0.218762
vt 0.913785 0.222567
vt 0.908507 0.214956
vt 0.908507 0.211151
vt 0.913785 0.211151
vt 0.913785 0.214957
vt 0.908507 0.207346
vt 0.908507 0.203541
vt 0.913785 0.203541
vt 0.913785 0.207346
vt 0.908507 0.199735
vt 0.908507 0.195930
vt 0.913785 0.195930
vt 0.913785 0.199735
vt 0.901488 0.230178
vt 0.901488 0.226372
vt 0.902515 0.226372
vt 0.902515 0.230178
vt 0.901488 0.222567
vt 0.901488 0.218762
vt 0.902515 0.218762
vt 0.902515 0.222567
vt 0.901488 0.214956
vt 0.901488 0.211151
vt 0.902515 0.211151
vt 0.902515 0.214956
vt 0.901488 0.207346
vt 0.901488 0.203541
vt 0.902515 0.203541
vt 0.902515 0.207346
vt 0.901488 0.199735
vt 0.901488 0.195930
vt 0.902515 0.195930
vt 0.902515 0.199735
vt 0.903228 0.226372
vt 0.903228 0.230178
vt 0.903228 0.218762
vt 0.903228 0.222567
vt 0.903228 0.211151
vt 0.903228 0.214956
vt 0.903228 0.203541
vt 0.903228 0.207346
vt 0.903228 0.195930
vt 0.903228 0.199735
vt 0.919064 0.230178
vt 0.919064 0.226372
vt 0.924342 0.226372
vt 0.919064 0.222567
vt 0.919064 0.218762
vt 0.924342 0.218762
vt 0.924342 0.222567
vt 0.919064 0.214957
vt 0.919064 0.211151
vt 0.924342 0.211151
vt 0.924342 0.214957
vt 0.919064 0.207346
vt 0.919064 0.203541
vt 0.924342 0.203541
vt 0.924342 0.207346
vt 0.919064 0.199735
vt 0.919064 0.195930
vt 0.924342 0.195930
vt 0.924342 0.199735
vt 0.925056 0.192125
vt 0.925056 0.195930
vt 0.925056 0.199735
vt 0.925056 0.203541
vt 0.925056 0.207346
vt 0.925056 0.211151
vt 0.925056 0.214957
vt 0.925056 0.218762
vt 0.925056 0.222567
vt 0.925056 0.226372
vt 0.926082 0.192125
vt 0.926082 0.195930
vt 0.926082 0.199735
vt 0.926082 0.203541
vt 0.926082 0.207346
vt 0.926082 0.211151
vt 0.926082 0.214957
vt 0.926082 0.218762
vt 0.926082 0.222567
vt 0.926082 0.226372
vt 0.913785 0.307869
vt 0.919064 0.307869
vt 0.913785 0.301836
vt 0.919064 0.301836
vt 0.913785 0.295804
vt 0.919064 0.295804
vt 0.913785 0.289771
vt 0.919064 0.289771
vt 0.913785 0.283739
vt 0.919064 0.283739
vt 0.913785 0.277707
vt 0.919064 0.277707
vt 0.913785 0.271674
vt 0.919064 0.271674
vt 0.913785 0.265642
vt 0.919064 0.265642
vt 0.913785 0.259610
vt 0.919064 0.259610
vt 0.913785 0.253577
vt 0.919064 0.253577
vt 0.903228 0.307869
vt 0.908507 0.307869
vt 0.903228 0.301836
vt 0.908507 0.301836
vt 0.903228 0.295804
vt 0.908507 0.295804
vt 0.903228 0.289771
vt 0.908507 0.289771
vt 0.903228 0.283739
vt 0.908507 0.283739
vt 0.903228 0.277707
vt 0.908507 0.277707
vt 0.903228 0.271674
vt 0.908507 0.271674
vt 0.903228 0.265642
vt 0.908507 0.265642
vt 0.903228 0.259610
vt 0.908507 0.259610
vt 0.903228 0.253577
vt 0.908507 0.253577
vt 0.924342 0.307869
vt 0.925056 0.307869
vt 0.924342 0.301836
vt 0.925056 0.301836
vt 0.924342 0.295804
vt 0.925056 0.295804
vt 0.924342 0.289771
vt 0.925056 0.289771
vt 0.924342 0.283739
vt 0.925056 0.283739
vt 0.924342 0.277707
vt 0.925056 0.277707
vt 0.924342 0.271674
vt 0.925056 0.271674
vt 0.924342 0.265642
vt 0.925056 0.265642
vt 0.924342 0.259610
vt 0.925056 0.259610
vt 0.924342 0.253577
vt 0.925056 0.253577
vt 0.901488 0.307869
vt 0.902515 0.307869
vt 0.901488 0.301836
vt 0.902515 0.301836
vt 0.901488 0.295804
vt 0.902515 0.295804
vt 0.901488 0.289771
vt 0.902514 0.289771
vt 0.901488 0.283739
vt 0.902514 0.283739
vt 0.901488 0.277707
vt 0.902514 0.277707
vt 0.901488 0.271674
vt 0.902514 0.271674
vt 0.901488 0.265642
vt 0.902514 0.265642
vt 0.901488 0.259610
vt 0.902514 0.259610
vt 0.901488 0.253577
vt 0.902514 0.253577
vt 0.926082 0.307869
vt 0.926082 0.301836
vt 0.926082 0.295804
vt 0.926082 0.289771
vt 0.926082 0.283739
vt 0.926082 0.277707
vt 0.926082 0.271674
vt 0.926082 0.265642
vt 0.926082 0.259610
vt 0.926082 0.253577
vt 0.913785 0.331135
vt 0.919064 0.331135
vt 0.913785 0.325390
vt 0.919064 0.325390
vt 0.903228 0.331135
vt 0.908507 0.331135
vt 0.903228 0.325390
vt 0.908507 0.325390
vt 0.924342 0.331135
vt 0.925056 0.331135
vt 0.924342 0.325390
vt 0.925056 0.325390
vt 0.902515 0.331135
vt 0.902515 0.325390
vt 0.926082 0.331135
vt 0.926082 0.325390
vt 0.901488 0.331135
vt 0.901488 0.325390
vt 0.901388 0.074823
vt 0.901388 0.073513
vt 0.926182 0.070960
vt 0.926182 0.072215
vt 0.901426 0.585051
vt 0.901426 0.586330
vt 0.901388 0.586330
vt 0.901388 0.585051
vt 0.901388 0.076134
vt 0.926182 0.074823
vt 0.926182 0.076134
vt 0.901388 0.077432
vt 0.926182 0.077432
vt 0.901388 0.078687
vt 0.901426 0.463121
vt 0.901426 0.464400
vt 0.901388 0.464400
vt 0.901388 0.463121
vt 0.926182 0.151075
vt 0.926182 0.156820
vt 0.926182 0.078687
vt 0.926182 0.067155
vt 0.926182 0.084719
vt 0.926182 0.073513
vt 0.913785 0.175893
vt 0.908506 0.175893
vt 0.902524 0.175753
vt 0.901928 0.175354
vt 0.901529 0.174758
vt 0.901388 0.174051
vt 0.901388 0.168309
vt 0.901388 0.162565
vt 0.901388 0.156820
vt 0.926182 0.162565
vt 0.926182 0.168309
vt 0.926041 0.174758
vt 0.925643 0.175354
vt 0.925046 0.175753
vt 0.924340 0.175893
vt 0.919064 0.175893
vt 0.926182 0.139010
vt 0.926182 0.145043
vt 0.901388 0.032907
vt 0.901388 0.029102
vt 0.901529 0.024593
vt 0.901928 0.023996
vt 0.902524 0.023597
vt 0.903230 0.023457
vt 0.908507 0.023457
vt 0.913785 0.023457
vt 0.919064 0.023457
vt 0.925046 0.023598
vt 0.925643 0.023996
vt 0.926041 0.024593
vt 0.926182 0.025299
vt 0.926182 0.029102
vt 0.926182 0.032907
vt 0.926182 0.036712
vt 0.926182 0.040518
vt 0.926182 0.044323
vt 0.926182 0.048128
vt 0.926182 0.051934
vt 0.926182 0.055739
vt 0.926182 0.059544
vt 0.901388 0.067155
vt 0.901388 0.063349
vt 0.901388 0.059544
vt 0.901388 0.055739
vt 0.901388 0.051933
vt 0.901388 0.048128
vt 0.901388 0.044323
vt 0.901388 0.040518
vt 0.901388 0.036712
vt 0.926182 0.090752
vt 0.901426 0.514177
vt 0.901426 0.519451
vt 0.901388 0.519451
vt 0.901388 0.514177
vt 0.926182 0.063349
vt 0.901426 0.689618
vt 0.901426 0.694892
vt 0.901388 0.694892
vt 0.901388 0.689618
vt 0.924340 0.023457
vt 0.901388 0.090752
vt 0.901388 0.084719
vt 0.926182 0.096784
vt 0.926182 0.102816
vt 0.926182 0.108849
vt 0.926182 0.114881
vt 0.926182 0.120913
vt 0.926182 0.126946
vt 0.926182 0.132978
vt 0.901388 0.145043
vt 0.901388 0.139010
vt 0.926182 0.174051
vt 0.901388 0.132978
vt 0.901388 0.126946
vt 0.901388 0.120913
vt 0.901388 0.114881
vt 0.901388 0.108849
vt 0.901388 0.102816
vt 0.901388 0.096784
vt 0.901388 0.070960
vt 0.901388 0.151075
vt 0.901426 0.663754
vt 0.901426 0.669494
vt 0.901388 0.669494
vt 0.901388 0.663754
vt 0.926182 0.235226
vt 0.926182 0.236487
vt 0.901426 0.362738
vt 0.901426 0.368478
vt 0.901388 0.368478
vt 0.901388 0.362738
vt 0.901388 0.025299
vt 0.903230 0.175893
vt 0.901426 0.538177
vt 0.901426 0.541979
vt 0.901388 0.541979
vt 0.901388 0.538177
vt 0.901426 0.587614
vt 0.901388 0.587614
vt 0.901426 0.465648
vt 0.901388 0.465648
vt 0.901388 0.072215
vt 0.901426 0.461837
vt 0.901388 0.461837
vt 0.901426 0.588899
vt 0.901388 0.588899
vt 0.901426 0.460552
vt 0.901388 0.460552
vt 0.901426 0.590177
vt 0.901388 0.590177
vt 0.901426 0.459274
vt 0.901388 0.459274
vt 0.901388 0.313901
vt 0.901388 0.307869
vt 0.901426 0.385697
vt 0.901426 0.391725
vt 0.901388 0.391725
vt 0.901388 0.385697
vt 0.901426 0.591425
vt 0.901388 0.591425
vt 0.901426 0.458026
vt 0.901388 0.458026
vt 0.901426 0.597453
vt 0.901388 0.597453
vt 0.901426 0.583803
vt 0.901388 0.583803
vt 0.901426 0.700166
vt 0.901388 0.700166
vt 0.901426 0.688892
vt 0.901388 0.688892
vt 0.901426 0.688166
vt 0.901388 0.688166
vt 0.901426 0.687440
vt 0.901388 0.687440
vt 0.901426 0.686714
vt 0.901388 0.686714
vt 0.901426 0.675234
vt 0.901388 0.675234
vt 0.901426 0.374218
vt 0.901388 0.374218
vt 0.901426 0.362012
vt 0.901388 0.362012
vt 0.901426 0.361286
vt 0.901388 0.361286
vt 0.901426 0.360561
vt 0.901388 0.360560
vt 0.901426 0.359834
vt 0.901388 0.359834
vt 0.901426 0.469450
vt 0.901388 0.469450
vt 0.901426 0.545781
vt 0.901388 0.545781
vt 0.901426 0.537451
vt 0.901388 0.537451
vt 0.901426 0.536725
vt 0.901388 0.536725
vt 0.901426 0.536000
vt 0.901388 0.536000
vt 0.901426 0.535274
vt 0.901388 0.535274
vt 0.901426 0.524725
vt 0.901388 0.524725
vt 0.901426 0.513451
vt 0.901388 0.513451
vt 0.901426 0.512725
vt 0.901388 0.512725
vt 0.901426 0.512000
vt 0.901388 0.512000
vt 0.901426 0.511274
vt 0.901388 0.511274
vt 0.901426 0.349286
vt 0.901426 0.354560
vt 0.901388 0.354560
vt 0.901388 0.349286
vt 0.901426 0.529999
vt 0.901388 0.529999
vt 0.901426 0.503669
vt 0.901426 0.507472
vt 0.901388 0.507472
vt 0.901388 0.503669
vt 0.901426 0.496065
vt 0.901426 0.499867
vt 0.901388 0.499867
vt 0.901388 0.496065
vt 0.901426 0.488461
vt 0.901426 0.492263
vt 0.901388 0.492263
vt 0.901388 0.488461
vt 0.901426 0.480856
vt 0.901426 0.484659
vt 0.901388 0.484659
vt 0.901388 0.480856
vt 0.901426 0.473252
vt 0.901426 0.477054
vt 0.901388 0.477054
vt 0.901388 0.473252
vt 0.901426 0.576199
vt 0.901426 0.580001
vt 0.901388 0.580001
vt 0.901388 0.576199
vt 0.901426 0.568594
vt 0.901426 0.572397
vt 0.901388 0.572397
vt 0.901388 0.568594
vt 0.901426 0.560990
vt 0.901426 0.564792
vt 0.901388 0.564792
vt 0.901388 0.560990
vt 0.901426 0.553386
vt 0.901426 0.557188
vt 0.901388 0.557188
vt 0.901388 0.553386
vt 0.901426 0.549583
vt 0.901388 0.549583
vt 0.901426 0.451998
vt 0.901388 0.451998
vt 0.901426 0.445971
vt 0.901388 0.445971
vt 0.901426 0.439944
vt 0.901388 0.439944
vt 0.901426 0.433916
vt 0.901388 0.433916
vt 0.901426 0.427889
vt 0.901388 0.427889
vt 0.901426 0.421861
vt 0.901388 0.421861
vt 0.901426 0.415834
vt 0.901388 0.415834
vt 0.901426 0.409807
vt 0.901388 0.409807
vt 0.901426 0.403779
vt 0.901388 0.403779
vt 0.901426 0.397752
vt 0.901388 0.397752
vt 0.901426 0.657727
vt 0.901388 0.657727
vt 0.901426 0.651700
vt 0.901388 0.651700
vt 0.901426 0.645672
vt 0.901388 0.645672
vt 0.901426 0.639645
vt 0.901388 0.639645
vt 0.901426 0.633617
vt 0.901388 0.633617
vt 0.901426 0.627590
vt 0.901388 0.627590
vt 0.901426 0.621562
vt 0.901388 0.621562
vt 0.901426 0.615535
vt 0.901388 0.615535
vt 0.901426 0.609508
vt 0.901388 0.609508
vt 0.901426 0.603480
vt 0.901388 0.603480
vt 0.901426 0.680974
vt 0.901388 0.680974
vt 0.901426 0.379957
vt 0.901388 0.379957
vt 0.926182 0.237748
vt 0.901388 0.235226
vt 0.901388 0.233983
vt 0.926182 0.233983
vt 0.926182 0.239009
vt 0.901388 0.239009
vt 0.901388 0.237748
vt 0.926182 0.240270
vt 0.901388 0.240270
vt 0.926182 0.241513
vt 0.901388 0.319646
vt 0.901388 0.241513
vt 0.901388 0.230178
vt 0.901388 0.247545
vt 0.901388 0.236487
vt 0.919064 0.338719
vt 0.913785 0.338719
vt 0.925643 0.338180
vt 0.925046 0.338578
vt 0.926041 0.337583
vt 0.926182 0.336877
vt 0.926182 0.331135
vt 0.926182 0.319646
vt 0.926182 0.325390
vt 0.901389 0.331135
vt 0.901388 0.325390
vt 0.901928 0.338180
vt 0.901529 0.337583
vt 0.902524 0.338579
vt 0.903230 0.338719
vt 0.908507 0.338719
vt 0.901388 0.301836
vt 0.926182 0.192125
vt 0.926182 0.195930
vt 0.925643 0.187019
vt 0.926041 0.187616
vt 0.925046 0.186621
vt 0.924340 0.186480
vt 0.919064 0.186480
vt 0.908507 0.186480
vt 0.913785 0.186480
vt 0.901928 0.187019
vt 0.902524 0.186620
vt 0.901529 0.187616
vt 0.901389 0.188322
vt 0.901389 0.192125
vt 0.901389 0.195930
vt 0.901388 0.199735
vt 0.901388 0.207346
vt 0.901388 0.203541
vt 0.901388 0.214957
vt 0.901388 0.211151
vt 0.901388 0.222567
vt 0.901388 0.218762
vt 0.926182 0.226372
vt 0.926182 0.230178
vt 0.926182 0.222567
vt 0.926182 0.214957
vt 0.926182 0.218762
vt 0.926182 0.207346
vt 0.926182 0.211151
vt 0.926182 0.199735
vt 0.926182 0.203541
vt 0.901388 0.253577
vt 0.903230 0.186480
vt 0.901388 0.226372
vt 0.924340 0.338719
vt 0.926182 0.247545
vt 0.926182 0.253577
vt 0.901388 0.259610
vt 0.901388 0.265642
vt 0.901388 0.271674
vt 0.901388 0.277707
vt 0.901388 0.283739
vt 0.901388 0.289771
vt 0.901388 0.295804
vt 0.926182 0.301836
vt 0.926182 0.307869
vt 0.901389 0.336877
vt 0.926182 0.295804
vt 0.926182 0.289771
vt 0.926182 0.283739
vt 0.926182 0.277707
vt 0.926182 0.271674
vt 0.926182 0.265642
vt 0.926182 0.259610
vt 0.926182 0.313901
vt 0.901463 0.507472
vt 0.901463 0.511274
vt 0.926182 0.188322
vt 0.901463 0.586330
vt 0.901463 0.585051
vt 0.901473 0.585051
vt 0.901473 0.586330
vt 0.901482 0.585051
vt 0.901482 0.586329
vt 0.901369 0.073513
vt 0.901369 0.072215
vt 0.901379 0.072215
vt 0.901379 0.073513
vt 0.901463 0.464400
vt 0.901463 0.463121
vt 0.901473 0.463121
vt 0.901473 0.464400
vt 0.901482 0.463121
vt 0.901482 0.464400
vt 0.926201 0.072215
vt 0.926201 0.073513
vt 0.926191 0.073513
vt 0.926191 0.072215
vt 0.901463 0.587614
vt 0.901473 0.587614
vt 0.901482 0.587614
vt 0.901369 0.074823
vt 0.901379 0.074823
vt 0.901463 0.461837
vt 0.901473 0.461837
vt 0.901482 0.461837
vt 0.926201 0.074823
vt 0.926191 0.074823
vt 0.901463 0.588899
vt 0.901473 0.588899
vt 0.901482 0.588899
vt 0.901369 0.076134
vt 0.901379 0.076134
vt 0.901463 0.460552
vt 0.901473 0.460552
vt 0.901482 0.460552
vt 0.926201 0.076134
vt 0.926191 0.076134
vt 0.901463 0.590177
vt 0.901473 0.590177
vt 0.901482 0.590177
vt 0.901369 0.077432
vt 0.901379 0.077432
vt 0.901463 0.459274
vt 0.901473 0.459274
vt 0.901482 0.459274
vt 0.926201 0.077432
vt 0.926191 0.077432
vt 0.901463 0.465648
vt 0.901473 0.465648
vt 0.901482 0.465648
vt 0.926201 0.070960
vt 0.926191 0.070960
vt 0.901463 0.391725
vt 0.901463 0.385697
vt 0.901473 0.385697
vt 0.901473 0.391725
vt 0.901482 0.385697
vt 0.901482 0.391725
vt 0.926201 0.145043
vt 0.926201 0.151075
vt 0.926191 0.151075
vt 0.926191 0.145043
vt 0.901463 0.591425
vt 0.901473 0.591425
vt 0.901482 0.591425
vt 0.901369 0.078687
vt 0.901379 0.078687
vt 0.901463 0.458026
vt 0.901473 0.458026
vt 0.901482 0.458026
vt 0.926201 0.078687
vt 0.926191 0.078687
vt 0.901463 0.597453
vt 0.901473 0.597453
vt 0.901482 0.597453
vt 0.901369 0.084719
vt 0.901379 0.084719
vt 0.901463 0.583803
vt 0.901473 0.583803
vt 0.901482 0.583803
vt 0.901369 0.070960
vt 0.901379 0.070960
vt 0.901463 0.694892
vt 0.901463 0.689618
vt 0.901473 0.689618
vt 0.901473 0.694892
vt 0.901482 0.689618
vt 0.901482 0.694892
vt 0.908506 0.175913
vt 0.903228 0.175913
vt 0.903229 0.175903
vt 0.908506 0.175903
vt 0.901463 0.688892
vt 0.901473 0.688892
vt 0.901482 0.688892
vt 0.902517 0.175771
vt 0.902520 0.175762
vt 0.901463 0.688166
vt 0.901473 0.688166
vt 0.901482 0.688166
vt 0.901914 0.175368
vt 0.901921 0.175361
vt 0.901463 0.687440
vt 0.901473 0.687440
vt 0.901482 0.687440
vt 0.901511 0.174765
vt 0.901520 0.174761
vt 0.901463 0.686714
vt 0.901473 0.686714
vt 0.901482 0.686714
vt 0.901369 0.174053
vt 0.901379 0.174052
vt 0.901463 0.669494
vt 0.901463 0.663754
vt 0.901473 0.663754
vt 0.901473 0.669494
vt 0.901482 0.663754
vt 0.901482 0.669494
vt 0.901369 0.156820
vt 0.901369 0.151075
vt 0.901379 0.151075
vt 0.901379 0.156820
vt 0.901463 0.368478
vt 0.901463 0.362738
vt 0.901473 0.362738
vt 0.901473 0.368478
vt 0.901482 0.362738
vt 0.901482 0.368478
vt 0.926201 0.168309
vt 0.926201 0.174053
vt 0.926191 0.174052
vt 0.926191 0.168309
vt 0.901463 0.362012
vt 0.901473 0.362012
vt 0.901482 0.362012
vt 0.926059 0.174765
vt 0.926050 0.174761
vt 0.901463 0.361286
vt 0.901473 0.361286
vt 0.901482 0.361286
vt 0.925656 0.175368
vt 0.925649 0.175361
vt 0.901463 0.360560
vt 0.901473 0.360560
vt 0.901482 0.360560
vt 0.925053 0.175771
vt 0.925050 0.175762
vt 0.901463 0.359834
vt 0.901473 0.359834
vt 0.901482 0.359834
vt 0.924341 0.175913
vt 0.924341 0.175903
vt 0.901463 0.469450
vt 0.901473 0.469450
vt 0.901482 0.469450
vt 0.926201 0.067155
vt 0.926191 0.067155
vt 0.901463 0.541979
vt 0.901463 0.538177
vt 0.901473 0.538177
vt 0.901473 0.541979
vt 0.901482 0.538177
vt 0.901482 0.541979
vt 0.901369 0.029102
vt 0.901369 0.025297
vt 0.901379 0.025298
vt 0.901379 0.029102
vt 0.901463 0.537451
vt 0.901473 0.537451
vt 0.901482 0.537451
vt 0.901511 0.024585
vt 0.901520 0.024589
vt 0.901463 0.536725
vt 0.901473 0.536725
vt 0.901482 0.536725
vt 0.901914 0.023982
vt 0.901921 0.023989
vt 0.901463 0.536000
vt 0.901473 0.536000
vt 0.901482 0.536000
vt 0.902517 0.023579
vt 0.902521 0.023588
vt 0.901463 0.535274
vt 0.901473 0.535274
vt 0.901482 0.535274
vt 0.903229 0.023438
vt 0.903230 0.023447
vt 0.901463 0.519451
vt 0.901463 0.514177
vt 0.901473 0.514177
vt 0.901473 0.519451
vt 0.901482 0.514177
vt 0.901482 0.519451
vt 0.919064 0.023438
vt 0.924342 0.023438
vt 0.924341 0.023447
vt 0.919064 0.023447
vt 0.901463 0.513451
vt 0.901473 0.513451
vt 0.901482 0.513451
vt 0.925053 0.023579
vt 0.925050 0.023589
vt 0.901463 0.512725
vt 0.901473 0.512725
vt 0.901482 0.512725
vt 0.925656 0.023982
vt 0.925649 0.023989
vt 0.901463 0.512000
vt 0.901473 0.512000
vt 0.901482 0.512000
vt 0.926059 0.024585
vt 0.926050 0.024589
vt 0.901473 0.511274
vt 0.901482 0.511274
vt 0.926201 0.025297
vt 0.926191 0.025298
vt 0.901463 0.354560
vt 0.901463 0.349286
vt 0.901473 0.349286
vt 0.901473 0.354560
vt 0.901482 0.349286
vt 0.901482 0.354560
vt 0.919064 0.175913
vt 0.913785 0.175913
vt 0.913785 0.175903
vt 0.919064 0.175903
vt 0.901463 0.529999
vt 0.901463 0.524725
vt 0.901473 0.524725
vt 0.901473 0.529999
vt 0.901482 0.524725
vt 0.901482 0.530000
vt 0.908507 0.023438
vt 0.913785 0.023438
vt 0.913785 0.023447
vt 0.908507 0.023447
vt 0.901463 0.503669
vt 0.901473 0.503669
vt 0.901473 0.507472
vt 0.901482 0.503669
vt 0.901482 0.507472
vt 0.926201 0.029102
vt 0.926201 0.032907
vt 0.926191 0.032907
vt 0.926191 0.029102
vt 0.901463 0.499867
vt 0.901463 0.496065
vt 0.901473 0.496065
vt 0.901473 0.499867
vt 0.901482 0.496065
vt 0.901482 0.499867
vt 0.926201 0.036712
vt 0.926201 0.040518
vt 0.926191 0.040518
vt 0.926191 0.036712
vt 0.901463 0.492263
vt 0.901463 0.488461
vt 0.901473 0.488461
vt 0.901473 0.492263
vt 0.901482 0.488461
vt 0.901482 0.492263
vt 0.926201 0.044323
vt 0.926201 0.048128
vt 0.926191 0.048128
vt 0.926191 0.044323
vt 0.901463 0.484659
vt 0.901463 0.480856
vt 0.901473 0.480856
vt 0.901473 0.484659
vt 0.901482 0.480856
vt 0.901482 0.484659
vt 0.926201 0.051934
vt 0.926201 0.055739
vt 0.926191 0.055739
vt 0.926191 0.051934
vt 0.901463 0.477054
vt 0.901463 0.473252
vt 0.901473 0.473252
vt 0.901473 0.477054
vt 0.901482 0.473252
vt 0.901482 0.477054
vt 0.926201 0.059544
vt 0.926201 0.063349
vt 0.926191 0.063349
vt 0.926191 0.059544
vt 0.901463 0.580001
vt 0.901463 0.576199
vt 0.901473 0.576199
vt 0.901473 0.580001
vt 0.901482 0.576199
vt 0.901482 0.580001
vt 0.901369 0.067155
vt 0.901369 0.063349
vt 0.901379 0.063349
vt 0.901379 0.067155
vt 0.901463 0.572397
vt 0.901463 0.568594
vt 0.901473 0.568594
vt 0.901473 0.572397
vt 0.901482 0.568594
vt 0.901482 0.572397
vt 0.901369 0.059544
vt 0.901369 0.055739
vt 0.901379 0.055739
vt 0.901379 0.059544
vt 0.901463 0.564792
vt 0.901463 0.560990
vt 0.901473 0.560990
vt 0.901473 0.564792
vt 0.901482 0.560990
vt 0.901482 0.564792
vt 0.901369 0.051933
vt 0.901369 0.048128
vt 0.901379 0.048128
vt 0.901379 0.051933
vt 0.901463 0.557188
vt 0.901463 0.553386
vt 0.901473 0.553386
vt 0.901473 0.557188
vt 0.901482 0.553386
vt 0.901482 0.557188
vt 0.901369 0.044323
vt 0.901369 0.040518
vt 0.901379 0.040518
vt 0.901379 0.044323
vt 0.901463 0.549583
vt 0.901463 0.545781
vt 0.901473 0.545781
vt 0.901473 0.549583
vt 0.901482 0.545781
vt 0.901482 0.549583
vt 0.901369 0.036712
vt 0.901369 0.032907
vt 0.901379 0.032907
vt 0.901379 0.036712
vt 0.901463 0.700166
vt 0.901473 0.700166
vt 0.901482 0.700166
vt 0.901463 0.451998
vt 0.901473 0.451998
vt 0.901482 0.451998
vt 0.926201 0.084719
vt 0.926191 0.084719
vt 0.901463 0.445971
vt 0.901473 0.445971
vt 0.901482 0.445971
vt 0.926201 0.090752
vt 0.926191 0.090752
vt 0.901463 0.439944
vt 0.901473 0.439944
vt 0.901482 0.439944
vt 0.926201 0.096784
vt 0.926191 0.096784
vt 0.901463 0.433916
vt 0.901473 0.433916
vt 0.901482 0.433916
vt 0.926201 0.102816
vt 0.926191 0.102816
vt 0.901463 0.427889
vt 0.901473 0.427889
vt 0.901482 0.427889
vt 0.926201 0.108849
vt 0.926191 0.108849
vt 0.901463 0.421861
vt 0.901473 0.421862
vt 0.901482 0.421862
vt 0.926201 0.114881
vt 0.926191 0.114881
vt 0.901463 0.415834
vt 0.901473 0.415834
vt 0.901482 0.415834
vt 0.926201 0.120913
vt 0.926191 0.120913
vt 0.901463 0.409807
vt 0.901473 0.409807
vt 0.901482 0.409807
vt 0.926201 0.126946
vt 0.926191 0.126946
vt 0.901463 0.403779
vt 0.901473 0.403779
vt 0.901482 0.403779
vt 0.926201 0.132978
vt 0.926191 0.132978
vt 0.901463 0.397752
vt 0.901473 0.397752
vt 0.901482 0.397752
vt 0.926201 0.139010
vt 0.926191 0.139010
vt 0.901463 0.657727
vt 0.901473 0.657727
vt 0.901482 0.657727
vt 0.901369 0.145043
vt 0.901379 0.145043
vt 0.901463 0.651700
vt 0.901473 0.651700
vt 0.901482 0.651700
vt 0.901369 0.139010
vt 0.901379 0.139010
vt 0.901463 0.645672
vt 0.901473 0.645672
vt 0.901482 0.645672
vt 0.901369 0.132978
vt 0.901379 0.132978
vt 0.901463 0.639645
vt 0.901473 0.639645
vt 0.901482 0.639645
vt 0.901369 0.126946
vt 0.901379 0.126946
vt 0.901463 0.633617
vt 0.901473 0.633617
vt 0.901482 0.633617
vt 0.901369 0.120913
vt 0.901379 0.120913
vt 0.901463 0.627590
vt 0.901473 0.627590
vt 0.901482 0.627590
vt 0.901369 0.114881
vt 0.901379 0.114881
vt 0.901463 0.621562
vt 0.901473 0.621562
vt 0.901482 0.621562
vt 0.901369 0.108849
vt 0.901379 0.108849
vt 0.901463 0.615535
vt 0.901473 0.615535
vt 0.901482 0.615535
vt 0.901369 0.102816
vt 0.901379 0.102816
vt 0.901463 0.609508
vt 0.901473 0.609508
vt 0.901482 0.609507
vt 0.901369 0.096784
vt 0.901379 0.096784
vt 0.901463 0.603480
vt 0.901473 0.603480
vt 0.901482 0.603480
vt 0.901369 0.090752
vt 0.901379 0.090752
vt 0.901463 0.680974
vt 0.901473 0.680974
vt 0.901482 0.680974
vt 0.901369 0.168309
vt 0.901379 0.168309
vt 0.901463 0.675234
vt 0.901473 0.675234
vt 0.901482 0.675234
vt 0.901369 0.162565
vt 0.901379 0.162565
vt 0.901463 0.379957
vt 0.901473 0.379957
vt 0.901482 0.379957
vt 0.926201 0.156820
vt 0.926191 0.156820
vt 0.901463 0.374218
vt 0.901473 0.374218
vt 0.901482 0.374218
vt 0.926201 0.162565
vt 0.926191 0.162565
vt 0.926191 0.235226
vt 0.926191 0.236487
vt 0.926201 0.235226
vt 0.926201 0.236487
vt 0.901369 0.586330
vt 0.901369 0.585051
vt 0.901379 0.585051
vt 0.901379 0.586329
vt 0.901379 0.236487
vt 0.901379 0.235226
vt 0.901369 0.236487
vt 0.901369 0.235226
vt 0.901369 0.464400
vt 0.901369 0.463121
vt 0.901379 0.463121
vt 0.901379 0.464400
vt 0.926191 0.237748
vt 0.926201 0.237748
vt 0.901369 0.587614
vt 0.901379 0.587614
vt 0.901379 0.237748
vt 0.901369 0.237748
vt 0.901369 0.461837
vt 0.901379 0.461837
vt 0.926191 0.239009
vt 0.926201 0.239009
vt 0.901369 0.588899
vt 0.901379 0.588899
vt 0.901379 0.239009
vt 0.901369 0.239009
vt 0.901369 0.460552
vt 0.901379 0.460552
vt 0.926191 0.240270
vt 0.926201 0.240270
vt 0.901369 0.590177
vt 0.901379 0.590177
vt 0.901379 0.240270
vt 0.901369 0.240270
vt 0.901369 0.459274
vt 0.901379 0.459274
vt 0.901379 0.233983
vt 0.901369 0.233983
vt 0.901369 0.465648
vt 0.901379 0.465648
vt 0.901379 0.313901
vt 0.901379 0.307869
vt 0.901369 0.313901
vt 0.901369 0.307869
vt 0.901369 0.391725
vt 0.901369 0.385697
vt 0.901379 0.385697
vt 0.901379 0.391725
vt 0.926191 0.241513
vt 0.926201 0.241513
vt 0.901369 0.591425
vt 0.901379 0.591425
vt 0.901379 0.241513
vt 0.901369 0.241513
vt 0.901369 0.458026
vt 0.901379 0.458026
vt 0.926191 0.247545
vt 0.926201 0.247545
vt 0.901369 0.597453
vt 0.901379 0.597453
vt 0.926191 0.233983
vt 0.926201 0.233983
vt 0.901369 0.583803
vt 0.901379 0.583803
vt 0.924341 0.338729
vt 0.919064 0.338729
vt 0.924342 0.338738
vt 0.919064 0.338738
vt 0.901369 0.694892
vt 0.901369 0.689618
vt 0.901379 0.689618
vt 0.901379 0.694892
vt 0.925050 0.338588
vt 0.925053 0.338597
vt 0.901369 0.688892
vt 0.901379 0.688892
vt 0.925650 0.338187
vt 0.925656 0.338194
vt 0.901369 0.688166
vt 0.901379 0.688166
vt 0.926050 0.337587
vt 0.926059 0.337591
vt 0.901369 0.687440
vt 0.901379 0.687440
vt 0.926191 0.336878
vt 0.926201 0.336879
vt 0.901369 0.686714
vt 0.901379 0.686714
vt 0.926191 0.313901
vt 0.926191 0.319646
vt 0.926201 0.313901
vt 0.926201 0.319646
vt 0.901369 0.669494
vt 0.901369 0.663754
vt 0.901379 0.663754
vt 0.901379 0.669494
vt 0.901379 0.336878
vt 0.901379 0.331135
vt 0.901369 0.336879
vt 0.901369 0.331135
vt 0.901369 0.368478
vt 0.901369 0.362738
vt 0.901379 0.362738
vt 0.901379 0.368478
vt 0.901520 0.337587
vt 0.901511 0.337591
vt 0.901369 0.362012
vt 0.901379 0.362012
vt 0.901921 0.338187
vt 0.901914 0.338194
vt 0.901369 0.361286
vt 0.901379 0.361286
vt 0.902521 0.338588
vt 0.902517 0.338597
vt 0.901369 0.360560
vt 0.901379 0.360560
vt 0.903230 0.338729
vt 0.903229 0.338738
vt 0.901369 0.359834
vt 0.901379 0.359834
vt 0.901379 0.230178
vt 0.901369 0.230178
vt 0.901369 0.469450
vt 0.901379 0.469450
vt 0.926191 0.188321
vt 0.926191 0.192125
vt 0.926201 0.188320
vt 0.926201 0.192125
vt 0.901369 0.541979
vt 0.901369 0.538177
vt 0.901379 0.538177
vt 0.901379 0.541979
vt 0.926050 0.187612
vt 0.926059 0.187608
vt 0.901369 0.537451
vt 0.901379 0.537451
vt 0.925650 0.187012
vt 0.925656 0.187005
vt 0.901369 0.536725
vt 0.901379 0.536725
vt 0.925050 0.186612
vt 0.925053 0.186602
vt 0.901369 0.536000
vt 0.901379 0.536000
vt 0.924341 0.186470
vt 0.924342 0.186461
vt 0.901369 0.535274
vt 0.901379 0.535274
vt 0.903230 0.186470
vt 0.908507 0.186470
vt 0.903229 0.186461
vt 0.908507 0.186460
vt 0.901369 0.519451
vt 0.901369 0.514177
vt 0.901379 0.514177
vt 0.901379 0.519451
vt 0.902521 0.186611
vt 0.902517 0.186602
vt 0.901369 0.513451
vt 0.901379 0.513451
vt 0.901921 0.187012
vt 0.901914 0.187005
vt 0.901369 0.512725
vt 0.901379 0.512725
vt 0.901520 0.187612
vt 0.901511 0.187608
vt 0.901369 0.512000
vt 0.901379 0.512000
vt 0.901379 0.188321
vt 0.901369 0.188320
vt 0.901369 0.511274
vt 0.901379 0.511274
vt 0.913785 0.338729
vt 0.908507 0.338729
vt 0.913785 0.338739
vt 0.908507 0.338739
vt 0.901369 0.354560
vt 0.901369 0.349286
vt 0.901379 0.349286
vt 0.901379 0.354560
vt 0.913785 0.186470
vt 0.919064 0.186470
vt 0.913785 0.186461
vt 0.919064 0.186461
vt 0.901369 0.530000
vt 0.901369 0.524725
vt 0.901379 0.524725
vt 0.901379 0.529999
vt 0.901379 0.195930
vt 0.901379 0.192125
vt 0.901369 0.195930
vt 0.901369 0.192125
vt 0.901369 0.507472
vt 0.901369 0.503669
vt 0.901379 0.503669
vt 0.901379 0.507472
vt 0.901379 0.203541
vt 0.901379 0.199735
vt 0.901369 0.203541
vt 0.901369 0.199735
vt 0.901369 0.499867
vt 0.901369 0.496065
vt 0.901379 0.496065
vt 0.901379 0.499867
vt 0.901379 0.211151
vt 0.901379 0.207346
vt 0.901369 0.211151
vt 0.901369 0.207346
vt 0.901369 0.492263
vt 0.901369 0.488461
vt 0.901379 0.488461
vt 0.901379 0.492263
vt 0.901379 0.218762
vt 0.901379 0.214957
vt 0.901369 0.218762
vt 0.901369 0.214956
vt 0.901369 0.484659
vt 0.901369 0.480856
vt 0.901379 0.480856
vt 0.901379 0.484659
vt 0.901379 0.226372
vt 0.901379 0.222567
vt 0.901369 0.226372
vt 0.901369 0.222567
vt 0.901369 0.477054
vt 0.901369 0.473252
vt 0.901379 0.473252
vt 0.901379 0.477054
vt 0.926191 0.226372
vt 0.926191 0.230178
vt 0.926201 0.226372
vt 0.926201 0.230178
vt 0.901369 0.580001
vt 0.901369 0.576199
vt 0.901379 0.576199
vt 0.901379 0.580001
vt 0.926191 0.218762
vt 0.926191 0.222567
vt 0.926201 0.218762
vt 0.926201 0.222567
vt 0.901369 0.572397
vt 0.901369 0.568594
vt 0.901379 0.568594
vt 0.901379 0.572397
vt 0.926191 0.211151
vt 0.926191 0.214957
vt 0.926201 0.211151
vt 0.926201 0.214957
vt 0.901369 0.564792
vt 0.901369 0.560990
vt 0.901379 0.560990
vt 0.901379 0.564792
vt 0.926191 0.203541
vt 0.926191 0.207346
vt 0.926201 0.203541
vt 0.926201 0.207346
vt 0.901369 0.557188
vt 0.901369 0.553386
vt 0.901379 0.553386
vt 0.901379 0.557188
vt 0.926191 0.195930
vt 0.926191 0.199735
vt 0.926201 0.195930
vt 0.926201 0.199735
vt 0.901369 0.549583
vt 0.901369 0.545781
vt 0.901379 0.545781
vt 0.901379 0.549583
vt 0.901369 0.700166
vt 0.901379 0.700166
vt 0.901379 0.247545
vt 0.901369 0.247545
vt 0.901369 0.451998
vt 0.901379 0.451998
vt 0.901379 0.253577
vt 0.901369 0.253577
vt 0.901369 0.445971
vt 0.901379 0.445971
vt 0.901379 0.259610
vt 0.901369 0.259610
vt 0.901369 0.439944
vt 0.901379 0.439944
vt 0.901379 0.265642
vt 0.901369 0.265642
vt 0.901369 0.433916
vt 0.901379 0.433916
vt 0.901379 0.271674
vt 0.901369 0.271674
vt 0.901369 0.427889
vt 0.901379 0.427889
vt 0.901379 0.277707
vt 0.901369 0.277707
vt 0.901369 0.421861
vt 0.901379 0.421861
vt 0.901379 0.283739
vt 0.901369 0.283739
vt 0.901369 0.415834
vt 0.901379 0.415834
vt 0.901379 0.289771
vt 0.901369 0.289771
vt 0.901369 0.409807
vt 0.901379 0.409807
vt 0.901379 0.295804
vt 0.901369 0.295804
vt 0.901369 0.403779
vt 0.901379 0.403779
vt 0.901379 0.301836
vt 0.901369 0.301836
vt 0.901369 0.397752
vt 0.901379 0.397752
vt 0.926191 0.307869
vt 0.926201 0.307869
vt 0.901369 0.657727
vt 0.901379 0.657727
vt 0.926191 0.301836
vt 0.926201 0.301836
vt 0.901369 0.651700
vt 0.901379 0.651700
vt 0.926191 0.295804
vt 0.926201 0.295804
vt 0.901369 0.645672
vt 0.901379 0.645672
vt 0.926191 0.289771
vt 0.926201 0.289771
vt 0.901369 0.639645
vt 0.901379 0.639645
vt 0.926191 0.283739
vt 0.926201 0.283739
vt 0.901369 0.633617
vt 0.901379 0.633617
vt 0.926191 0.277707
vt 0.926201 0.277707
vt 0.901369 0.627590
vt 0.901379 0.627590
vt 0.926191 0.271674
vt 0.926201 0.271674
vt 0.901369 0.621562
vt 0.901379 0.621562
vt 0.926191 0.265642
vt 0.926201 0.265642
vt 0.901369 0.615535
vt 0.901379 0.615535
vt 0.926191 0.259610
vt 0.926201 0.259610
vt 0.901369 0.609507
vt 0.901379 0.609508
vt 0.926191 0.253577
vt 0.926201 0.253577
vt 0.901369 0.603480
vt 0.901379 0.603480
vt 0.926191 0.331135
vt 0.926201 0.331135
vt 0.901369 0.680974
vt 0.901379 0.680974
vt 0.926191 0.325390
vt 0.926201 0.325390
vt 0.901369 0.675234
vt 0.901379 0.675234
vt 0.901379 0.319646
vt 0.901369 0.319646
vt 0.901369 0.379957
vt 0.901379 0.379957
vt 0.901379 0.325390
vt 0.901369 0.325390
vt 0.901369 0.374218
vt 0.901379 0.374218
usemtl box-with-sticker-001
s 1
f 4303/4548 4081/4549 4020/4550 4299/4551
f 4080/4552 4018/4553 4009/4554 4077/4555
f 4066/4556 4701/4557 4016/4558 4072/4559
f 4072/4559 4016/4558 4015/4560 4071/4561
f 4071/4561 4015/4560 4014/4562 4070/4563
f 4070/4563 4014/4562 4013/4564 4069/4565
f 4159/4566 4006/4567 4044/4568 4161/4569
f 4248/4570 4193/4571 4018/4553 4080/4552
f 4078/4572 4008/4573 4020/4550 4081/4549
f 4286/4574 4065/4575 4702/4576 4274/4577
f 4270/4578 4204/4579 4043/4580 4160/4581
f 4076/4582 4041/4583 4042/4584 4077/4555
f 4075/4585 4003/4586 4041/4583 4076/4582
f 4074/4587 4005/4588 4003/4586 4075/4585
f 4078/4572 4006/4567 4005/4588 4074/4587
f 4160/4581 4043/4580 4042/4584 4153/4589
f 4067/4590 4051/4591 4045/4592 4069/4565
f 4237/4593 4215/4594 4051/4591 4067/4590
f 4066/4556 4050/4595 4052/4596 4068/4597
f 4141/4598 4046/4599 4045/4592 4140/4600
f 4142/4601 4048/4602 4046/4599 4141/4598
f 4143/4603 4049/4604 4048/4602 4142/4601
f 4136/4605 4050/4595 4049/4604 4143/4603
f 4291/4606 4273/4607 4004/4608 4079/4609
f 4297/4610 4279/4611 4007/4612 4158/4613
f 4163/4614 4086/4615 4054/4616 4162/4617
f 4083/4618 4073/4619 4026/4620 4028/4621
f 4087/4622 4023/4623 4021/4624 4082/4625
f 4145/4626 4085/4627 4064/4628 4139/4629
f 4294/4630 4285/4631 4060/4632 4135/4633
f 4159/4566 4061/4634 4058/4635 4156/4636
f 4156/4636 4058/4635 4057/4637 4155/4638
f 4155/4638 4057/4637 4056/4639 4154/4640
f 4154/4640 4056/4639 4055/4641 4153/4589
f 4137/4642 4062/4643 4055/4641 4140/4600
f 4259/4644 4226/4645 4062/4643 4137/4642
f 4136/4605 4061/4634 4063/4646 4138/4647
f 4701/4557 4066/4556 4068/4597 4019/4648
f 4172/4649 4237/4593 4067/4590 4017/4650
f 4017/4650 4067/4590 4069/4565 4013/4564
f 4280/4651 4047/4652 4065/4575 4286/4574
f 4046/4599 4070/4563 4069/4565 4045/4592
f 4048/4602 4071/4561 4070/4563 4046/4599
f 4049/4604 4072/4559 4071/4561 4048/4602
f 4050/4595 4066/4556 4072/4559 4049/4604
f 4279/4611 4291/4606 4079/4609 4007/4612
f 4008/4573 4078/4572 4074/4587 4010/4653
f 4010/4653 4074/4587 4075/4585 4011/4654
f 4011/4654 4075/4585 4076/4582 4012/4655
f 4012/4655 4076/4582 4077/4555 4009/4554
f 4006/4567 4078/4572 4081/4549 4044/4568
f 4204/4579 4248/4570 4080/4552 4043/4580
f 4043/4580 4080/4552 4077/4555 4042/4584
f 4086/4615 4087/4622 4082/4625 4054/4616
f 4084/4656 4053/4657 4073/4619 4083/4618
f 4022/4658 4025/4659 4087/4622 4086/4615
f 4157/4660 4022/4658 4086/4615 4163/4614
f 4144/4661 4059/4662 4085/4627 4145/4626
f 4027/4663 4084/4656 4083/4618 4030/4664
f 4030/4664 4083/4618 4028/4621 4029/4665
f 4025/4659 4024/4666 4023/4623 4087/4622
f 4166/4667 4094/4668 4032/4669 4164/4670
f 4302/4671 4044/4568 4081/4549 4303/4548
f 4038/4672 4092/4673 4040/4674 4039/4675
f 4092/4673 4093/4676 4037/4677 4040/4674
f 4094/4668 4090/4678 4091/4679 4095/4680
f 4351/4681 4346/4682 4090/4678 4165/4683
f 4344/4684 4345/4685 4089/4686 4088/4687
f 4349/4688 4344/4684 4088/4687 4036/4689
f 4095/4680 4091/4679 4031/4690 4033/4691
f 4032/4669 4094/4668 4095/4680 4035/4692
f 4165/4683 4090/4678 4094/4668 4166/4667
f 4088/4687 4089/4686 4093/4676 4092/4673
f 4036/4689 4088/4687 4092/4673 4038/4672
f 4035/4692 4095/4680 4033/4691 4034/4693
f 4146/4694 4097/4695 4098/4696 4147/4697
f 4147/4697 4098/4696 4096/4698 4134/4699
f 4350/4700 4348/4701 4097/4695 4146/4694
f 4305/4702 4304/4703 4129/4704 4148/4705
f 4314/4706 4313/4707 4130/4708 4149/4709
f 4323/4710 4322/4711 4131/4712 4150/4713
f 4332/4714 4331/4715 4132/4716 4151/4717
f 4341/4718 4340/4719 4133/4720 4152/4721
f 4298/4722 4300/4723 4109/4724 4103/4725
f 4307/4726 4309/4727 4110/4728 4102/4729
f 4316/4730 4318/4731 4111/4732 4101/4733
f 4325/4734 4327/4735 4112/4736 4100/4737
f 4334/4738 4336/4739 4113/4740 4099/4741
f 4300/4723 4301/4742 4114/4743 4109/4724
f 4309/4727 4310/4744 4115/4745 4110/4728
f 4318/4731 4319/4746 4116/4747 4111/4732
f 4327/4735 4328/4748 4117/4749 4112/4736
f 4336/4739 4337/4750 4118/4751 4113/4740
f 4306/4752 4302/4671 4119/4753 4167/4754
f 4315/4755 4311/4756 4120/4757 4168/4758
f 4324/4759 4320/4760 4121/4761 4169/4762
f 4333/4763 4329/4764 4122/4765 4170/4766
f 4342/4767 4338/4768 4123/4769 4171/4770
f 4346/4682 4123/4769 4128/4771 4347/4772
f 4338/4768 4122/4765 4127/4773 4339/4774
f 4329/4764 4121/4761 4126/4775 4330/4776
f 4320/4760 4120/4757 4125/4777 4321/4778
f 4311/4756 4119/4753 4124/4779 4312/4780
f 4347/4772 4128/4771 4108/4781 4343/4782
f 4339/4774 4127/4773 4107/4783 4335/4784
f 4330/4776 4126/4775 4106/4785 4326/4786
f 4321/4778 4125/4777 4105/4787 4317/4788
f 4312/4780 4124/4779 4104/4789 4308/4790
f 4337/4750 4341/4718 4152/4721 4118/4751
f 4328/4748 4332/4714 4151/4717 4117/4749
f 4319/4746 4323/4710 4150/4713 4116/4747
f 4310/4744 4314/4706 4149/4709 4115/4745
f 4301/4742 4305/4702 4148/4705 4114/4743
f 4345/4685 4350/4700 4146/4694 4089/4686
f 4093/4676 4147/4697 4134/4699 4037/4677
f 4089/4686 4146/4694 4147/4697 4093/4676
f 4027/4663 4144/4661 4145/4626 4084/4656
f 4050/4595 4136/4605 4138/4647 4052/4596
f 4215/4594 4259/4644 4137/4642 4051/4591
f 4051/4591 4137/4642 4140/4600 4045/4592
f 4280/4651 4294/4630 4135/4633 4047/4652
f 4084/4656 4145/4626 4139/4629 4053/4657
f 4061/4634 4136/4605 4143/4603 4058/4635
f 4058/4635 4143/4603 4142/4601 4057/4637
f 4057/4637 4142/4601 4141/4598 4056/4639
f 4056/4639 4141/4598 4140/4600 4055/4641
f 4340/4719 4342/4767 4171/4770 4133/4720
f 4331/4715 4333/4763 4170/4766 4132/4716
f 4322/4711 4324/4759 4169/4762 4131/4712
f 4313/4707 4315/4755 4168/4758 4130/4708
f 4304/4703 4306/4752 4167/4754 4129/4704
f 4097/4695 4165/4683 4166/4667 4098/4696
f 4348/4701 4351/4681 4165/4683 4097/4695
f 4098/4696 4166/4667 4164/4670 4096/4698
f 4059/4662 4157/4660 4163/4614 4085/4627
f 4041/4583 4154/4640 4153/4589 4042/4584
f 4003/4586 4155/4638 4154/4640 4041/4583
f 4005/4588 4156/4636 4155/4638 4003/4586
f 4006/4567 4159/4566 4156/4636 4005/4588
f 4085/4627 4163/4614 4162/4617 4064/4628
f 4285/4631 4297/4610 4158/4613 4060/4632
f 4062/4643 4160/4581 4153/4589 4055/4641
f 4226/4645 4270/4578 4160/4581 4062/4643
f 4061/4634 4159/4566 4161/4569 4063/4646
f 4060/4632 4158/4613 4260/4791 4216/4792
f 4216/4792 4260/4791 4261/4793 4217/4794
f 4217/4794 4261/4793 4262/4795 4218/4796
f 4218/4796 4262/4795 4263/4797 4219/4798
f 4219/4798 4263/4797 4264/4799 4220/4800
f 4220/4800 4264/4799 4265/4801 4221/4802
f 4221/4802 4265/4801 4266/4803 4222/4804
f 4222/4804 4266/4803 4267/4805 4223/4806
f 4223/4806 4267/4805 4268/4807 4224/4808
f 4224/4808 4268/4807 4269/4809 4225/4810
f 4225/4810 4269/4809 4270/4578 4226/4645
f 4047/4652 4135/4633 4249/4811 4205/4812
f 4205/4812 4249/4811 4250/4813 4206/4814
f 4206/4814 4250/4813 4251/4815 4207/4816
f 4207/4816 4251/4815 4252/4817 4208/4818
f 4208/4818 4252/4817 4253/4819 4209/4820
f 4209/4820 4253/4819 4254/4821 4210/4822
f 4210/4822 4254/4821 4255/4823 4211/4824
f 4211/4824 4255/4823 4256/4825 4212/4826
f 4212/4826 4256/4825 4257/4827 4213/4828
f 4213/4828 4257/4827 4258/4829 4214/4830
f 4214/4830 4258/4829 4259/4644 4215/4594
f 4007/4612 4079/4609 4238/4831 4194/4832
f 4194/4832 4238/4831 4239/4833 4195/4834
f 4195/4834 4239/4833 4240/4835 4196/4836
f 4196/4836 4240/4835 4241/4837 4197/4838
f 4197/4838 4241/4837 4242/4839 4198/4840
f 4198/4840 4242/4839 4243/4841 4199/4842
f 4199/4842 4243/4841 4244/4843 4200/4844
f 4200/4844 4244/4843 4245/4845 4201/4846
f 4201/4846 4245/4845 4246/4847 4202/4848
f 4202/4848 4246/4847 4247/4849 4203/4850
f 4203/4850 4247/4849 4248/4570 4204/4579
f 4702/4576 4065/4575 4227/4851 4182/4852
f 4182/4852 4227/4851 4228/4853 4181/4854
f 4181/4854 4228/4853 4229/4855 4180/4856
f 4180/4856 4229/4855 4230/4857 4179/4858
f 4179/4858 4230/4857 4231/4859 4178/4860
f 4178/4860 4231/4859 4232/4861 4177/4862
f 4177/4862 4232/4861 4233/4863 4176/4864
f 4176/4864 4233/4863 4234/4865 4175/4866
f 4175/4866 4234/4865 4235/4867 4174/4868
f 4174/4868 4235/4867 4236/4869 4173/4870
f 4173/4870 4236/4869 4237/4593 4172/4649
f 4135/4633 4060/4632 4216/4792 4249/4811
f 4249/4811 4216/4792 4217/4794 4250/4813
f 4250/4813 4217/4794 4218/4796 4251/4815
f 4251/4815 4218/4796 4219/4798 4252/4817
f 4252/4817 4219/4798 4220/4800 4253/4819
f 4253/4819 4220/4800 4221/4802 4254/4821
f 4254/4821 4221/4802 4222/4804 4255/4823
f 4255/4823 4222/4804 4223/4806 4256/4825
f 4256/4825 4223/4806 4224/4808 4257/4827
f 4257/4827 4224/4808 4225/4810 4258/4829
f 4258/4829 4225/4810 4226/4645 4259/4644
f 4065/4575 4047/4652 4205/4812 4227/4851
f 4227/4851 4205/4812 4206/4814 4228/4853
f 4228/4853 4206/4814 4207/4816 4229/4855
f 4229/4855 4207/4816 4208/4818 4230/4857
f 4230/4857 4208/4818 4209/4820 4231/4859
f 4231/4859 4209/4820 4210/4822 4232/4861
f 4232/4861 4210/4822 4211/4824 4233/4863
f 4233/4863 4211/4824 4212/4826 4234/4865
f 4234/4865 4212/4826 4213/4828 4235/4867
f 4235/4867 4213/4828 4214/4830 4236/4869
f 4236/4869 4214/4830 4215/4594 4237/4593
f 4158/4613 4007/4612 4194/4832 4260/4791
f 4260/4791 4194/4832 4195/4834 4261/4793
f 4261/4793 4195/4834 4196/4836 4262/4795
f 4262/4795 4196/4836 4197/4838 4263/4797
f 4263/4797 4197/4838 4198/4840 4264/4799
f 4264/4799 4198/4840 4199/4842 4265/4801
f 4265/4801 4199/4842 4200/4844 4266/4803
f 4266/4803 4200/4844 4201/4846 4267/4805
f 4267/4805 4201/4846 4202/4848 4268/4807
f 4268/4807 4202/4848 4203/4850 4269/4809
f 4269/4809 4203/4850 4204/4579 4270/4578
f 4079/4609 4004/4608 4183/4871 4238/4831
f 4238/4831 4183/4871 4184/4872 4239/4833
f 4239/4833 4184/4872 4185/4873 4240/4835
f 4240/4835 4185/4873 4186/4874 4241/4837
f 4241/4837 4186/4874 4187/4875 4242/4839
f 4242/4839 4187/4875 4188/4876 4243/4841
f 4243/4841 4188/4876 4189/4877 4244/4843
f 4244/4843 4189/4877 4190/4878 4245/4845
f 4245/4845 4190/4878 4191/4879 4246/4847
f 4246/4847 4191/4879 4192/4880 4247/4849
f 4247/4849 4192/4880 4193/4571 4248/4570
f 4064/4628 4162/4617 4295/4881 4283/4882
f 4283/4882 4295/4881 4296/4883 4284/4884
f 4284/4884 4296/4883 4297/4610 4285/4631
f 4053/4657 4139/4629 4292/4885 4282/4886
f 4282/4886 4292/4885 4293/4887 4281/4888
f 4281/4888 4293/4887 4294/4630 4280/4651
f 4054/4616 4082/4625 4289/4889 4277/4890
f 4277/4890 4289/4889 4290/4891 4278/4892
f 4278/4892 4290/4891 4291/4606 4279/4611
f 4053/4657 4282/4886 4288/4893 4073/4619
f 4282/4886 4281/4888 4287/4894 4288/4893
f 4281/4888 4280/4651 4286/4574 4287/4894
f 4139/4629 4064/4628 4283/4882 4292/4885
f 4292/4885 4283/4882 4284/4884 4293/4887
f 4293/4887 4284/4884 4285/4631 4294/4630
f 4162/4617 4054/4616 4277/4890 4295/4881
f 4295/4881 4277/4890 4278/4892 4296/4883
f 4296/4883 4278/4892 4279/4611 4297/4610
f 4082/4625 4021/4624 4271/4895 4289/4889
f 4289/4889 4271/4895 4272/4896 4290/4891
f 4290/4891 4272/4896 4273/4607 4291/4606
f 4073/4619 4288/4893 4276/4897 4026/4620
f 4288/4893 4287/4894 4275/4898 4276/4897
f 4287/4894 4286/4574 4274/4577 4275/4898
f 4063/4646 4161/4569 4306/4752 4304/4703
f 4052/4596 4138/4647 4305/4702 4301/4742
f 4161/4569 4044/4568 4302/4671 4306/4752
f 4068/4597 4052/4596 4301/4742 4300/4723
f 4019/4648 4068/4597 4300/4723 4298/4722
f 4138/4647 4063/4646 4304/4703 4305/4702
f 4119/4753 4302/4671 4303/4548 4124/4779
f 4124/4779 4303/4548 4299/4551 4104/4789
f 4129/4704 4167/4754 4315/4755 4313/4707
f 4114/4743 4148/4705 4314/4706 4310/4744
f 4125/4777 4312/4780 4308/4790 4105/4787
f 4120/4757 4311/4756 4312/4780 4125/4777
f 4167/4754 4119/4753 4311/4756 4315/4755
f 4109/4724 4114/4743 4310/4744 4309/4727
f 4103/4725 4109/4724 4309/4727 4307/4726
f 4148/4705 4129/4704 4313/4707 4314/4706
f 4130/4708 4168/4758 4324/4759 4322/4711
f 4115/4745 4149/4709 4323/4710 4319/4746
f 4126/4775 4321/4778 4317/4788 4106/4785
f 4121/4761 4320/4760 4321/4778 4126/4775
f 4168/4758 4120/4757 4320/4760 4324/4759
f 4110/4728 4115/4745 4319/4746 4318/4731
f 4102/4729 4110/4728 4318/4731 4316/4730
f 4149/4709 4130/4708 4322/4711 4323/4710
f 4131/4712 4169/4762 4333/4763 4331/4715
f 4116/4747 4150/4713 4332/4714 4328/4748
f 4127/4773 4330/4776 4326/4786 4107/4783
f 4122/4765 4329/4764 4330/4776 4127/4773
f 4169/4762 4121/4761 4329/4764 4333/4763
f 4111/4732 4116/4747 4328/4748 4327/4735
f 4101/4733 4111/4732 4327/4735 4325/4734
f 4150/4713 4131/4712 4331/4715 4332/4714
f 4132/4716 4170/4766 4342/4767 4340/4719
f 4117/4749 4151/4717 4341/4718 4337/4750
f 4128/4771 4339/4774 4335/4784 4108/4781
f 4123/4769 4338/4768 4339/4774 4128/4771
f 4170/4766 4122/4765 4338/4768 4342/4767
f 4112/4736 4117/4749 4337/4750 4336/4739
f 4100/4737 4112/4736 4336/4739 4334/4738
f 4151/4717 4132/4716 4340/4719 4341/4718
f 4133/4720 4171/4770 4351/4681 4348/4701
f 4118/4751 4152/4721 4350/4700 4345/4685
f 4091/4679 4347/4772 4343/4782 4031/4690
f 4090/4678 4346/4682 4347/4772 4091/4679
f 4152/4721 4133/4720 4348/4701 4350/4700
f 4099/4741 4113/4740 4344/4684 4349/4688
f 4113/4740 4118/4751 4345/4685 4344/4684
f 4171/4770 4123/4769 4346/4682 4351/4681
f 4652/4899 4648/4900 4369/4901 4430/4902
f 4429/4903 4426/4904 4358/4905 4367/4906
f 4415/4907 4421/4908 4365/4909 4707/4910
f 4421/4908 4420/4911 4364/4912 4365/4909
f 4420/4911 4419/4913 4363/4914 4364/4912
f 4419/4913 4418/4915 4362/4916 4363/4914
f 4508/4917 4510/4918 4393/4919 4355/4920
f 4597/4921 4429/4903 4367/4906 4542/4922
f 4427/4923 4430/4902 4369/4901 4357/4924
f 4635/4925 4623/4926 4717/4927 4414/4928
f 4619/4929 4509/4930 4392/4931 4553/4932
f 4425/4933 4426/4904 4391/4934 4390/4935
f 4424/4936 4425/4933 4390/4935 4352/4937
f 4423/4938 4424/4936 4352/4937 4354/4939
f 4427/4923 4423/4938 4354/4939 4355/4920
f 4509/4930 4502/4940 4391/4934 4392/4931
f 4416/4941 4418/4915 4394/4942 4400/4943
f 4586/4944 4416/4941 4400/4943 4564/4945
f 4415/4907 4417/4946 4401/4947 4399/4948
f 4490/4949 4489/4950 4394/4942 4395/4951
f 4491/4952 4490/4949 4395/4951 4397/4953
f 4492/4954 4491/4952 4397/4953 4398/4955
f 4485/4956 4492/4954 4398/4955 4399/4948
f 4640/4957 4428/4958 4353/4959 4622/4960
f 4646/4961 4507/4962 4356/4963 4628/4964
f 4512/4965 4511/4966 4403/4967 4435/4968
f 4432/4969 4377/4970 4375/4971 4422/4972
f 4436/4973 4431/4974 4370/4975 4372/4976
f 4494/4977 4488/4978 4413/4979 4434/4980
f 4643/4981 4484/4982 4409/4983 4634/4984
f 4508/4917 4505/4985 4407/4986 4410/4987
f 4505/4985 4504/4988 4406/4989 4407/4986
f 4504/4988 4503/4990 4405/4991 4406/4989
f 4503/4990 4502/4940 4404/4992 4405/4991
f 4486/4993 4489/4950 4404/4992 4411/4994
f 4608/4995 4486/4993 4411/4994 4575/4996
f 4485/4956 4487/4997 4412/4998 4410/4987
f 4707/4910 4368/4999 4417/4946 4415/4907
f 4521/5000 4366/5001 4416/4941 4586/4944
f 4366/5001 4362/4916 4418/4915 4416/4941
f 4629/5002 4635/4925 4414/4928 4396/5003
f 4395/4951 4394/4942 4418/4915 4419/4913
f 4397/4953 4395/4951 4419/4913 4420/4911
f 4398/4955 4397/4953 4420/4911 4421/4908
f 4399/4948 4398/4955 4421/4908 4415/4907
f 4628/4964 4356/4963 4428/4958 4640/4957
f 4357/4924 4359/5004 4423/4938 4427/4923
f 4359/5004 4360/5005 4424/4936 4423/4938
f 4360/5005 4361/5006 4425/4933 4424/4936
f 4361/5006 4358/4905 4426/4904 4425/4933
f 4355/4920 4393/4919 4430/4902 4427/4923
f 4553/4932 4392/4931 4429/4903 4597/4921
f 4392/4931 4391/4934 4426/4904 4429/4903
f 4435/4968 4403/4967 4431/4974 4436/4973
f 4433/5007 4432/4969 4422/4972 4402/5008
f 4371/5009 4435/4968 4436/4973 4374/5010
f 4506/5011 4512/4965 4435/4968 4371/5009
f 4493/5012 4494/4977 4434/4980 4408/5013
f 4376/5014 4379/5015 4432/4969 4433/5007
f 4379/5015 4378/5016 4377/4970 4432/4969
f 4374/5010 4436/4973 4372/4976 4373/5017
f 4515/5018 4513/5019 4381/5020 4443/5021
f 4651/5022 4652/4899 4430/4902 4393/4919
f 4387/5023 4388/5024 4389/5025 4441/5026
f 4441/5026 4389/5025 4386/5027 4442/5028
f 4443/5021 4444/5029 4440/5030 4439/5031
f 4700/5032 4514/5033 4439/5031 4695/5034
f 4693/5035 4437/5036 4438/5037 4694/5038
f 4698/5039 4385/5040 4437/5036 4693/5035
f 4444/5029 4382/5041 4380/5042 4440/5030
f 4381/5020 4384/5043 4444/5029 4443/5021
f 4514/5033 4515/5018 4443/5021 4439/5031
f 4437/5036 4441/5026 4442/5028 4438/5037
f 4385/5040 4387/5023 4441/5026 4437/5036
f 4384/5043 4383/5044 4382/5041 4444/5029
f 4495/5045 4496/5046 4447/5047 4446/5048
f 4496/5046 4483/5049 4445/5050 4447/5047
f 4699/5051 4495/5045 4446/5048 4697/5052
f 4654/5053 4497/5054 4478/5055 4653/5056
f 4663/5057 4498/5058 4479/5059 4662/5060
f 4672/5061 4499/5062 4480/5063 4671/5064
f 4681/5065 4500/5066 4481/5067 4680/5068
f 4690/5069 4501/5070 4482/5071 4689/5072
f 4647/5073 4452/5074 4458/5075 4649/5076
f 4656/5077 4451/5078 4459/5079 4658/5080
f 4665/5081 4450/5082 4460/5083 4667/5084
f 4674/5085 4449/5086 4461/5087 4676/5088
f 4683/5089 4448/5090 4462/5091 4685/5092
f 4649/5076 4458/5075 4463/5093 4650/5094
f 4658/5080 4459/5079 4464/5095 4659/5096
f 4667/5084 4460/5083 4465/5097 4668/5098
f 4676/5088 4461/5087 4466/5099 4677/5100
f 4685/5092 4462/5091 4467/5101 4686/5102
f 4655/5103 4516/5104 4468/5105 4651/5022
f 4664/5106 4517/5107 4469/5108 4660/5109
f 4673/5110 4518/5111 4470/5112 4669/5113
f 4682/5114 4519/5115 4471/5116 4678/5117
f 4691/5118 4520/5119 4472/5120 4687/5121
f 4695/5034 4696/5122 4477/5123 4472/5120
f 4687/5121 4688/5124 4476/5125 4471/5116
f 4678/5117 4679/5126 4475/5127 4470/5112
f 4669/5113 4670/5128 4474/5129 4469/5108
f 4660/5109 4661/5130 4473/5131 4468/5105
f 4696/5122 4692/5132 4457/5133 4477/5123
f 4688/5124 4684/5134 4456/5135 4476/5125
f 4679/5126 4675/5136 4455/5137 4475/5127
f 4670/5128 4666/5138 4454/5139 4474/5129
f 4661/5130 4657/5140 4453/5141 4473/5131
f 4686/5102 4467/5101 4501/5070 4690/5069
f 4677/5100 4466/5099 4500/5066 4681/5065
f 4668/5098 4465/5097 4499/5062 4672/5061
f 4659/5096 4464/5095 4498/5058 4663/5057
f 4650/5094 4463/5093 4497/5054 4654/5053
f 4694/5038 4438/5037 4495/5045 4699/5051
f 4442/5028 4386/5027 4483/5049 4496/5046
f 4438/5037 4442/5028 4496/5046 4495/5045
f 4376/5014 4433/5007 4494/4977 4493/5012
f 4399/4948 4401/4947 4487/4997 4485/4956
f 4564/4945 4400/4943 4486/4993 4608/4995
f 4400/4943 4394/4942 4489/4950 4486/4993
f 4629/5002 4396/5003 4484/4982 4643/4981
f 4433/5007 4402/5008 4488/4978 4494/4977
f 4410/4987 4407/4986 4492/4954 4485/4956
f 4407/4986 4406/4989 4491/4952 4492/4954
f 4406/4989 4405/4991 4490/4949 4491/4952
f 4405/4991 4404/4992 4489/4950 4490/4949
f 4689/5072 4482/5071 4520/5119 4691/5118
f 4680/5068 4481/5067 4519/5115 4682/5114
f 4671/5064 4480/5063 4518/5111 4673/5110
f 4662/5060 4479/5059 4517/5107 4664/5106
f 4653/5056 4478/5055 4516/5104 4655/5103
f 4446/5048 4447/5047 4515/5018 4514/5033
f 4697/5052 4446/5048 4514/5033 4700/5032
f 4447/5047 4445/5050 4513/5019 4515/5018
f 4408/5013 4434/4980 4512/4965 4506/5011
f 4390/4935 4391/4934 4502/4940 4503/4990
f 4352/4937 4390/4935 4503/4990 4504/4988
f 4354/4939 4352/4937 4504/4988 4505/4985
f 4355/4920 4354/4939 4505/4985 4508/4917
f 4434/4980 4413/4979 4511/4966 4512/4965
f 4634/4984 4409/4983 4507/4962 4646/4961
f 4411/4994 4404/4992 4502/4940 4509/4930
f 4575/4996 4411/4994 4509/4930 4619/4929
f 4410/4987 4412/4998 4510/4918 4508/4917
f 4409/4983 4565/5142 4609/5143 4507/4962
f 4565/5142 4566/5144 4610/5145 4609/5143
f 4566/5144 4567/5146 4611/5147 4610/5145
f 4567/5146 4568/5148 4612/5149 4611/5147
f 4568/5148 4569/5150 4613/5151 4612/5149
f 4569/5150 4570/5152 4614/5153 4613/5151
f 4570/5152 4571/5154 4615/5155 4614/5153
f 4571/5154 4572/5156 4616/5157 4615/5155
f 4572/5156 4573/5158 4617/5159 4616/5157
f 4573/5158 4574/5160 4618/5161 4617/5159
f 4574/5160 4575/4996 4619/4929 4618/5161
f 4396/5003 4554/5162 4598/5163 4484/4982
f 4554/5162 4555/5164 4599/5165 4598/5163
f 4555/5164 4556/5166 4600/5167 4599/5165
f 4556/5166 4557/5168 4601/5169 4600/5167
f 4557/5168 4558/5170 4602/5171 4601/5169
f 4558/5170 4559/5172 4603/5173 4602/5171
f 4559/5172 4560/5174 4604/5175 4603/5173
f 4560/5174 4561/5176 4605/5177 4604/5175
f 4561/5176 4562/5178 4606/5179 4605/5177
f 4562/5178 4563/5180 4607/5181 4606/5179
f 4563/5180 4564/4945 4608/4995 4607/5181
f 4356/4963 4543/5182 4587/5183 4428/4958
f 4543/5182 4544/5184 4588/5185 4587/5183
f 4544/5184 4545/5186 4589/5187 4588/5185
f 4545/5186 4546/5188 4590/5189 4589/5187
f 4546/5188 4547/5190 4591/5191 4590/5189
f 4547/5190 4548/5192 4592/5193 4591/5191
f 4548/5192 4549/5194 4593/5195 4592/5193
f 4549/5194 4550/5196 4594/5197 4593/5195
f 4550/5196 4551/5198 4595/5199 4594/5197
f 4551/5198 4552/5200 4596/5201 4595/5199
f 4552/5200 4553/4932 4597/4921 4596/5201
f 4717/4927 4531/5202 4576/5203 4414/4928
f 4531/5202 4530/5204 4577/5205 4576/5203
f 4530/5204 4529/5206 4578/5207 4577/5205
f 4529/5206 4528/5208 4579/5209 4578/5207
f 4528/5208 4527/5210 4580/5211 4579/5209
f 4527/5210 4526/5212 4581/5213 4580/5211
f 4526/5212 4525/5214 4582/5215 4581/5213
f 4525/5214 4524/5216 4583/5217 4582/5215
f 4524/5216 4523/5218 4584/5219 4583/5217
f 4523/5218 4522/5220 4585/5221 4584/5219
f 4522/5220 4521/5000 4586/4944 4585/5221
f 4484/4982 4598/5163 4565/5142 4409/4983
f 4598/5163 4599/5165 4566/5144 4565/5142
f 4599/5165 4600/5167 4567/5146 4566/5144
f 4600/5167 4601/5169 4568/5148 4567/5146
f 4601/5169 4602/5171 4569/5150 4568/5148
f 4602/5171 4603/5173 4570/5152 4569/5150
f 4603/5173 4604/5175 4571/5154 4570/5152
f 4604/5175 4605/5177 4572/5156 4571/5154
f 4605/5177 4606/5179 4573/5158 4572/5156
f 4606/5179 4607/5181 4574/5160 4573/5158
f 4607/5181 4608/4995 4575/4996 4574/5160
f 4414/4928 4576/5203 4554/5162 4396/5003
f 4576/5203 4577/5205 4555/5164 4554/5162
f 4577/5205 4578/5207 4556/5166 4555/5164
f 4578/5207 4579/5209 4557/5168 4556/5166
f 4579/5209 4580/5211 4558/5170 4557/5168
f 4580/5211 4581/5213 4559/5172 4558/5170
f 4581/5213 4582/5215 4560/5174 4559/5172
f 4582/5215 4583/5217 4561/5176 4560/5174
f 4583/5217 4584/5219 4562/5178 4561/5176
f 4584/5219 4585/5221 4563/5180 4562/5178
f 4585/5221 4586/4944 4564/4945 4563/5180
f 4507/4962 4609/5143 4543/5182 4356/4963
f 4609/5143 4610/5145 4544/5184 4543/5182
f 4610/5145 4611/5147 4545/5186 4544/5184
f 4611/5147 4612/5149 4546/5188 4545/5186
f 4612/5149 4613/5151 4547/5190 4546/5188
f 4613/5151 4614/5153 4548/5192 4547/5190
f 4614/5153 4615/5155 4549/5194 4548/5192
f 4615/5155 4616/5157 4550/5196 4549/5194
f 4616/5157 4617/5159 4551/5198 4550/5196
f 4617/5159 4618/5161 4552/5200 4551/5198
f 4618/5161 4619/4929 4553/4932 4552/5200
f 4428/4958 4587/5183 4532/5222 4353/4959
f 4587/5183 4588/5185 4533/5223 4532/5222
f 4588/5185 4589/5187 4534/5224 4533/5223
f 4589/5187 4590/5189 4535/5225 4534/5224
f 4590/5189 4591/5191 4536/5226 4535/5225
f 4591/5191 4592/5193 4537/5227 4536/5226
f 4592/5193 4593/5195 4538/5228 4537/5227
f 4593/5195 4594/5197 4539/5229 4538/5228
f 4594/5197 4595/5199 4540/5230 4539/5229
f 4595/5199 4596/5201 4541/5231 4540/5230
f 4596/5201 4597/4921 4542/4922 4541/5231
f 4413/4979 4632/5232 4644/5233 4511/4966
f 4632/5232 4633/5234 4645/5235 4644/5233
f 4633/5234 4634/4984 4646/4961 4645/5235
f 4402/5008 4631/5236 4641/5237 4488/4978
f 4631/5236 4630/5238 4642/5239 4641/5237
f 4630/5238 4629/5002 4643/4981 4642/5239
f 4403/4967 4626/5240 4638/5241 4431/4974
f 4626/5240 4627/5242 4639/5243 4638/5241
f 4627/5242 4628/4964 4640/4957 4639/5243
f 4402/5008 4422/4972 4637/5244 4631/5236
f 4631/5236 4637/5244 4636/5245 4630/5238
f 4630/5238 4636/5245 4635/4925 4629/5002
f 4488/4978 4641/5237 4632/5232 4413/4979
f 4641/5237 4642/5239 4633/5234 4632/5232
f 4642/5239 4643/4981 4634/4984 4633/5234
f 4511/4966 4644/5233 4626/5240 4403/4967
f 4644/5233 4645/5235 4627/5242 4626/5240
f 4645/5235 4646/4961 4628/4964 4627/5242
f 4431/4974 4638/5241 4620/5246 4370/4975
f 4638/5241 4639/5243 4621/5247 4620/5246
f 4639/5243 4640/4957 4622/4960 4621/5247
f 4422/4972 4375/4971 4625/5248 4637/5244
f 4637/5244 4625/5248 4624/5249 4636/5245
f 4636/5245 4624/5249 4623/4926 4635/4925
f 4412/4998 4653/5056 4655/5103 4510/4918
f 4401/4947 4650/5094 4654/5053 4487/4997
f 4510/4918 4655/5103 4651/5022 4393/4919
f 4417/4946 4649/5076 4650/5094 4401/4947
f 4368/4999 4647/5073 4649/5076 4417/4946
f 4487/4997 4654/5053 4653/5056 4412/4998
f 4468/5105 4473/5131 4652/4899 4651/5022
f 4473/5131 4453/5141 4648/4900 4652/4899
f 4478/5055 4662/5060 4664/5106 4516/5104
f 4463/5093 4659/5096 4663/5057 4497/5054
f 4474/5129 4454/5139 4657/5140 4661/5130
f 4469/5108 4474/5129 4661/5130 4660/5109
f 4516/5104 4664/5106 4660/5109 4468/5105
f 4458/5075 4658/5080 4659/5096 4463/5093
f 4452/5074 4656/5077 4658/5080 4458/5075
f 4497/5054 4663/5057 4662/5060 4478/5055
f 4479/5059 4671/5064 4673/5110 4517/5107
f 4464/5095 4668/5098 4672/5061 4498/5058
f 4475/5127 4455/5137 4666/5138 4670/5128
f 4470/5112 4475/5127 4670/5128 4669/5113
f 4517/5107 4673/5110 4669/5113 4469/5108
f 4459/5079 4667/5084 4668/5098 4464/5095
f 4451/5078 4665/5081 4667/5084 4459/5079
f 4498/5058 4672/5061 4671/5064 4479/5059
f 4480/5063 4680/5068 4682/5114 4518/5111
f 4465/5097 4677/5100 4681/5065 4499/5062
f 4476/5125 4456/5135 4675/5136 4679/5126
f 4471/5116 4476/5125 4679/5126 4678/5117
f 4518/5111 4682/5114 4678/5117 4470/5112
f 4460/5083 4676/5088 4677/5100 4465/5097
f 4450/5082 4674/5085 4676/5088 4460/5083
f 4499/5062 4681/5065 4680/5068 4480/5063
f 4481/5067 4689/5072 4691/5118 4519/5115
f 4466/5099 4686/5102 4690/5069 4500/5066
f 4477/5123 4457/5133 4684/5134 4688/5124
f 4472/5120 4477/5123 4688/5124 4687/5121
f 4519/5115 4691/5118 4687/5121 4471/5116
f 4461/5087 4685/5092 4686/5102 4466/5099
f 4449/5086 4683/5089 4685/5092 4461/5087
f 4500/5066 4690/5069 4689/5072 4481/5067
f 4482/5071 4697/5052 4700/5032 4520/5119
f 4467/5101 4694/5038 4699/5051 4501/5070
f 4440/5030 4380/5042 4692/5132 4696/5122
f 4439/5031 4440/5030 4696/5122 4695/5034
f 4501/5070 4699/5051 4697/5052 4482/5071
f 4448/5090 4698/5039 4693/5035 4462/5091
f 4462/5091 4693/5035 4694/5038 4467/5101
f 4520/5119 4700/5032 4695/5034 4472/5120
f 4010/4653 4011/4654 4832/5250 4817/5251
f 4701/4557 4019/4648 4862/5252 4802/5253
f 4788/5254 4790/5255 5267/5256 5273/5257
f 4011/4654 4012/4655 4842/5258 4832/5250
f 4014/4562 4015/4560 4838/5259 4848/5260
f 4012/4655 4009/4554 4852/5261 4842/5258
f 4013/4564 4014/4562 4848/5260 4858/5262
f 4009/4554 4018/4553 4872/5263 4852/5261
f 4791/5264 4793/5265 4812/5266 5278/5267
f 4274/4577 4702/4576 4798/5268 5258/5269
f 4017/4650 4013/4564 4858/5262 4878/5270
f 4019/4648 4298/4722 4962/5271 4862/5252
f 4172/4649 4017/4650 4878/5270 5148/5272
f 4015/4560 4016/4558 4828/5273 4838/5259
f 4157/4660 4059/4662 5033/5274 4892/5275
f 4024/4666 4025/4659 4903/5276 4908/5277
f 4023/4623 4024/4666 4908/5277 4913/5278
f 4021/4624 4023/4623 4913/5278 4918/5279
f 4271/4895 4021/4624 4918/5279 5248/5280
f 4273/4607 4272/4896 5253/5281 4922/5282
f 4276/4897 4275/4898 5263/5283 4932/5284
f 4029/4665 4028/4621 4943/5285 4948/5286
f 4030/4664 4029/4665 4948/5286 4953/5287
f 4027/4663 4030/4664 4953/5287 4958/5288
f 4144/4661 4027/4663 4958/5288 5027/5289
f 4182/4852 4181/4854 5193/5290 4867/5291
f 4343/4782 4108/4781 5143/5292 4967/5293
f 4034/4693 4033/4691 4978/5294 4983/5295
f 4035/4692 4034/4693 4983/5295 4988/5296
f 4032/4669 4035/4692 4988/5296 4993/5297
f 4164/4670 4032/4669 4993/5297 5037/5298
f 4134/4699 4096/4698 5043/5299 4997/5300
f 4039/4675 4040/4674 5008/5301 5013/5302
f 4038/4672 4039/4675 5013/5302 5018/5303
f 4036/4689 4038/4672 5018/5303 5023/5304
f 4349/4688 4036/4689 5023/5304 5047/5305
f 4096/4698 4164/4670 5037/5298 5043/5299
f 4099/4741 4349/4688 5047/5305 5053/5306
f 4334/4738 4099/4741 5053/5306 5057/5307
f 4325/4734 4100/4737 5063/5308 5067/5309
f 4316/4730 4101/4733 5073/5310 5077/5311
f 4307/4726 4102/4729 5083/5312 5087/5313
f 4104/4789 4299/4551 5097/5314 5103/5315
f 4308/4790 4104/4789 5103/5315 5107/5316
f 4317/4788 4105/4787 5113/5317 5117/5318
f 4326/4786 4106/4785 5123/5319 5127/5320
f 4335/4784 4107/4783 5133/5321 5137/5322
f 4173/4870 4172/4649 5148/5272 5153/5323
f 4742/5324 4744/5325 5447/5326 5453/5327
f 4298/4722 4103/4725 5093/5328 4962/5271
f 4771/5329 4773/5330 5342/5331 5348/5332
f 4037/4677 4134/4699 4997/5300 5003/5333
f 4193/4571 4192/4880 5243/5334 4882/5335
f 4174/4868 4173/4870 5153/5323 5158/5336
f 4175/4866 4174/4868 5158/5336 5163/5337
f 4176/4864 4175/4866 5163/5337 5168/5338
f 4177/4862 4176/4864 5168/5338 5173/5339
f 4178/4860 4177/4862 5173/5339 5178/5340
f 4179/4858 4178/4860 5178/5340 5183/5341
f 4180/4856 4179/4858 5183/5341 5188/5342
f 4181/4854 4180/4856 5188/5342 5193/5290
f 4184/4872 4183/4871 5198/5343 5203/5344
f 4018/4553 4193/4571 4882/5335 4872/5263
f 4026/4620 4276/4897 4932/5284 4938/5345
f 4185/4873 4184/4872 5203/5344 5208/5346
f 4186/4874 4185/4873 5208/5346 5213/5347
f 4187/4875 4186/4874 5213/5347 5218/5348
f 4188/4876 4187/4875 5218/5348 5223/5349
f 4189/4877 4188/4876 5223/5349 5228/5350
f 4190/4878 4189/4877 5228/5350 5233/5351
f 4191/4879 4190/4878 5233/5351 5238/5352
f 4192/4880 4191/4879 5238/5352 5243/5334
f 4272/4896 4271/4895 5248/5280 5253/5281
f 4299/4551 4020/4550 4888/5353 5097/5314
f 4004/4608 4273/4607 4922/5282 4928/5354
f 4275/4898 4274/4577 5258/5269 5263/5283
f 4763/5355 4765/5356 5372/5357 5378/5358
f 4016/4558 4701/4557 4802/5253 4828/5273
f 4359/5004 4357/4924 5272/5359 5268/5360
f 4759/5361 4761/5362 5382/5363 5388/5364
f 4031/4690 4343/4782 4967/5293 4973/5365
f 4022/4658 4157/4660 4892/5275 4898/5366
f 4103/4725 4307/4726 5087/5313 5093/5328
f 4105/4787 4308/4790 5107/5316 5113/5317
f 4102/4729 4316/4730 5077/5311 5083/5312
f 4106/4785 4317/4788 5117/5318 5123/5319
f 4101/4733 4325/4734 5067/5309 5073/5310
f 4107/4783 4326/4786 5127/5320 5133/5321
f 4100/4737 4334/4738 5057/5307 5063/5308
f 4108/4781 4335/4784 5137/5322 5143/5292
f 4750/5367 4752/5368 5417/5369 5423/5370
f 4059/4662 4144/4661 5027/5289 5033/5274
f 4790/5255 4789/5371 5282/5372 5267/5256
f 4793/5265 4792/5373 5312/5374 4812/5266
f 4020/4550 4008/4573 4823/5375 4888/5353
f 4786/5376 4791/5264 5278/5267 5288/5377
f 4789/5371 4785/5378 5292/5379 5282/5372
f 4784/5380 4786/5376 5288/5377 5298/5381
f 4785/5378 4783/5382 5302/5383 5292/5379
f 4782/5384 4784/5380 5298/5381 5308/5385
f 4531/5202 4717/4927 4807/5386 5318/5387
f 4796/5388 4795/5389 5317/5390 4808/5391
f 4783/5382 4781/5392 5322/5393 5302/5383
f 4780/5394 4782/5384 5308/5385 5328/5395
f 4781/5392 4777/5396 5332/5397 5322/5393
f 4787/5398 4788/5254 5273/5257 5338/5399
f 4773/5330 4772/5400 5483/5401 5342/5331
f 4770/5402 4771/5329 5348/5332 5353/5403
f 4769/5404 4770/5402 5353/5403 5358/5405
f 4768/5406 4769/5404 5358/5405 5363/5407
f 4767/5408 4768/5406 5363/5407 5368/5409
f 4765/5356 4764/5410 5703/5411 5372/5357
f 4761/5362 4760/5412 5713/5413 5382/5363
f 4758/5414 4759/5361 5388/5364 5393/5415
f 4757/5416 4758/5414 5393/5415 5398/5417
f 4756/5418 4757/5416 5398/5417 5403/5419
f 4755/5420 4756/5418 5403/5419 5408/5421
f 4792/5373 4779/5422 5412/5423 5312/5374
f 4752/5368 4751/5424 5593/5425 5417/5369
f 4749/5426 4750/5367 5423/5370 5428/5427
f 4748/5428 4749/5426 5428/5427 5433/5429
f 4747/5430 4748/5428 5433/5429 5438/5431
f 4746/5432 4747/5430 5438/5431 5443/5433
f 4744/5325 4743/5434 5493/5435 5447/5326
f 4741/5436 4742/5324 5453/5327 5458/5437
f 4740/5438 4741/5436 5458/5437 5463/5439
f 4739/5440 4740/5438 5463/5439 5468/5441
f 4738/5442 4739/5440 5468/5441 5473/5443
f 4772/5444 4754/5445 5477/5446 5483/5447
f 4743/5434 4745/5448 5487/5449 5493/5435
f 4736/5450 4737/5451 5497/5452 5503/5453
f 4734/5454 4735/5455 5507/5456 5513/5457
f 4732/5458 4733/5459 5517/5460 5523/5461
f 4730/5462 4731/5463 5527/5464 5533/5465
f 4753/5466 4729/5467 5537/5468 5543/5469
f 4728/5470 4774/5471 5547/5472 5553/5473
f 4726/5474 4727/5475 5557/5476 5563/5477
f 4724/5478 4725/5479 5567/5480 5573/5481
f 4722/5482 4723/5483 5577/5484 5583/5485
f 4751/5424 4721/5486 5587/5487 5593/5425
f 4040/4674 4037/4677 5003/5333 5008/5301
f 4754/5445 4755/5420 5408/5421 5477/5446
f 4025/4659 4022/4658 4898/5366 4903/5276
f 4745/5448 4746/5432 5443/5433 5487/5449
f 4776/5488 4780/5394 5328/5395 5598/5489
f 4720/5490 4776/5488 5598/5489 5603/5491
f 4719/5492 4720/5490 5603/5491 5608/5493
f 4718/5494 4719/5492 5608/5493 5613/5495
f 4716/5496 4718/5494 5613/5495 5618/5497
f 4715/5498 4716/5496 5618/5497 5623/5499
f 4714/5500 4715/5498 5623/5499 5628/5501
f 4713/5502 4714/5500 5628/5501 5633/5503
f 4712/5504 4713/5502 5633/5503 5638/5505
f 4778/5506 4712/5504 5638/5505 5643/5507
f 4795/5389 4778/5506 5643/5507 5317/5390
f 4762/5508 4763/5355 5378/5358 5648/5509
f 4711/5510 4762/5508 5648/5509 5653/5511
f 4710/5512 4711/5510 5653/5511 5658/5513
f 4709/5514 4710/5512 5658/5513 5663/5515
f 4708/5516 4709/5514 5663/5515 5668/5517
f 4706/5518 4708/5516 5668/5517 5673/5519
f 4705/5520 4706/5518 5673/5519 5678/5521
f 4704/5522 4705/5520 5678/5521 5683/5523
f 4703/5524 4704/5522 5683/5523 5688/5525
f 4775/5526 4703/5524 5688/5525 5693/5527
f 4777/5396 4775/5526 5693/5527 5332/5397
f 4766/5528 4767/5408 5368/5409 5698/5529
f 4764/5410 4766/5528 5698/5529 5703/5411
f 4183/4871 4004/4608 4928/5354 5198/5343
f 4794/5530 4796/5388 4808/5391 5708/5531
f 4760/5412 4794/5530 5708/5531 5713/5413
f 4028/4621 4026/4620 4938/5345 4943/5285
f 4779/5422 4753/5466 5543/5469 5412/5423
f 4774/5471 4787/5398 5338/5399 5547/5472
f 4729/5467 4730/5462 5533/5465 5537/5468
f 4727/5475 4728/5470 5553/5473 5557/5476
f 4731/5463 4732/5458 5523/5461 5527/5464
f 4725/5479 4726/5474 5563/5477 5567/5480
f 4733/5459 4734/5454 5513/5457 5517/5460
f 4723/5483 4724/5478 5573/5481 5577/5484
f 4735/5455 4736/5450 5503/5453 5507/5456
f 4721/5486 4722/5482 5583/5485 5587/5487
f 4033/4691 4031/4690 4973/5365 4978/5294
f 4737/5451 4738/5442 5473/5443 5497/5452
f 4360/5005 4359/5004 5268/5360 5283/5532
f 4368/4999 4707/4910 4813/5533 5313/5534
f 4357/4924 4369/4901 5337/5535 5272/5359
f 4361/5006 4360/5005 5283/5532 5293/5536
f 4364/4912 4363/4914 5297/5537 5287/5538
f 4358/4905 4361/5006 5293/5536 5303/5539
f 4363/4914 4362/4916 5307/5540 5297/5537
f 4367/4906 4358/4905 5303/5539 5323/5541
f 4008/4573 4010/4653 4817/5251 4823/5375
f 4717/4927 4623/4926 5707/5542 4807/5386
f 4362/4916 4366/5001 5327/5543 5307/5540
f 4647/5073 4368/4999 5313/5534 5413/5544
f 4366/5001 4521/5000 5597/5545 5327/5543
f 4365/4909 4364/4912 5287/5538 5277/5546
f 4408/5013 4506/5011 5343/5547 5482/5548
f 4374/5010 4373/5017 5357/5549 5352/5550
f 4373/5017 4372/4976 5362/5551 5357/5549
f 4372/4976 4370/4975 5367/5552 5362/5551
f 4370/4975 4620/5246 5697/5553 5367/5552
f 4621/5247 4622/4960 5373/5554 5702/5555
f 4624/5249 4625/5248 5383/5556 5712/5557
f 4377/4970 4378/5016 5397/5558 5392/5559
f 4378/5016 4379/5015 5402/5560 5397/5558
f 4379/5015 4376/5014 5407/5561 5402/5560
f 4376/5014 4493/5012 5478/5562 5407/5561
f 4530/5204 4531/5202 5318/5387 5642/5563
f 4457/5133 4692/5132 5418/5564 5592/5565
f 4382/5041 4383/5044 5432/5566 5427/5567
f 4383/5044 4384/5043 5437/5568 5432/5566
f 4384/5043 4381/5020 5442/5569 5437/5568
f 4381/5020 4513/5019 5488/5570 5442/5569
f 4445/5050 4483/5049 5448/5571 5492/5572
f 4389/5025 4388/5024 5462/5573 5457/5574
f 4388/5024 4387/5023 5467/5575 5462/5573
f 4387/5023 4385/5040 5472/5576 5467/5575
f 4385/5040 4698/5039 5498/5577 5472/5576
f 4513/5019 4445/5050 5492/5572 5488/5570
f 4698/5039 4448/5090 5502/5578 5498/5577
f 4448/5090 4683/5089 5508/5579 5502/5578
f 4449/5086 4674/5085 5518/5580 5512/5581
f 4450/5082 4665/5081 5528/5582 5522/5583
f 4451/5078 4656/5077 5538/5584 5532/5585
f 4648/4900 4453/5141 5552/5586 5548/5587
f 4453/5141 4657/5140 5558/5588 5552/5586
f 4454/5139 4666/5138 5568/5589 5562/5590
f 4455/5137 4675/5136 5578/5591 5572/5592
f 4456/5135 4684/5134 5588/5593 5582/5594
f 4521/5000 4522/5220 5602/5595 5597/5545
f 4386/5027 4389/5025 5457/5574 5452/5596
f 4452/5074 4647/5073 5413/5544 5542/5597
f 4371/5009 4374/5010 5352/5550 5347/5598
f 4483/5049 4386/5027 5452/5596 5448/5571
f 4541/5231 4542/4922 5333/5599 5692/5600
f 4522/5220 4523/5218 5607/5601 5602/5595
f 4523/5218 4524/5216 5612/5602 5607/5601
f 4524/5216 4525/5214 5617/5603 5612/5602
f 4525/5214 4526/5212 5622/5604 5617/5603
f 4526/5212 4527/5210 5627/5605 5622/5604
f 4527/5210 4528/5208 5632/5606 5627/5605
f 4528/5208 4529/5206 5637/5607 5632/5606
f 4529/5206 4530/5204 5642/5563 5637/5607
f 4532/5222 4533/5223 5652/5608 5647/5609
f 4542/4922 4367/4906 5323/5541 5333/5599
f 4625/5248 4375/4971 5387/5610 5383/5556
f 4533/5223 4534/5224 5657/5611 5652/5608
f 4534/5224 4535/5225 5662/5612 5657/5611
f 4535/5225 4536/5226 5667/5613 5662/5612
f 4536/5226 4537/5227 5672/5614 5667/5613
f 4537/5227 4538/5228 5677/5615 5672/5614
f 4538/5228 4539/5229 5682/5616 5677/5615
f 4539/5229 4540/5230 5687/5617 5682/5616
f 4540/5230 4541/5231 5692/5600 5687/5617
f 4620/5246 4621/5247 5702/5555 5697/5553
f 4369/4901 4648/4900 5548/5587 5337/5535
f 4622/4960 4353/4959 5377/5618 5373/5554
f 4623/4926 4624/5249 5712/5557 5707/5542
f 4353/4959 4532/5222 5647/5609 5377/5618
f 4707/4910 4365/4909 5277/5546 4813/5533
f 5048/5619 5022/5620 4738/5442 4737/5451
f 4375/4971 4377/4970 5392/5559 5387/5610
f 4692/5132 4380/5042 5422/5621 5418/5564
f 4506/5011 4371/5009 5347/5598 5343/5547
f 4656/5077 4452/5074 5542/5597 5538/5584
f 4657/5140 4454/5139 5562/5590 5558/5588
f 4665/5081 4451/5078 5532/5585 5528/5582
f 4666/5138 4455/5137 5572/5592 5568/5589
f 4674/5085 4450/5082 5522/5583 5518/5580
f 4675/5136 4456/5135 5582/5594 5578/5591
f 4683/5089 4449/5086 5512/5581 5508/5579
f 4684/5134 4457/5133 5592/5565 5588/5593
f 4380/5042 4382/5041 5427/5567 5422/5621
f 4493/5012 4408/5013 5482/5548 5478/5562
f 4818/5622 4822/5623 4824/5624 4821/5625
f 4821/5625 4824/5624 4825/5626 4820/5627
f 4820/5628 4825/5629 4826/5630 4819/5631
f 4819/5631 4826/5630 4823/5375 4817/5251
f 4803/5632 4827/5633 4829/5634 4806/5635
f 4806/5635 4829/5634 4830/5636 4805/5637
f 4805/5638 4830/5639 4831/5640 4804/5641
f 4804/5641 4831/5640 4828/5273 4802/5253
f 4833/5642 4818/5622 4821/5625 4836/5643
f 4836/5643 4821/5625 4820/5627 4835/5644
f 4835/5645 4820/5628 4819/5631 4834/5646
f 4834/5646 4819/5631 4817/5251 4832/5250
f 4827/5633 4837/5647 4839/5648 4829/5634
f 4829/5634 4839/5648 4840/5649 4830/5636
f 4830/5639 4840/5650 4841/5651 4831/5640
f 4831/5640 4841/5651 4838/5259 4828/5273
f 4843/5652 4833/5642 4836/5643 4846/5653
f 4846/5653 4836/5643 4835/5644 4845/5654
f 4845/5655 4835/5645 4834/5646 4844/5656
f 4844/5656 4834/5646 4832/5250 4842/5258
f 4837/5647 4847/5657 4849/5658 4839/5648
f 4839/5648 4849/5658 4850/5659 4840/5649
f 4840/5650 4850/5660 4851/5661 4841/5651
f 4841/5651 4851/5661 4848/5260 4838/5259
f 4853/5662 4843/5652 4846/5653 4856/5663
f 4856/5663 4846/5653 4845/5654 4855/5664
f 4855/5665 4845/5655 4844/5656 4854/5666
f 4854/5666 4844/5656 4842/5258 4852/5261
f 4847/5657 4857/5667 4859/5668 4849/5658
f 4849/5658 4859/5668 4860/5669 4850/5659
f 4850/5660 4860/5670 4861/5671 4851/5661
f 4851/5661 4861/5671 4858/5262 4848/5260
f 4863/5672 4803/5632 4806/5635 4866/5673
f 4866/5673 4806/5635 4805/5637 4865/5674
f 4865/5675 4805/5638 4804/5641 4864/5676
f 4864/5676 4804/5641 4802/5253 4862/5252
f 4868/5677 4797/5678 4799/5679 4871/5680
f 4871/5680 4799/5679 4800/5681 4870/5682
f 4870/5683 4800/5684 4801/5685 4869/5686
f 4869/5686 4801/5685 4798/5268 4867/5291
f 4873/5687 4853/5662 4856/5663 4876/5688
f 4876/5688 4856/5663 4855/5664 4875/5689
f 4875/5690 4855/5665 4854/5666 4874/5691
f 4874/5691 4854/5666 4852/5261 4872/5263
f 4857/5667 4877/5692 4879/5693 4859/5668
f 4859/5668 4879/5693 4880/5694 4860/5669
f 4860/5670 4880/5695 4881/5696 4861/5671
f 4861/5671 4881/5696 4878/5270 4858/5262
f 4883/5697 4873/5687 4876/5688 4886/5698
f 4886/5698 4876/5688 4875/5689 4885/5699
f 4885/5700 4875/5690 4874/5691 4884/5701
f 4884/5701 4874/5691 4872/5263 4882/5335
f 4822/5623 4887/5702 4889/5703 4824/5624
f 4824/5624 4889/5703 4890/5704 4825/5626
f 4825/5629 4890/5705 4891/5706 4826/5630
f 4826/5630 4891/5706 4888/5353 4823/5375
f 4893/5707 4897/5708 4899/5709 4896/5710
f 4896/5710 4899/5709 4900/5711 4895/5712
f 4895/5713 4900/5714 4901/5715 4894/5716
f 4894/5716 4901/5715 4898/5366 4892/5275
f 4897/5708 4902/5717 4904/5718 4899/5709
f 4899/5709 4904/5718 4905/5719 4900/5711
f 4900/5714 4905/5720 4906/5721 4901/5715
f 4901/5715 4906/5721 4903/5276 4898/5366
f 4902/5717 4907/5722 4909/5723 4904/5718
f 4904/5718 4909/5723 4910/5724 4905/5719
f 4905/5720 4910/5725 4911/5726 4906/5721
f 4906/5721 4911/5726 4908/5277 4903/5276
f 4907/5722 4912/5727 4914/5728 4909/5723
f 4909/5723 4914/5728 4915/5729 4910/5724
f 4910/5725 4915/5730 4916/5731 4911/5726
f 4911/5726 4916/5731 4913/5278 4908/5277
f 4912/5727 4917/5732 4919/5733 4914/5728
f 4914/5728 4919/5733 4920/5734 4915/5729
f 4915/5730 4920/5735 4921/5736 4916/5731
f 4916/5731 4921/5736 4918/5279 4913/5278
f 4923/5737 4927/5738 4929/5739 4926/5740
f 4926/5740 4929/5739 4930/5741 4925/5742
f 4925/5743 4930/5744 4931/5745 4924/5746
f 4924/5746 4931/5745 4928/5354 4922/5282
f 4933/5747 4937/5748 4939/5749 4936/5750
f 4936/5750 4939/5749 4940/5751 4935/5752
f 4935/5753 4940/5754 4941/5755 4934/5756
f 4934/5756 4941/5755 4938/5345 4932/5284
f 4937/5748 4942/5757 4944/5758 4939/5749
f 4939/5749 4944/5758 4945/5759 4940/5751
f 4940/5754 4945/5760 4946/5761 4941/5755
f 4941/5755 4946/5761 4943/5285 4938/5345
f 4942/5757 4947/5762 4949/5763 4944/5758
f 4944/5758 4949/5763 4950/5764 4945/5759
f 4945/5760 4950/5765 4951/5766 4946/5761
f 4946/5761 4951/5766 4948/5286 4943/5285
f 4947/5762 4952/5767 4954/5768 4949/5763
f 4949/5763 4954/5768 4955/5769 4950/5764
f 4950/5765 4955/5770 4956/5771 4951/5766
f 4951/5766 4956/5771 4953/5287 4948/5286
f 4952/5767 4957/5772 4959/5773 4954/5768
f 4954/5768 4959/5773 4960/5774 4955/5769
f 4955/5770 4960/5775 4961/5776 4956/5771
f 4956/5771 4961/5776 4958/5288 4953/5287
f 4963/5777 4863/5672 4866/5673 4966/5778
f 4966/5778 4866/5673 4865/5674 4965/5779
f 4965/5780 4865/5675 4864/5676 4964/5781
f 4964/5781 4864/5676 4862/5252 4962/5271
f 4968/5782 4972/5783 4974/5784 4971/5785
f 4971/5785 4974/5784 4975/5786 4970/5787
f 4970/5788 4975/5789 4976/5790 4969/5791
f 4969/5791 4976/5790 4973/5365 4967/5293
f 4972/5783 4977/5792 4979/5793 4974/5784
f 4974/5784 4979/5793 4980/5794 4975/5786
f 4975/5789 4980/5795 4981/5796 4976/5790
f 4976/5790 4981/5796 4978/5294 4973/5365
f 4977/5792 4982/5797 4984/5798 4979/5793
f 4979/5793 4984/5798 4985/5799 4980/5794
f 4980/5795 4985/5800 4986/5801 4981/5796
f 4981/5796 4986/5801 4983/5295 4978/5294
f 4982/5797 4987/5802 4989/5803 4984/5798
f 4984/5798 4989/5803 4990/5804 4985/5799
f 4985/5800 4990/5805 4991/5806 4986/5801
f 4986/5801 4991/5806 4988/5296 4983/5295
f 4987/5802 4992/5807 4994/5808 4989/5803
f 4989/5803 4994/5808 4995/5809 4990/5804
f 4990/5805 4995/5810 4996/5811 4991/5806
f 4991/5806 4996/5811 4993/5297 4988/5296
f 4998/5812 5002/5813 5004/5814 5001/5815
f 5001/5815 5004/5814 5005/5816 5000/5817
f 5000/5818 5005/5819 5006/5820 4999/5821
f 4999/5821 5006/5820 5003/5333 4997/5300
f 5002/5813 5007/5822 5009/5823 5004/5814
f 5004/5814 5009/5823 5010/5824 5005/5816
f 5005/5819 5010/5825 5011/5826 5006/5820
f 5006/5820 5011/5826 5008/5301 5003/5333
f 5007/5822 5012/5827 5014/5828 5009/5823
f 5009/5823 5014/5828 5015/5829 5010/5824
f 5010/5825 5015/5830 5016/5831 5011/5826
f 5011/5826 5016/5831 5013/5302 5008/5301
f 5012/5827 5017/5832 5019/5833 5014/5828
f 5014/5828 5019/5833 5020/5834 5015/5829
f 5015/5830 5020/5835 5021/5836 5016/5831
f 5016/5831 5021/5836 5018/5303 5013/5302
f 5017/5832 5022/5620 5024/5837 5019/5833
f 5019/5833 5024/5837 5025/5838 5020/5834
f 5020/5835 5025/5839 5026/5840 5021/5836
f 5021/5836 5026/5840 5023/5304 5018/5303
f 5028/5841 5032/5842 5034/5843 5031/5844
f 5031/5844 5034/5843 5035/5845 5030/5846
f 5030/5847 5035/5848 5036/5849 5029/5850
f 5029/5850 5036/5849 5033/5274 5027/5289
f 5038/5851 5042/5852 5044/5853 5041/5854
f 5041/5854 5044/5853 5045/5855 5040/5856
f 5040/5857 5045/5858 5046/5859 5039/5860
f 5039/5860 5046/5859 5043/5299 5037/5298
f 5048/5619 5052/5861 5054/5862 5051/5863
f 5051/5863 5054/5862 5055/5864 5050/5865
f 5050/5866 5055/5867 5056/5868 5049/5869
f 5049/5869 5056/5868 5053/5306 5047/5305
f 5058/5870 5062/5871 5064/5872 5061/5873
f 5061/5873 5064/5872 5065/5874 5060/5875
f 5060/5876 5065/5877 5066/5878 5059/5879
f 5059/5879 5066/5878 5063/5308 5057/5307
f 5068/5880 5072/5881 5074/5882 5071/5883
f 5071/5883 5074/5882 5075/5884 5070/5885
f 5070/5886 5075/5887 5076/5888 5069/5889
f 5069/5889 5076/5888 5073/5310 5067/5309
f 5078/5890 5082/5891 5084/5892 5081/5893
f 5081/5893 5084/5892 5085/5894 5080/5895
f 5080/5896 5085/5897 5086/5898 5079/5899
f 5079/5899 5086/5898 5083/5312 5077/5311
f 5088/5900 5092/5901 5094/5902 5091/5903
f 5091/5903 5094/5902 5095/5904 5090/5905
f 5090/5906 5095/5907 5096/5908 5089/5909
f 5089/5909 5096/5908 5093/5328 5087/5313
f 5098/5910 5102/5911 5104/5912 5101/5913
f 5101/5913 5104/5912 5105/5914 5100/5915
f 5100/5916 5105/5917 5106/5918 5099/5919
f 5099/5919 5106/5918 5103/5315 5097/5314
f 5108/5920 5112/5921 5114/5922 5111/5923
f 5111/5923 5114/5922 5115/5924 5110/5925
f 5110/5926 5115/5927 5116/5928 5109/5929
f 5109/5929 5116/5928 5113/5317 5107/5316
f 5118/5930 5122/5931 5124/5932 5121/5933
f 5121/5933 5124/5932 5125/5934 5120/5935
f 5120/5936 5125/5937 5126/5938 5119/5939
f 5119/5939 5126/5938 5123/5319 5117/5318
f 5128/5940 5132/5941 5134/5942 5131/5943
f 5131/5943 5134/5942 5135/5944 5130/5945
f 5130/5946 5135/5947 5136/5948 5129/5949
f 5129/5949 5136/5948 5133/5321 5127/5320
f 5138/5950 5142/5951 5144/5952 5141/5953
f 5141/5953 5144/5952 5145/5954 5140/5955
f 5140/5956 5145/5957 5146/5958 5139/5959
f 5139/5959 5146/5958 5143/5292 5137/5322
f 5042/5852 4998/5812 5001/5815 5044/5853
f 5044/5853 5001/5815 5000/5817 5045/5855
f 5045/5858 5000/5818 4999/5821 5046/5859
f 5046/5859 4999/5821 4997/5300 5043/5299
f 4957/5772 5028/5841 5031/5844 4959/5773
f 4959/5773 5031/5844 5030/5846 4960/5774
f 4960/5775 5030/5847 5029/5850 4961/5776
f 4961/5776 5029/5850 5027/5289 4958/5288
f 5032/5960 4893/5707 4896/5710 5034/5961
f 5034/5961 4896/5710 4895/5712 5035/5962
f 5035/5848 4895/5713 4894/5716 5036/5849
f 5036/5849 4894/5716 4892/5275 5033/5274
f 4992/5807 5038/5851 5041/5854 4994/5808
f 4994/5808 5041/5854 5040/5856 4995/5809
f 4995/5810 5040/5857 5039/5860 4996/5811
f 4996/5811 5039/5860 5037/5298 4993/5297
f 4877/5692 5147/5963 5149/5964 4879/5693
f 4879/5693 5149/5964 5150/5965 4880/5694
f 4880/5695 5150/5966 5151/5967 4881/5696
f 4881/5696 5151/5967 5148/5272 4878/5270
f 5147/5963 5152/5968 5154/5969 5149/5964
f 5149/5964 5154/5969 5155/5970 5150/5965
f 5150/5966 5155/5971 5156/5972 5151/5967
f 5151/5967 5156/5972 5153/5323 5148/5272
f 5152/5968 5157/5973 5159/5974 5154/5969
f 5154/5969 5159/5974 5160/5975 5155/5970
f 5155/5971 5160/5976 5161/5977 5156/5972
f 5156/5972 5161/5977 5158/5336 5153/5323
f 5157/5973 5162/5978 5164/5979 5159/5974
f 5159/5974 5164/5979 5165/5980 5160/5975
f 5160/5976 5165/5981 5166/5982 5161/5977
f 5161/5977 5166/5982 5163/5337 5158/5336
f 5162/5978 5167/5983 5169/5984 5164/5979
f 5164/5979 5169/5984 5170/5985 5165/5980
f 5165/5981 5170/5986 5171/5987 5166/5982
f 5166/5982 5171/5987 5168/5338 5163/5337
f 5167/5983 5172/5988 5174/5989 5169/5984
f 5169/5984 5174/5989 5175/5990 5170/5985
f 5170/5986 5175/5991 5176/5992 5171/5987
f 5171/5987 5176/5992 5173/5339 5168/5338
f 5172/5988 5177/5993 5179/5994 5174/5989
f 5174/5989 5179/5994 5180/5995 5175/5990
f 5175/5991 5180/5996 5181/5997 5176/5992
f 5176/5992 5181/5997 5178/5340 5173/5339
f 5177/5993 5182/5998 5184/5999 5179/5994
f 5179/5994 5184/5999 5185/6000 5180/5995
f 5180/5996 5185/6001 5186/6002 5181/5997
f 5181/5997 5186/6002 5183/5341 5178/5340
f 5182/5998 5187/6003 5189/6004 5184/5999
f 5184/5999 5189/6004 5190/6005 5185/6000
f 5185/6001 5190/6006 5191/6007 5186/6002
f 5186/6002 5191/6007 5188/5342 5183/5341
f 5187/6003 5192/6008 5194/6009 5189/6004
f 5189/6004 5194/6009 5195/6010 5190/6005
f 5190/6006 5195/6011 5196/6012 5191/6007
f 5191/6007 5196/6012 5193/5290 5188/5342
f 5192/6008 4868/5677 4871/5680 5194/6009
f 5194/6009 4871/5680 4870/5682 5195/6010
f 5195/6011 4870/5683 4869/5686 5196/6012
f 5196/6012 4869/5686 4867/5291 5193/5290
f 4927/5738 5197/6013 5199/6014 4929/5739
f 4929/5739 5199/6014 5200/6015 4930/5741
f 4930/5744 5200/6016 5201/6017 4931/5745
f 4931/5745 5201/6017 5198/5343 4928/5354
f 5197/6013 5202/6018 5204/6019 5199/6014
f 5199/6014 5204/6019 5205/6020 5200/6015
f 5200/6016 5205/6021 5206/6022 5201/6017
f 5201/6017 5206/6022 5203/5344 5198/5343
f 5202/6018 5207/6023 5209/6024 5204/6019
f 5204/6019 5209/6024 5210/6025 5205/6020
f 5205/6021 5210/6026 5211/6027 5206/6022
f 5206/6022 5211/6027 5208/5346 5203/5344
f 5207/6023 5212/6028 5214/6029 5209/6024
f 5209/6024 5214/6029 5215/6030 5210/6025
f 5210/6026 5215/6031 5216/6032 5211/6027
f 5211/6027 5216/6032 5213/5347 5208/5346
f 5212/6028 5217/6033 5219/6034 5214/6029
f 5214/6029 5219/6034 5220/6035 5215/6030
f 5215/6031 5220/6036 5221/6037 5216/6032
f 5216/6032 5221/6037 5218/5348 5213/5347
f 5217/6033 5222/6038 5224/6039 5219/6034
f 5219/6034 5224/6039 5225/6040 5220/6035
f 5220/6036 5225/6041 5226/6042 5221/6037
f 5221/6037 5226/6042 5223/5349 5218/5348
f 5222/6038 5227/6043 5229/6044 5224/6039
f 5224/6039 5229/6044 5230/6045 5225/6040
f 5225/6041 5230/6046 5231/6047 5226/6042
f 5226/6042 5231/6047 5228/5350 5223/5349
f 5227/6043 5232/6048 5234/6049 5229/6044
f 5229/6044 5234/6049 5235/6050 5230/6045
f 5230/6046 5235/6051 5236/6052 5231/6047
f 5231/6047 5236/6052 5233/5351 5228/5350
f 5232/6048 5237/6053 5239/6054 5234/6049
f 5234/6049 5239/6054 5240/6055 5235/6050
f 5235/6051 5240/6056 5241/6057 5236/6052
f 5236/6052 5241/6057 5238/5352 5233/5351
f 5237/6053 5242/6058 5244/6059 5239/6054
f 5239/6054 5244/6059 5245/6060 5240/6055
f 5240/6056 5245/6061 5246/6062 5241/6057
f 5241/6057 5246/6062 5243/5334 5238/5352
f 5242/6058 4883/5697 4886/5698 5244/6059
f 5244/6059 4886/5698 4885/5699 5245/6060
f 5245/6061 4885/5700 4884/5701 5246/6062
f 5246/6062 4884/5701 4882/5335 5243/5334
f 4917/5732 5247/6063 5249/6064 4919/5733
f 4919/5733 5249/6064 5250/6065 4920/5734
f 4920/5735 5250/6066 5251/6067 4921/5736
f 4921/5736 5251/6067 5248/5280 4918/5279
f 5247/6063 5252/6068 5254/6069 5249/6064
f 5249/6064 5254/6069 5255/6070 5250/6065
f 5250/6066 5255/6071 5256/6072 5251/6067
f 5251/6067 5256/6072 5253/5281 5248/5280
f 5252/6068 4923/5737 4926/5740 5254/6069
f 5254/6069 4926/5740 4925/5742 5255/6070
f 5255/6071 4925/5743 4924/5746 5256/6072
f 5256/6072 4924/5746 4922/5282 5253/5281
f 4797/5678 5257/6073 5259/6074 4799/5679
f 4799/5679 5259/6074 5260/6075 4800/5681
f 4800/5684 5260/6076 5261/6077 4801/5685
f 4801/5685 5261/6077 5258/5269 4798/5268
f 5257/6073 5262/6078 5264/6079 5259/6074
f 5259/6074 5264/6079 5265/6080 5260/6075
f 5260/6076 5265/6081 5266/6082 5261/6077
f 5261/6077 5266/6082 5263/5283 5258/5269
f 5262/6078 4933/5747 4936/5750 5264/6079
f 5264/6079 4936/5750 4935/5752 5265/6080
f 5265/6081 4935/5753 4934/5756 5266/6082
f 5266/6082 4934/5756 4932/5284 5263/5283
f 5092/5901 4963/5777 4966/5778 5094/5902
f 5094/5902 4966/5778 4965/5779 5095/5904
f 5095/5907 4965/5780 4964/5781 5096/5908
f 5096/5908 4964/5781 4962/5271 5093/5328
f 4887/5702 5098/5910 5101/5913 4889/5703
f 4889/5703 5101/5913 5100/5915 4890/5704
f 4890/5705 5100/5916 5099/5919 4891/5706
f 4891/5706 5099/5919 5097/5314 4888/5353
f 5082/5891 5088/5900 5091/5903 5084/5892
f 5084/5892 5091/5903 5090/5905 5085/5894
f 5085/5897 5090/5906 5089/5909 5086/5898
f 5086/5898 5089/5909 5087/5313 5083/5312
f 5102/5911 5108/5920 5111/5923 5104/5912
f 5104/5912 5111/5923 5110/5925 5105/5914
f 5105/5917 5110/5926 5109/5929 5106/5918
f 5106/5918 5109/5929 5107/5316 5103/5315
f 5072/5881 5078/5890 5081/5893 5074/5882
f 5074/5882 5081/5893 5080/5895 5075/5884
f 5075/5887 5080/5896 5079/5899 5076/5888
f 5076/5888 5079/5899 5077/5311 5073/5310
f 5112/5921 5118/5930 5121/5933 5114/5922
f 5114/5922 5121/5933 5120/5935 5115/5924
f 5115/5927 5120/5936 5119/5939 5116/5928
f 5116/5928 5119/5939 5117/5318 5113/5317
f 5062/5871 5068/5880 5071/5883 5064/5872
f 5064/5872 5071/5883 5070/5885 5065/5874
f 5065/5877 5070/5886 5069/5889 5066/5878
f 5066/5878 5069/5889 5067/5309 5063/5308
f 5122/5931 5128/5940 5131/5943 5124/5932
f 5124/5932 5131/5943 5130/5945 5125/5934
f 5125/5937 5130/5946 5129/5949 5126/5938
f 5126/5938 5129/5949 5127/5320 5123/5319
f 5052/5861 5058/5870 5061/5873 5054/5862
f 5054/5862 5061/5873 5060/5875 5055/5864
f 5055/5867 5060/5876 5059/5879 5056/5868
f 5056/5868 5059/5879 5057/5307 5053/5306
f 5132/5941 5138/5950 5141/5953 5134/5942
f 5134/5942 5141/5953 5140/5955 5135/5944
f 5135/5947 5140/5956 5139/5959 5136/5948
f 5136/5948 5139/5959 5137/5322 5133/5321
f 5142/5951 4968/5782 4971/5785 5144/5952
f 5144/5952 4971/5785 4970/5787 5145/5954
f 5145/5957 4970/5788 4969/5791 5146/5958
f 5146/5958 4969/5791 4967/5293 5143/5292
f 5022/5620 5048/5619 5051/5863 5024/5837
f 5024/5837 5051/5863 5050/5865 5025/5838
f 5025/5839 5050/5866 5049/5869 5026/5840
f 5026/5840 5049/5869 5047/5305 5023/5304
f 5268/5360 5272/5359 5274/6083 5271/6084
f 5271/6084 5274/6083 5275/6085 5270/6086
f 5270/6087 5275/6088 5276/6089 5269/6090
f 5269/6090 5276/6089 5273/5257 5267/5256
f 4813/5533 5277/5546 5279/6091 4816/6092
f 4816/6092 5279/6091 5280/6093 4815/6094
f 4815/6095 5280/6096 5281/6097 4814/6098
f 4814/6098 5281/6097 5278/5267 4812/5266
f 5283/5532 5268/5360 5271/6084 5286/6099
f 5286/6099 5271/6084 5270/6086 5285/6100
f 5285/6101 5270/6087 5269/6090 5284/6102
f 5284/6102 5269/6090 5267/5256 5282/5372
f 5277/5546 5287/5538 5289/6103 5279/6091
f 5279/6091 5289/6103 5290/6104 5280/6093
f 5280/6096 5290/6105 5291/6106 5281/6097
f 5281/6097 5291/6106 5288/5377 5278/5267
f 5293/5536 5283/5532 5286/6099 5296/6107
f 5296/6107 5286/6099 5285/6100 5295/6108
f 5295/6109 5285/6101 5284/6102 5294/6110
f 5294/6110 5284/6102 5282/5372 5292/5379
f 5287/5538 5297/5537 5299/6111 5289/6103
f 5289/6103 5299/6111 5300/6112 5290/6104
f 5290/6105 5300/6113 5301/6114 5291/6106
f 5291/6106 5301/6114 5298/5381 5288/5377
f 5303/5539 5293/5536 5296/6107 5306/6115
f 5306/6115 5296/6107 5295/6108 5305/6116
f 5305/6117 5295/6109 5294/6110 5304/6118
f 5304/6118 5294/6110 5292/5379 5302/5383
f 5297/5537 5307/5540 5309/6119 5299/6111
f 5299/6111 5309/6119 5310/6120 5300/6112
f 5300/6113 5310/6121 5311/6122 5301/6114
f 5301/6114 5311/6122 5308/5385 5298/5381
f 5313/5534 4813/5533 4816/6092 5316/6123
f 5316/6123 4816/6092 4815/6094 5315/6124
f 5315/6125 4815/6095 4814/6098 5314/6126
f 5314/6126 4814/6098 4812/5266 5312/5374
f 5318/5387 4807/5386 4809/6127 5321/6128
f 5321/6128 4809/6127 4810/6129 5320/6130
f 5320/6131 4810/6132 4811/6133 5319/6134
f 5319/6134 4811/6133 4808/5391 5317/5390
f 5323/5541 5303/5539 5306/6115 5326/6135
f 5326/6135 5306/6115 5305/6116 5325/6136
f 5325/6137 5305/6117 5304/6118 5324/6138
f 5324/6138 5304/6118 5302/5383 5322/5393
f 5307/5540 5327/5543 5329/6139 5309/6119
f 5309/6119 5329/6139 5330/6140 5310/6120
f 5310/6121 5330/6141 5331/6142 5311/6122
f 5311/6122 5331/6142 5328/5395 5308/5385
f 5333/5599 5323/5541 5326/6135 5336/6143
f 5336/6143 5326/6135 5325/6136 5335/6144
f 5335/6145 5325/6137 5324/6138 5334/6146
f 5334/6146 5324/6138 5322/5393 5332/5397
f 5272/5359 5337/5535 5339/6147 5274/6083
f 5274/6083 5339/6147 5340/6148 5275/6085
f 5275/6088 5340/6149 5341/6150 5276/6089
f 5276/6089 5341/6150 5338/5399 5273/5257
f 5343/5547 5347/5598 5349/6151 5346/6152
f 5346/6152 5349/6151 5350/6153 5345/6154
f 5345/6155 5350/6156 5351/6157 5344/6158
f 5344/6158 5351/6157 5348/5332 5342/5331
f 5347/5598 5352/5550 5354/6159 5349/6151
f 5349/6151 5354/6159 5355/6160 5350/6153
f 5350/6156 5355/6161 5356/6162 5351/6157
f 5351/6157 5356/6162 5353/5403 5348/5332
f 5352/5550 5357/5549 5359/6163 5354/6159
f 5354/6159 5359/6163 5360/6164 5355/6160
f 5355/6161 5360/6165 5361/6166 5356/6162
f 5356/6162 5361/6166 5358/5405 5353/5403
f 5357/5549 5362/5551 5364/6167 5359/6163
f 5359/6163 5364/6167 5365/6168 5360/6164
f 5360/6165 5365/6169 5366/6170 5361/6166
f 5361/6166 5366/6170 5363/5407 5358/5405
f 5362/5551 5367/5552 5369/6171 5364/6167
f 5364/6167 5369/6171 5370/6172 5365/6168
f 5365/6169 5370/6173 5371/6174 5366/6170
f 5366/6170 5371/6174 5368/5409 5363/5407
f 5373/5554 5377/5618 5379/6175 5376/6176
f 5376/6176 5379/6175 5380/6177 5375/6178
f 5375/6179 5380/6180 5381/6181 5374/6182
f 5374/6182 5381/6181 5378/5358 5372/5357
f 5383/5556 5387/5610 5389/6183 5386/6184
f 5386/6184 5389/6183 5390/6185 5385/6186
f 5385/6187 5390/6188 5391/6189 5384/6190
f 5384/6190 5391/6189 5388/5364 5382/5363
f 5387/5610 5392/5559 5394/6191 5389/6183
f 5389/6183 5394/6191 5395/6192 5390/6185
f 5390/6188 5395/6193 5396/6194 5391/6189
f 5391/6189 5396/6194 5393/5415 5388/5364
f 5392/5559 5397/5558 5399/6195 5394/6191
f 5394/6191 5399/6195 5400/6196 5395/6192
f 5395/6193 5400/6197 5401/6198 5396/6194
f 5396/6194 5401/6198 5398/5417 5393/5415
f 5397/5558 5402/5560 5404/6199 5399/6195
f 5399/6195 5404/6199 5405/6200 5400/6196
f 5400/6197 5405/6201 5406/6202 5401/6198
f 5401/6198 5406/6202 5403/5419 5398/5417
f 5402/5560 5407/5561 5409/6203 5404/6199
f 5404/6199 5409/6203 5410/6204 5405/6200
f 5405/6201 5410/6205 5411/6206 5406/6202
f 5406/6202 5411/6206 5408/5421 5403/5419
f 5413/5544 5313/5534 5316/6123 5416/6207
f 5416/6207 5316/6123 5315/6124 5415/6208
f 5415/6209 5315/6125 5314/6126 5414/6210
f 5414/6210 5314/6126 5312/5374 5412/5423
f 5418/5564 5422/5621 5424/6211 5421/6212
f 5421/6212 5424/6211 5425/6213 5420/6214
f 5420/6215 5425/6216 5426/6217 5419/6218
f 5419/6218 5426/6217 5423/5370 5417/5369
f 5422/5621 5427/5567 5429/6219 5424/6211
f 5424/6211 5429/6219 5430/6220 5425/6213
f 5425/6216 5430/6221 5431/6222 5426/6217
f 5426/6217 5431/6222 5428/5427 5423/5370
f 5427/5567 5432/5566 5434/6223 5429/6219
f 5429/6219 5434/6223 5435/6224 5430/6220
f 5430/6221 5435/6225 5436/6226 5431/6222
f 5431/6222 5436/6226 5433/5429 5428/5427
f 5432/5566 5437/5568 5439/6227 5434/6223
f 5434/6223 5439/6227 5440/6228 5435/6224
f 5435/6225 5440/6229 5441/6230 5436/6226
f 5436/6226 5441/6230 5438/5431 5433/5429
f 5437/5568 5442/5569 5444/6231 5439/6227
f 5439/6227 5444/6231 5445/6232 5440/6228
f 5440/6229 5445/6233 5446/6234 5441/6230
f 5441/6230 5446/6234 5443/5433 5438/5431
f 5448/5571 5452/5596 5454/6235 5451/6236
f 5451/6236 5454/6235 5455/6237 5450/6238
f 5450/6239 5455/6240 5456/6241 5449/6242
f 5449/6242 5456/6241 5453/5327 5447/5326
f 5452/5596 5457/5574 5459/6243 5454/6235
f 5454/6235 5459/6243 5460/6244 5455/6237
f 5455/6240 5460/6245 5461/6246 5456/6241
f 5456/6241 5461/6246 5458/5437 5453/5327
f 5457/5574 5462/5573 5464/6247 5459/6243
f 5459/6243 5464/6247 5465/6248 5460/6244
f 5460/6245 5465/6249 5466/6250 5461/6246
f 5461/6246 5466/6250 5463/5439 5458/5437
f 5462/5573 5467/5575 5469/6251 5464/6247
f 5464/6247 5469/6251 5470/6252 5465/6248
f 5465/6249 5470/6253 5471/6254 5466/6250
f 5466/6250 5471/6254 5468/5441 5463/5439
f 5467/5575 5472/5576 5474/6255 5469/6251
f 5469/6251 5474/6255 5475/6256 5470/6252
f 5470/6253 5475/6257 5476/6258 5471/6254
f 5471/6254 5476/6258 5473/5443 5468/5441
f 5478/5562 5482/5548 5484/6259 5481/6260
f 5481/6260 5484/6259 5485/6261 5480/6262
f 5480/6263 5485/6264 5486/6265 5479/6266
f 5479/6266 5486/6265 5483/5447 5477/5446
f 5488/5570 5492/5572 5494/6267 5491/6268
f 5491/6268 5494/6267 5495/6269 5490/6270
f 5490/6271 5495/6272 5496/6273 5489/6274
f 5489/6274 5496/6273 5493/5435 5487/5449
f 5498/5577 5502/5578 5504/6275 5501/6276
f 5501/6276 5504/6275 5505/6277 5500/6278
f 5500/6279 5505/6280 5506/6281 5499/6282
f 5499/6282 5506/6281 5503/5453 5497/5452
f 5508/5579 5512/5581 5514/6283 5511/6284
f 5511/6284 5514/6283 5515/6285 5510/6286
f 5510/6287 5515/6288 5516/6289 5509/6290
f 5509/6290 5516/6289 5513/5457 5507/5456
f 5518/5580 5522/5583 5524/6291 5521/6292
f 5521/6292 5524/6291 5525/6293 5520/6294
f 5520/6295 5525/6296 5526/6297 5519/6298
f 5519/6298 5526/6297 5523/5461 5517/5460
f 5528/5582 5532/5585 5534/6299 5531/6300
f 5531/6300 5534/6299 5535/6301 5530/6302
f 5530/6303 5535/6304 5536/6305 5529/6306
f 5529/6306 5536/6305 5533/5465 5527/5464
f 5538/5584 5542/5597 5544/6307 5541/6308
f 5541/6308 5544/6307 5545/6309 5540/6310
f 5540/6311 5545/6312 5546/6313 5539/6314
f 5539/6314 5546/6313 5543/5469 5537/5468
f 5548/5587 5552/5586 5554/6315 5551/6316
f 5551/6316 5554/6315 5555/6317 5550/6318
f 5550/6319 5555/6320 5556/6321 5549/6322
f 5549/6322 5556/6321 5553/5473 5547/5472
f 5558/5588 5562/5590 5564/6323 5561/6324
f 5561/6324 5564/6323 5565/6325 5560/6326
f 5560/6327 5565/6328 5566/6329 5559/6330
f 5559/6330 5566/6329 5563/5477 5557/5476
f 5568/5589 5572/5592 5574/6331 5571/6332
f 5571/6332 5574/6331 5575/6333 5570/6334
f 5570/6335 5575/6336 5576/6337 5569/6338
f 5569/6338 5576/6337 5573/5481 5567/5480
f 5578/5591 5582/5594 5584/6339 5581/6340
f 5581/6340 5584/6339 5585/6341 5580/6342
f 5580/6343 5585/6344 5586/6345 5579/6346
f 5579/6346 5586/6345 5583/5485 5577/5484
f 5588/5593 5592/5565 5594/6347 5591/6348
f 5591/6348 5594/6347 5595/6349 5590/6350
f 5590/6351 5595/6352 5596/6353 5589/6354
f 5589/6354 5596/6353 5593/5425 5587/5487
f 5492/5572 5448/5571 5451/6236 5494/6267
f 5494/6267 5451/6236 5450/6238 5495/6269
f 5495/6272 5450/6239 5449/6242 5496/6273
f 5496/6273 5449/6242 5447/5326 5493/5435
f 5407/5561 5478/5562 5481/6260 5409/6203
f 5409/6203 5481/6260 5480/6262 5410/6204
f 5410/6205 5480/6263 5479/6266 5411/6206
f 5411/6206 5479/6266 5477/5446 5408/5421
f 5482/5548 5343/5547 5346/6152 5484/6259
f 5484/6259 5346/6152 5345/6154 5485/6261
f 5485/6355 5345/6155 5344/6158 5486/6356
f 5486/6356 5344/6158 5342/5331 5483/5401
f 5442/5569 5488/5570 5491/6268 5444/6231
f 5444/6231 5491/6268 5490/6270 5445/6232
f 5445/6233 5490/6271 5489/6274 5446/6234
f 5446/6234 5489/6274 5487/5449 5443/5433
f 5327/5543 5597/5545 5599/6357 5329/6139
f 5329/6139 5599/6357 5600/6358 5330/6140
f 5330/6141 5600/6359 5601/6360 5331/6142
f 5331/6142 5601/6360 5598/5489 5328/5395
f 5597/5545 5602/5595 5604/6361 5599/6357
f 5599/6357 5604/6361 5605/6362 5600/6358
f 5600/6359 5605/6363 5606/6364 5601/6360
f 5601/6360 5606/6364 5603/5491 5598/5489
f 5602/5595 5607/5601 5609/6365 5604/6361
f 5604/6361 5609/6365 5610/6366 5605/6362
f 5605/6363 5610/6367 5611/6368 5606/6364
f 5606/6364 5611/6368 5608/5493 5603/5491
f 5607/5601 5612/5602 5614/6369 5609/6365
f 5609/6365 5614/6369 5615/6370 5610/6366
f 5610/6367 5615/6371 5616/6372 5611/6368
f 5611/6368 5616/6372 5613/5495 5608/5493
f 5612/5602 5617/5603 5619/6373 5614/6369
f 5614/6369 5619/6373 5620/6374 5615/6370
f 5615/6371 5620/6375 5621/6376 5616/6372
f 5616/6372 5621/6376 5618/5497 5613/5495
f 5617/5603 5622/5604 5624/6377 5619/6373
f 5619/6373 5624/6377 5625/6378 5620/6374
f 5620/6375 5625/6379 5626/6380 5621/6376
f 5621/6376 5626/6380 5623/5499 5618/5497
f 5622/5604 5627/5605 5629/6381 5624/6377
f 5624/6377 5629/6381 5630/6382 5625/6378
f 5625/6379 5630/6383 5631/6384 5626/6380
f 5626/6380 5631/6384 5628/5501 5623/5499
f 5627/5605 5632/5606 5634/6385 5629/6381
f 5629/6381 5634/6385 5635/6386 5630/6382
f 5630/6383 5635/6387 5636/6388 5631/6384
f 5631/6384 5636/6388 5633/5503 5628/5501
f 5632/5606 5637/5607 5639/6389 5634/6385
f 5634/6385 5639/6389 5640/6390 5635/6386
f 5635/6387 5640/6391 5641/6392 5636/6388
f 5636/6388 5641/6392 5638/5505 5633/5503
f 5637/5607 5642/5563 5644/6393 5639/6389
f 5639/6389 5644/6393 5645/6394 5640/6390
f 5640/6391 5645/6395 5646/6396 5641/6392
f 5641/6392 5646/6396 5643/5507 5638/5505
f 5642/5563 5318/5387 5321/6128 5644/6393
f 5644/6393 5321/6128 5320/6130 5645/6394
f 5645/6395 5320/6131 5319/6134 5646/6396
f 5646/6396 5319/6134 5317/5390 5643/5507
f 5377/5618 5647/5609 5649/6397 5379/6175
f 5379/6175 5649/6397 5650/6398 5380/6177
f 5380/6180 5650/6399 5651/6400 5381/6181
f 5381/6181 5651/6400 5648/5509 5378/5358
f 5647/5609 5652/5608 5654/6401 5649/6397
f 5649/6397 5654/6401 5655/6402 5650/6398
f 5650/6399 5655/6403 5656/6404 5651/6400
f 5651/6400 5656/6404 5653/5511 5648/5509
f 5652/5608 5657/5611 5659/6405 5654/6401
f 5654/6401 5659/6405 5660/6406 5655/6402
f 5655/6403 5660/6407 5661/6408 5656/6404
f 5656/6404 5661/6408 5658/5513 5653/5511
f 5657/5611 5662/5612 5664/6409 5659/6405
f 5659/6405 5664/6409 5665/6410 5660/6406
f 5660/6407 5665/6411 5666/6412 5661/6408
f 5661/6408 5666/6412 5663/5515 5658/5513
f 5662/5612 5667/5613 5669/6413 5664/6409
f 5664/6409 5669/6413 5670/6414 5665/6410
f 5665/6411 5670/6415 5671/6416 5666/6412
f 5666/6412 5671/6416 5668/5517 5663/5515
f 5667/5613 5672/5614 5674/6417 5669/6413
f 5669/6413 5674/6417 5675/6418 5670/6414
f 5670/6415 5675/6419 5676/6420 5671/6416
f 5671/6416 5676/6420 5673/5519 5668/5517
f 5672/5614 5677/5615 5679/6421 5674/6417
f 5674/6417 5679/6421 5680/6422 5675/6418
f 5675/6419 5680/6423 5681/6424 5676/6420
f 5676/6420 5681/6424 5678/5521 5673/5519
f 5677/5615 5682/5616 5684/6425 5679/6421
f 5679/6421 5684/6425 5685/6426 5680/6422
f 5680/6423 5685/6427 5686/6428 5681/6424
f 5681/6424 5686/6428 5683/5523 5678/5521
f 5682/5616 5687/5617 5689/6429 5684/6425
f 5684/6425 5689/6429 5690/6430 5685/6426
f 5685/6427 5690/6431 5691/6432 5686/6428
f 5686/6428 5691/6432 5688/5525 5683/5523
f 5687/5617 5692/5600 5694/6433 5689/6429
f 5689/6429 5694/6433 5695/6434 5690/6430
f 5690/6431 5695/6435 5696/6436 5691/6432
f 5691/6432 5696/6436 5693/5527 5688/5525
f 5692/5600 5333/5599 5336/6143 5694/6433
f 5694/6433 5336/6143 5335/6144 5695/6434
f 5695/6435 5335/6145 5334/6146 5696/6436
f 5696/6436 5334/6146 5332/5397 5693/5527
f 5367/5552 5697/5553 5699/6437 5369/6171
f 5369/6171 5699/6437 5700/6438 5370/6172
f 5370/6173 5700/6439 5701/6440 5371/6174
f 5371/6174 5701/6440 5698/5529 5368/5409
f 5697/5553 5702/5555 5704/6441 5699/6437
f 5699/6437 5704/6441 5705/6442 5700/6438
f 5700/6439 5705/6443 5706/6444 5701/6440
f 5701/6440 5706/6444 5703/5411 5698/5529
f 5702/5555 5373/5554 5376/6176 5704/6441
f 5704/6441 5376/6176 5375/6178 5705/6442
f 5705/6443 5375/6179 5374/6182 5706/6444
f 5706/6444 5374/6182 5372/5357 5703/5411
f 4807/5386 5707/5542 5709/6445 4809/6127
f 4809/6127 5709/6445 5710/6446 4810/6129
f 4810/6132 5710/6447 5711/6448 4811/6133
f 4811/6133 5711/6448 5708/5531 4808/5391
f 5707/5542 5712/5557 5714/6449 5709/6445
f 5709/6445 5714/6449 5715/6450 5710/6446
f 5710/6447 5715/6451 5716/6452 5711/6448
f 5711/6448 5716/6452 5713/5413 5708/5531
f 5712/5557 5383/5556 5386/6184 5714/6449
f 5714/6449 5386/6184 5385/6186 5715/6450
f 5715/6451 5385/6187 5384/6190 5716/6452
f 5716/6452 5384/6190 5382/5363 5713/5413
f 5542/5597 5413/5544 5416/6207 5544/6307
f 5544/6307 5416/6207 5415/6208 5545/6309
f 5545/6312 5415/6209 5414/6210 5546/6313
f 5546/6313 5414/6210 5412/5423 5543/5469
f 5337/5535 5548/5587 5551/6316 5339/6147
f 5339/6147 5551/6316 5550/6318 5340/6148
f 5340/6149 5550/6319 5549/6322 5341/6150
f 5341/6150 5549/6322 5547/5472 5338/5399
f 5532/5585 5538/5584 5541/6308 5534/6299
f 5534/6299 5541/6308 5540/6310 5535/6301
f 5535/6304 5540/6311 5539/6314 5536/6305
f 5536/6305 5539/6314 5537/5468 5533/5465
f 5552/5586 5558/5588 5561/6324 5554/6315
f 5554/6315 5561/6324 5560/6326 5555/6317
f 5555/6320 5560/6327 5559/6330 5556/6321
f 5556/6321 5559/6330 5557/5476 5553/5473
f 5522/5583 5528/5582 5531/6300 5524/6291
f 5524/6291 5531/6300 5530/6302 5525/6293
f 5525/6296 5530/6303 5529/6306 5526/6297
f 5526/6297 5529/6306 5527/5464 5523/5461
f 5562/5590 5568/5589 5571/6332 5564/6323
f 5564/6323 5571/6332 5570/6334 5565/6325
f 5565/6328 5570/6335 5569/6338 5566/6329
f 5566/6329 5569/6338 5567/5480 5563/5477
f 5512/5581 5518/5580 5521/6292 5514/6283
f 5514/6283 5521/6292 5520/6294 5515/6285
f 5515/6288 5520/6295 5519/6298 5516/6289
f 5516/6289 5519/6298 5517/5460 5513/5457
f 5572/5592 5578/5591 5581/6340 5574/6331
f 5574/6331 5581/6340 5580/6342 5575/6333
f 5575/6336 5580/6343 5579/6346 5576/6337
f 5576/6337 5579/6346 5577/5484 5573/5481
f 5502/5578 5508/5579 5511/6284 5504/6275
f 5504/6275 5511/6284 5510/6286 5505/6277
f 5505/6280 5510/6287 5509/6290 5506/6281
f 5506/6281 5509/6290 5507/5456 5503/5453
f 5582/5594 5588/5593 5591/6348 5584/6339
f 5584/6339 5591/6348 5590/6350 5585/6341
f 5585/6344 5590/6351 5589/6354 5586/6345
f 5586/6345 5589/6354 5587/5487 5583/5485
f 5592/5565 5418/5564 5421/6212 5594/6347
f 5594/6347 5421/6212 5420/6214 5595/6349
f 5595/6352 5420/6215 5419/6218 5596/6353
f 5596/6353 5419/6218 5417/5369 5593/5425
f 5472/5576 5498/5577 5501/6276 5474/6255
f 5474/6255 5501/6276 5500/6278 5475/6256
f 5475/6257 5500/6279 5499/6282 5476/6258
f 5476/6258 5499/6282 5497/5452 5473/5443
f 4702/4576 4182/4852 4867/5291 4798/5268
f 5138/5950 5132/5941 4722/5482 4721/5486
f 5058/5870 5052/5861 4736/5450 4735/5455
f 5128/5940 5122/5931 4724/5478 4723/5483
f 5068/5880 5062/5871 4734/5454 4733/5459
f 5118/5930 5112/5921 4726/5474 4725/5479
f 5078/5890 5072/5881 4732/5458 4731/5463
f 5108/5920 5102/5911 4728/5470 4727/5475
f 5088/5900 5082/5891 4730/5462 4729/5467
f 5098/5910 4887/5702 4787/5398 4774/5471
f 4963/5777 5092/5901 4753/5466 4779/5422
f 5262/6078 5257/6073 4794/5530 4760/5412
f 5257/6073 4797/5678 4796/5388 4794/5530
f 5252/6068 5247/6063 4766/5528 4764/5410
f 5247/6063 4917/5732 4767/5408 4766/5528
f 4883/5697 5242/6058 4775/5526 4777/5396
f 5242/6058 5237/6053 4703/5524 4775/5526
f 5237/6053 5232/6048 4704/5522 4703/5524
f 5232/6048 5227/6043 4705/5520 4704/5522
f 5227/6043 5222/6038 4706/5518 4705/5520
f 5222/6038 5217/6033 4708/5516 4706/5518
f 5217/6033 5212/6028 4709/5514 4708/5516
f 5212/6028 5207/6023 4710/5512 4709/5514
f 5207/6023 5202/6018 4711/5510 4710/5512
f 5202/6018 5197/6013 4762/5508 4711/5510
f 5197/6013 4927/5738 4763/5355 4762/5508
f 4868/5677 5192/6008 4778/5506 4795/5389
f 5192/6008 5187/6003 4712/5504 4778/5506
f 5187/6003 5182/5998 4713/5502 4712/5504
f 5182/5998 5177/5993 4714/5500 4713/5502
f 5177/5993 5172/5988 4715/5498 4714/5500
f 5172/5988 5167/5983 4716/5496 4715/5498
f 5167/5983 5162/5978 4718/5494 4716/5496
f 5162/5978 5157/5973 4719/5492 4718/5494
f 5157/5973 5152/5968 4720/5490 4719/5492
f 5152/5968 5147/5963 4776/5488 4720/5490
f 5147/5963 4877/5692 4780/5394 4776/5488
f 5038/5851 4992/5807 4746/5432 4745/5448
f 5028/5841 4957/5772 4755/5420 4754/5445
f 5142/5951 5138/5950 4721/5486 4751/5424
f 5132/5941 5128/5940 4723/5483 4722/5482
f 5122/5931 5118/5930 4725/5479 4724/5478
f 5112/5921 5108/5920 4727/5475 4726/5474
f 5102/5911 5098/5910 4774/5471 4728/5470
f 5092/5901 5088/5900 4729/5467 4753/5466
f 5082/5891 5078/5890 4731/5463 4730/5462
f 5072/5881 5068/5880 4733/5459 4732/5458
f 5062/5871 5058/5870 4735/5455 4734/5454
f 5052/5861 5048/5619 4737/5451 4736/5450
f 5042/5852 5038/5851 4745/5448 4743/5434
f 5032/5842 5028/5841 4754/5445 4772/5444
f 5022/5620 5017/5832 4739/5440 4738/5442
f 5017/5832 5012/5827 4740/5438 4739/5440
f 5012/5827 5007/5822 4741/5436 4740/5438
f 5007/5822 5002/5813 4742/5324 4741/5436
f 4998/5812 5042/5852 4743/5434 4744/5325
f 4992/5807 4987/5802 4747/5430 4746/5432
f 4987/5802 4982/5797 4748/5428 4747/5430
f 4982/5797 4977/5792 4749/5426 4748/5428
f 4977/5792 4972/5783 4750/5367 4749/5426
f 4968/5782 5142/5951 4751/5424 4752/5368
f 4863/5672 4963/5777 4779/5422 4792/5373
f 4957/5772 4952/5767 4756/5418 4755/5420
f 4952/5767 4947/5762 4757/5416 4756/5418
f 4947/5762 4942/5757 4758/5414 4757/5416
f 4942/5757 4937/5748 4759/5361 4758/5414
f 4933/5747 5262/6078 4760/5412 4761/5362
f 4923/5737 5252/6068 4764/5410 4765/5356
f 4917/5732 4912/5727 4768/5406 4767/5408
f 4912/5727 4907/5722 4769/5404 4768/5406
f 4907/5722 4902/5717 4770/5402 4769/5404
f 4902/5717 4897/5708 4771/5329 4770/5402
f 4893/5707 5032/5960 4772/5400 4773/5330
f 4887/5702 4822/5623 4788/5254 4787/5398
f 4873/5687 4883/5697 4777/5396 4781/5392
f 4877/5692 4857/5667 4782/5384 4780/5394
f 4853/5662 4873/5687 4781/5392 4783/5382
f 4797/5678 4868/5677 4795/5389 4796/5388
f 4857/5667 4847/5657 4784/5380 4782/5384
f 4843/5652 4853/5662 4783/5382 4785/5378
f 4847/5657 4837/5647 4786/5376 4784/5380
f 4833/5642 4843/5652 4785/5378 4789/5371
f 4837/5647 4827/5633 4791/5264 4786/5376
f 4803/5632 4863/5672 4792/5373 4793/5265
f 4818/5622 4833/5642 4789/5371 4790/5255
f 4972/5783 4968/5782 4752/5368 4750/5367
f 4937/5748 4933/5747 4761/5362 4759/5361
f 4927/5738 4923/5737 4765/5356 4763/5355
f 4897/5708 4893/5707 4773/5330 4771/5329
f 5002/5813 4998/5812 4744/5325 4742/5324
f 4827/5633 4803/5632 4793/5265 4791/5264
f 4822/5623 4818/5622 4790/5255 4788/5254
